{
"type": "FeatureCollection",
"name": "priority_decisions",
"crs": { "type": "name", "properties": { "name": "urn:ogc:def:crs:OGC:1.3:CRS84" } },
"features": [
{ "type": "Feature", "properties": { "vlcode": "555174", "village": "Sakhar", "subdistric": "Poladpur", "population": 879.0, "multihazard_priority_100": 84.482595073556752, "multihazard_priority_percentile": 100.0, "dominant_hazard": "Landslide-dominant", "decision_status": "Recommended", "decision_reason": "Capacity-feasible strict candidate identified", "patch_id": 4165.0, "recommendation_status": "Suitable Candidate", "area_ha": 49.371339690821166, "required_area_ha": 8.79, "capacity_ratio": 5.6167621946326687, "distance_km": 16.327355076209162, "site_flood": 43.629325866699219, "site_landslide": 15.431212425231934, "site_slope_deg": 2.1298568248748779, "site_road_dist_m": 1340.3326416015625, "final_feasibility_score": 71.063425504316285 }, "geometry": { "type": "MultiPolygon", "coordinates": [ [ [ [ 73.546715664995148, 18.005708888184138 ], [ 73.549173540080488, 18.005435304241509 ], [ 73.551058857979811, 18.00570352486028 ], [ 73.553895322157175, 18.006649130722717 ], [ 73.556343435432808, 18.00813846023182 ], [ 73.55806386882152, 18.009494007789723 ], [ 73.559450768157078, 18.009972651796208 ], [ 73.561381078312692, 18.010288393657667 ], [ 73.560831680124565, 18.005852478269432 ], [ 73.560632380213548, 17.999680330865221 ], [ 73.560711188380083, 17.995870305580446 ], [ 73.561150266491069, 17.991958594951932 ], [ 73.557143363994101, 17.989989870493837 ], [ 73.554337802809457, 17.988434033524442 ], [ 73.552667356050847, 17.987641531394459 ], [ 73.551502623516683, 17.986779396107305 ], [ 73.550731614559481, 17.986585081905663 ], [ 73.548811704852497, 17.986670334635527 ], [ 73.547318033698559, 17.986552129509533 ], [ 73.546141593260984, 17.985963542299174 ], [ 73.545585349776687, 17.984833208943712 ], [ 73.545191109110547, 17.984169186590623 ], [ 73.544491727837496, 17.9836433519189 ], [ 73.54269897054661, 17.983468663415994 ], [ 73.541675677345509, 17.983551117110544 ], [ 73.54032968270964, 17.983676914375579 ], [ 73.540960433427017, 17.984159479049271 ], [ 73.541641549424, 17.985255894589127 ], [ 73.541929362372215, 17.987162002536042 ], [ 73.541442053492673, 17.99037983362151 ], [ 73.540895144950028, 17.992790065163664 ], [ 73.540205979556632, 17.994197798274207 ], [ 73.53932340266303, 17.995905177161131 ], [ 73.537999683960265, 17.997038354743076 ], [ 73.537419018386771, 17.998217881347514 ], [ 73.537663407283944, 17.998912656701556 ], [ 73.538735922961877, 17.999301153390125 ], [ 73.540628036444019, 17.999584274516764 ], [ 73.54188507906423, 17.999874000892618 ], [ 73.542038857452425, 18.000570891323967 ], [ 73.54200747820515, 18.00136845535723 ], [ 73.541337670175352, 18.002269150288267 ], [ 73.540379841178805, 18.003568769243195 ], [ 73.539744857792542, 18.005858316457154 ], [ 73.53942918061594, 18.006952050819834 ], [ 73.539590835731076, 18.007447415597177 ], [ 73.540655188536661, 18.008670372633414 ], [ 73.54158058501001, 18.00955193887275 ], [ 73.543332167681015, 18.00766764688969 ], [ 73.544852606764877, 18.006386307566935 ], [ 73.546715664995148, 18.005708888184138 ] ] ] ] } },
{ "type": "Feature", "properties": { "vlcode": "555194", "village": "Wakan", "subdistric": "Poladpur", "population": 1661.0, "multihazard_priority_100": 84.439590322115393, "multihazard_priority_percentile": 99.946120689655174, "dominant_hazard": "Landslide-dominant", "decision_status": "Recommended", "decision_reason": "Capacity-feasible strict candidate identified", "patch_id": 4165.0, "recommendation_status": "Suitable Candidate", "area_ha": 49.371339690821166, "required_area_ha": 16.61, "capacity_ratio": 2.9723864955340851, "distance_km": 20.933744723017799, "site_flood": 43.629325866699219, "site_landslide": 15.431212425231934, "site_slope_deg": 2.1298568248748779, "site_road_dist_m": 1340.3326416015625, "final_feasibility_score": 66.917674822188516 }, "geometry": { "type": "MultiPolygon", "coordinates": [ [ [ [ 73.530921502098892, 17.976284355377185 ], [ 73.531658585742065, 17.975963781038143 ], [ 73.53289896001256, 17.976636107869545 ], [ 73.534572799082014, 17.977803322212832 ], [ 73.536955711853665, 17.979362289752519 ], [ 73.537539443447727, 17.979508851119753 ], [ 73.539554547588494, 17.980017035058122 ], [ 73.541455161394452, 17.979982534621744 ], [ 73.543185491612178, 17.979649549577644 ], [ 73.544018687800147, 17.979129928907902 ], [ 73.546232778558831, 17.975544254671757 ], [ 73.546461200928931, 17.974984607888537 ], [ 73.547954073624297, 17.971315382376925 ], [ 73.54903192646124, 17.968106460153585 ], [ 73.54978393662455, 17.966576728849052 ], [ 73.548709515559565, 17.965286118200748 ], [ 73.548229889198481, 17.964104540119781 ], [ 73.54774967132964, 17.962236767725379 ], [ 73.54768088266249, 17.961969234340305 ], [ 73.547415054144523, 17.960661759253671 ], [ 73.545803011436874, 17.958914659418948 ], [ 73.543373865463323, 17.956321705569707 ], [ 73.541676819440212, 17.954230915253003 ], [ 73.54046545217507, 17.952786411021155 ], [ 73.539351089122547, 17.952290775434044 ], [ 73.534944925651644, 17.95271539307782 ], [ 73.53245712705187, 17.952230086832326 ], [ 73.533592866244604, 17.950156939462921 ], [ 73.536212427715284, 17.942858694883938 ], [ 73.536959526386511, 17.940175434627413 ], [ 73.53687228840603, 17.939819233243949 ], [ 73.536253299085672, 17.939733359761952 ], [ 73.535310307980012, 17.93990620260605 ], [ 73.534233792048241, 17.940686081095755 ], [ 73.531713467000614, 17.943334761148222 ], [ 73.526532451348203, 17.946933301005615 ], [ 73.522031303632559, 17.949168787272853 ], [ 73.518630380529373, 17.95016059303574 ], [ 73.515862237439137, 17.95099955584983 ], [ 73.514559515555476, 17.951882516395436 ], [ 73.51224080006854, 17.952275998462387 ], [ 73.51170325003136, 17.954700127382569 ], [ 73.510664043438993, 17.957606009476297 ], [ 73.509277902455452, 17.960252699202602 ], [ 73.5082742399605, 17.961155488006682 ], [ 73.506817779395931, 17.962736370234357 ], [ 73.50520193358733, 17.963857963964795 ], [ 73.504393809854648, 17.964417859862358 ], [ 73.504315167477628, 17.964973794036037 ], [ 73.50452550758331, 17.965624702584734 ], [ 73.505386660659568, 17.966514199165257 ], [ 73.505660546675315, 17.967096960645357 ], [ 73.505639258969723, 17.967559066623306 ], [ 73.505316674524991, 17.968032341772314 ], [ 73.504460681534823, 17.968327732563406 ], [ 73.504083810763376, 17.96867085849064 ], [ 73.504171090504101, 17.969391361643709 ], [ 73.5049548405499, 17.970678482109012 ], [ 73.506218179816429, 17.972015095927205 ], [ 73.506893908550524, 17.973044228503849 ], [ 73.507648144969977, 17.974676164922471 ], [ 73.509486968839411, 17.973438592116985 ], [ 73.514018295192585, 17.971396047874684 ], [ 73.517081367984176, 17.969695121929089 ], [ 73.518626579548467, 17.969542071735489 ], [ 73.519510950639472, 17.970012045857185 ], [ 73.519834324830569, 17.970901367369628 ], [ 73.519609749898351, 17.971908423036453 ], [ 73.51907445543003, 17.973823100620503 ], [ 73.518465800290713, 17.975338269416042 ], [ 73.518825236711848, 17.977520005468303 ], [ 73.51975534623601, 17.979087163281832 ], [ 73.520916402012446, 17.979744490239884 ], [ 73.522089156418559, 17.979620989729607 ], [ 73.523120538165543, 17.978794986759269 ], [ 73.523299221921945, 17.976692718111206 ], [ 73.523590026767948, 17.97408411001182 ], [ 73.523657775839652, 17.972480064637981 ], [ 73.524511320625095, 17.971551393990925 ], [ 73.524968454458275, 17.971436731654872 ], [ 73.526512329939777, 17.971288151789487 ], [ 73.527651909367719, 17.972157265841041 ], [ 73.527469767152866, 17.974371074982823 ], [ 73.526756677019819, 17.976295728136318 ], [ 73.526055878437319, 17.977916438658024 ], [ 73.526195924871615, 17.978912937198992 ], [ 73.526801948166494, 17.979597336652141 ], [ 73.527680246324465, 17.980275428365744 ], [ 73.529048850259173, 17.980041806716443 ], [ 73.530008385655535, 17.978715872770398 ], [ 73.530435883202927, 17.977100143932237 ], [ 73.530921502098892, 17.976284355377185 ] ] ] ] } },
{ "type": "Feature", "properties": { "vlcode": "555109", "village": "Narvan", "subdistric": "Mahad", "population": 865.0, "multihazard_priority_100": 84.423753507433048, "multihazard_priority_percentile": 99.892241379310349, "dominant_hazard": "Flood-dominant", "decision_status": "No Capacity-Feasible Site", "decision_reason": "Strict candidate sites were identified within 25 km, but none met the prototype land-capacity requirement.", "patch_id": 3966.0, "recommendation_status": "Rejected", "area_ha": 6.4357426040103487, "required_area_ha": 8.65, "capacity_ratio": 0.74401648601275705, "distance_km": 22.549810787196275, "site_flood": 41.238719940185547, "site_landslide": 14.020320892333984, "site_slope_deg": 1.7864121198654177, "site_road_dist_m": 2097.66748046875, "final_feasibility_score": 12.622135038985949 }, "geometry": { "type": "MultiPolygon", "coordinates": [ [ [ [ 73.378672243964658, 18.060353654789122 ], [ 73.379203053340561, 18.0593297991926 ], [ 73.379708068752436, 18.05741323548984 ], [ 73.379587381130847, 18.056064590811321 ], [ 73.379116841321476, 18.053942896436165 ], [ 73.379070592449025, 18.053281767206656 ], [ 73.379009425031612, 18.052403791482536 ], [ 73.378716886485037, 18.050671463093334 ], [ 73.378037322440306, 18.048832432482978 ], [ 73.37820645171449, 18.046060854468475 ], [ 73.380365644621108, 18.042996521941522 ], [ 73.380609886094291, 18.042228145379443 ], [ 73.381837966605545, 18.041457178108821 ], [ 73.382933962434905, 18.041218435041607 ], [ 73.383139470898627, 18.039628762685357 ], [ 73.384467955327636, 18.035856752918491 ], [ 73.385006973807009, 18.03010785375989 ], [ 73.385170455276423, 18.029424718518051 ], [ 73.384497386184506, 18.029378991586025 ], [ 73.383053081427207, 18.029231585272274 ], [ 73.381586316225494, 18.029441608450526 ], [ 73.380824043801852, 18.029991801446322 ], [ 73.3802315530491, 18.030714678153053 ], [ 73.379079941441233, 18.031620478489749 ], [ 73.377574662965301, 18.032348328738845 ], [ 73.374779808944965, 18.033256223051669 ], [ 73.371125530898496, 18.033800861305377 ], [ 73.371043565012783, 18.037132442585946 ], [ 73.370523999363741, 18.042063153748604 ], [ 73.369868988874558, 18.044186431789857 ], [ 73.369830950260948, 18.04448280238697 ], [ 73.36988096483951, 18.044812031964952 ], [ 73.369964400676608, 18.045142039609239 ], [ 73.370047835920047, 18.045472048259914 ], [ 73.370152129910011, 18.045884557627161 ], [ 73.370277282162547, 18.046379565962308 ], [ 73.370432421894705, 18.046909393592067 ], [ 73.370584961597672, 18.047261358318593 ], [ 73.370707753118651, 18.047533742700359 ], [ 73.370848085871671, 18.047845040427369 ], [ 73.371005961147077, 18.048195249721822 ], [ 73.371128751498333, 18.048467634046546 ], [ 73.371251543303018, 18.048740018435407 ], [ 73.371391875831875, 18.04905131339293 ], [ 73.371532374839759, 18.049362571801712 ], [ 73.371690545820968, 18.049712711820035 ], [ 73.371848717623919, 18.05006285187239 ], [ 73.371989314894009, 18.050374086253509 ], [ 73.372129911901453, 18.05068531970284 ], [ 73.372270508601005, 18.050996553135981 ], [ 73.372411105904931, 18.051307787511508 ], [ 73.372586852626014, 18.051696827728883 ], [ 73.372779747746605, 18.05212470762396 ], [ 73.372947377393416, 18.05251255835196 ], [ 73.373095937675231, 18.052861284719537 ], [ 73.373211484525783, 18.05313251706308 ], [ 73.373327030929289, 18.053403748479589 ], [ 73.373459084569959, 18.053713726495289 ], [ 73.373591137860984, 18.054023704509159 ], [ 73.37372319180443, 18.054333681648771 ], [ 73.373888258514341, 18.054721150995825 ], [ 73.374053325171147, 18.05510862127991 ], [ 73.374199615449285, 18.055458036566289 ], [ 73.374327337814719, 18.055944500857773 ], [ 73.374394190760526, 18.056318191606142 ], [ 73.374453616696982, 18.05665036054922 ], [ 73.374513040099927, 18.056982528606682 ], [ 73.37457246479795, 18.057314695950996 ], [ 73.374624460344194, 18.057605342219777 ], [ 73.374672006724467, 18.057938558955968 ], [ 73.374661652024102, 18.058319071889734 ], [ 73.374641888717434, 18.058658238946556 ], [ 73.374619654957328, 18.059039800508309 ], [ 73.374597422073577, 18.059421361436005 ], [ 73.374612738629096, 18.059753394524812 ], [ 73.374768380732888, 18.060056896901681 ], [ 73.374935717467196, 18.060358024125371 ], [ 73.375103053079968, 18.06065915030775 ], [ 73.375249471590237, 18.060922634159326 ], [ 73.375416807692943, 18.061223759308749 ], [ 73.375628842623627, 18.061538788335813 ], [ 73.375878316168169, 18.061699415996866 ], [ 73.37617248846486, 18.061873948869405 ], [ 73.376466659609022, 18.062048481118794 ], [ 73.376763619664771, 18.06221465770307 ], [ 73.376993682319423, 18.062362144354438 ], [ 73.378313248142987, 18.061045533706679 ], [ 73.378672243964658, 18.060353654789122 ] ] ] ] } },
{ "type": "Feature", "properties": { "vlcode": "555122", "village": "Bhomjai", "subdistric": "Mahad", "population": 576.0, "multihazard_priority_100": 79.646151666974674, "multihazard_priority_percentile": 99.838362068965509, "dominant_hazard": "Flood-dominant", "decision_status": "No Capacity-Feasible Site", "decision_reason": "Strict candidate sites were identified within 25 km, but none met the prototype land-capacity requirement.", "patch_id": 4206.0, "recommendation_status": "Rejected", "area_ha": 6.2518642439020393, "required_area_ha": 5.76, "capacity_ratio": 1.0853930978996595, "distance_km": 24.89631267119708, "site_flood": 43.11505126953125, "site_landslide": 16.033063888549805, "site_slope_deg": 3.886562824249268, "site_road_dist_m": 2723.030517578125, "final_feasibility_score": 11.694152182906636 }, "geometry": { "type": "MultiPolygon", "coordinates": [ [ [ [ 73.401535382652355, 18.008207244359191 ], [ 73.401293882486556, 18.00211978794729 ], [ 73.401150120362999, 18.000351721216742 ], [ 73.400684586437805, 17.994680279389463 ], [ 73.400436935904594, 17.989723046436467 ], [ 73.397423036960078, 17.989898920202908 ], [ 73.396487600286179, 17.990710280755536 ], [ 73.393362406249977, 17.992048891521097 ], [ 73.391348293634962, 17.992755786321414 ], [ 73.389892750112978, 17.993053895800752 ], [ 73.388792850701208, 17.993511730308004 ], [ 73.387839356112224, 17.994881204710296 ], [ 73.387551185272613, 17.99766496462551 ], [ 73.387628887393092, 18.000229817970883 ], [ 73.388465551029469, 18.001821809885165 ], [ 73.389317019087045, 18.003050141381667 ], [ 73.390719186424548, 18.004064806384253 ], [ 73.392333737346092, 18.004336943697904 ], [ 73.393428499329147, 18.00408921381938 ], [ 73.394720084157456, 18.00346131854721 ], [ 73.396004396109873, 18.003019337218209 ], [ 73.397092507141295, 18.002960074848229 ], [ 73.397968902650987, 18.003656696299689 ], [ 73.398633074631746, 18.005109593910475 ], [ 73.399644269333379, 18.00691972561145 ], [ 73.401535382652355, 18.008207244359191 ] ] ] ] } },
{ "type": "Feature", "properties": { "vlcode": "554952", "village": "Pangaloli", "subdistric": "Mhasla", "population": 1674.0, "multihazard_priority_100": 79.39778368875146, "multihazard_priority_percentile": 99.784482758620683, "dominant_hazard": "Landslide-dominant", "decision_status": "Recommended", "decision_reason": "Capacity-feasible strict candidate identified", "patch_id": 4286.0, "recommendation_status": "Strong Candidate", "area_ha": 125.77279831849096, "required_area_ha": 16.74, "capacity_ratio": 7.5133093380221592, "distance_km": 13.685591975833496, "site_flood": 39.082473754882812, "site_landslide": 16.225446701049805, "site_slope_deg": 1.600567102432251, "site_road_dist_m": 2215.3359375, "final_feasibility_score": 71.261542072309098 }, "geometry": { "type": "MultiPolygon", "coordinates": [ [ [ [ 73.167793851743269, 18.050748492980315 ], [ 73.167407711067611, 18.050280930430418 ], [ 73.165575216756793, 18.050324659450155 ], [ 73.16295379326121, 18.051942902018205 ], [ 73.161123339104364, 18.054576701601086 ], [ 73.160620131173161, 18.056298348357267 ], [ 73.159695150542959, 18.058174697938554 ], [ 73.159338814399632, 18.059655907721051 ], [ 73.159186207980085, 18.060921706797139 ], [ 73.15923440318987, 18.061826856147356 ], [ 73.159000797140578, 18.064012037184956 ], [ 73.157787185142325, 18.065612991844951 ], [ 73.157476992529098, 18.067297650214641 ], [ 73.157447437989745, 18.069278314438524 ], [ 73.158244951307964, 18.07399585346813 ], [ 73.158639633830731, 18.07856269859003 ], [ 73.158964941701356, 18.080187113630096 ], [ 73.159683360221408, 18.080502003532043 ], [ 73.163133868749028, 18.081784039635906 ], [ 73.166116856865685, 18.083150355171306 ], [ 73.168135706413921, 18.085514215296033 ], [ 73.169536409909881, 18.086386557945918 ], [ 73.171239638860797, 18.087142376790819 ], [ 73.172660755596397, 18.087749427066605 ], [ 73.174559818964525, 18.087851550313999 ], [ 73.176799864110734, 18.087308176540354 ], [ 73.179341006069038, 18.086646737793089 ], [ 73.180392417583121, 18.086304216785258 ], [ 73.180431894210145, 18.085776928262394 ], [ 73.179573178829912, 18.079789602749706 ], [ 73.177216266727783, 18.076234679283147 ], [ 73.175184292790235, 18.073994775871189 ], [ 73.173259544451952, 18.072284113959324 ], [ 73.17193825935783, 18.070478662423774 ], [ 73.171366073031493, 18.068588395888177 ], [ 73.169918121532888, 18.063646428934366 ], [ 73.169885524517852, 18.061050548509737 ], [ 73.170395416237639, 18.058459599983113 ], [ 73.171448063681638, 18.056555404581871 ], [ 73.170494092975986, 18.055069105430753 ], [ 73.169525413792456, 18.053436177479405 ], [ 73.16859937541642, 18.052062937620345 ], [ 73.167793851743269, 18.050748492980315 ] ] ] ] } },
{ "type": "Feature", "properties": { "vlcode": "555168", "village": "Wazarwadi", "subdistric": "Poladpur", "population": 799.0, "multihazard_priority_100": 79.194623150849935, "multihazard_priority_percentile": 99.730603448275872, "dominant_hazard": "Landslide-dominant", "decision_status": "Recommended", "decision_reason": "Capacity-feasible strict candidate identified", "patch_id": 4165.0, "recommendation_status": "Suitable Candidate", "area_ha": 49.371339690821166, "required_area_ha": 7.99, "capacity_ratio": 6.1791413880877544, "distance_km": 18.055538591469329, "site_flood": 43.629325866699219, "site_landslide": 15.431212425231934, "site_slope_deg": 2.1298568248748779, "site_road_dist_m": 1340.3326416015625, "final_feasibility_score": 69.508060340582119 }, "geometry": { "type": "MultiPolygon", "coordinates": [ [ [ [ 73.479635529301149, 18.011201034148158 ], [ 73.48063857249636, 18.011178917399935 ], [ 73.481798416096396, 18.011734412476788 ], [ 73.482854305759446, 18.012583187545296 ], [ 73.483840246578936, 18.012949900682578 ], [ 73.484578103153538, 18.012740884572668 ], [ 73.485258732913124, 18.011757698370751 ], [ 73.485761317461694, 18.010680650236562 ], [ 73.486963472128366, 18.01026722944038 ], [ 73.488226979055781, 18.010531954382113 ], [ 73.488657283446827, 18.011105506758067 ], [ 73.488610604734475, 18.012174027247969 ], [ 73.489036740553374, 18.012844821431173 ], [ 73.489766014605124, 18.012830532887843 ], [ 73.490702996537465, 18.012229723260962 ], [ 73.493053837677678, 18.010531690439898 ], [ 73.495760595766768, 18.009018930660815 ], [ 73.497960449600043, 18.008684010806405 ], [ 73.500871970066072, 18.008726772042266 ], [ 73.503107512441076, 18.009662843244527 ], [ 73.50434097352516, 18.010618343273595 ], [ 73.505918043645082, 18.012057913665171 ], [ 73.506613429616465, 18.012828615930701 ], [ 73.507068962851022, 18.012821714248727 ], [ 73.508083637317526, 18.012513321700144 ], [ 73.509023831113169, 18.011814842498516 ], [ 73.509570387642157, 18.011806735975977 ], [ 73.510377707236941, 18.012088477641573 ], [ 73.512096734373543, 18.012928542106664 ], [ 73.512501763927077, 18.011372933385562 ], [ 73.513218130831206, 18.009500541836957 ], [ 73.514567533379918, 18.00771453208548 ], [ 73.516193792215958, 18.005823352425296 ], [ 73.51785235070956, 18.003868817886207 ], [ 73.517653942720557, 18.003537697365338 ], [ 73.517023269273395, 18.002138200451359 ], [ 73.516156176568259, 18.000213590585677 ], [ 73.514961210407535, 17.998363333903768 ], [ 73.512787040190787, 17.99604174426501 ], [ 73.510199331181127, 17.994915368837123 ], [ 73.50752504591685, 17.993696832597188 ], [ 73.505371168253376, 17.993059755365614 ], [ 73.503377714532135, 17.992912042259899 ], [ 73.501913557244677, 17.992195187074586 ], [ 73.499824084902272, 17.992691463216232 ], [ 73.495709409431399, 17.993190060515179 ], [ 73.489254468809236, 17.993070565584695 ], [ 73.486980301735912, 17.993035889126205 ], [ 73.48586454360327, 17.993554222114003 ], [ 73.484891779296063, 17.994944699727711 ], [ 73.483215612969531, 17.997811362193143 ], [ 73.482182661363041, 18.000559071657733 ], [ 73.480468965640469, 18.004289357128496 ], [ 73.47881162803067, 18.00675179528934 ], [ 73.477466551115128, 18.008332297737468 ], [ 73.475968942849519, 18.009237759306224 ], [ 73.473646972539626, 18.009718119472595 ], [ 73.473886282024623, 18.01015064004293 ], [ 73.474191744077018, 18.011495759133673 ], [ 73.474282921107047, 18.01356547596929 ], [ 73.47747444372375, 18.012699084713223 ], [ 73.478403347343288, 18.012292062154092 ], [ 73.478980210269526, 18.011602458356194 ], [ 73.479635529301149, 18.011201034148158 ] ] ] ] } },
{ "type": "Feature", "properties": { "vlcode": "555186", "village": "Deole", "subdistric": "Poladpur", "population": 600.0, "multihazard_priority_100": 78.896044420553196, "multihazard_priority_percentile": 99.676724137931032, "dominant_hazard": "Landslide-dominant", "decision_status": "Recommended", "decision_reason": "Capacity-feasible strict candidate identified", "patch_id": 4165.0, "recommendation_status": "Suitable Candidate", "area_ha": 49.371339690821166, "required_area_ha": 6.0, "capacity_ratio": 8.2285566151368599, "distance_km": 18.69404176075092, "site_flood": 43.629325866699219, "site_landslide": 15.431212425231934, "site_slope_deg": 2.1298568248748779, "site_road_dist_m": 1340.3326416015625, "final_feasibility_score": 68.933407488228696 }, "geometry": { "type": "MultiPolygon", "coordinates": [ [ [ [ 73.561327297571836, 17.98015116778074 ], [ 73.561438002706467, 17.979762117638174 ], [ 73.561972976876831, 17.978132255436481 ], [ 73.563713412479458, 17.974383117014145 ], [ 73.56474191451602, 17.970487878855934 ], [ 73.564761269498888, 17.968230899505127 ], [ 73.564330801921642, 17.967443322891256 ], [ 73.564203080969548, 17.967209582776377 ], [ 73.563116303752039, 17.966379605306781 ], [ 73.561872308750083, 17.965844884587415 ], [ 73.558344238631548, 17.964732128178106 ], [ 73.55531196293164, 17.964577581822759 ], [ 73.553514189100113, 17.964816014910863 ], [ 73.550302083697304, 17.966108101572008 ], [ 73.54978393662455, 17.966576728849052 ], [ 73.54903192646124, 17.968106460153585 ], [ 73.547954073624297, 17.971315382376925 ], [ 73.546461200928931, 17.974984607888537 ], [ 73.550036084800226, 17.976633686655376 ], [ 73.553874520051195, 17.978853354716101 ], [ 73.556851518048418, 17.979844613638154 ], [ 73.559746515267094, 17.980274386560307 ], [ 73.561327297571836, 17.98015116778074 ] ] ] ] } },
{ "type": "Feature", "properties": { "vlcode": "555172", "village": "Cholai", "subdistric": "Poladpur", "population": 398.0, "multihazard_priority_100": 78.683903967418971, "multihazard_priority_percentile": 99.622844827586206, "dominant_hazard": "Mixed", "decision_status": "Recommended", "decision_reason": "Capacity-feasible strict candidate identified", "patch_id": 4165.0, "recommendation_status": "Suitable Candidate", "area_ha": 49.371339690821166, "required_area_ha": 3.98, "capacity_ratio": 12.404859218799286, "distance_km": 22.339328197882651, "site_flood": 43.629325866699219, "site_landslide": 15.431212425231934, "site_slope_deg": 2.1298568248748779, "site_road_dist_m": 1340.3326416015625, "final_feasibility_score": 65.652649694810123 }, "geometry": { "type": "MultiPolygon", "coordinates": [ [ [ [ 73.474756431658221, 17.982526075518329 ], [ 73.472098783338666, 17.981162793610238 ], [ 73.471298773166112, 17.980703549941584 ], [ 73.469816367485052, 17.979198249816296 ], [ 73.468629921231269, 17.977197270739531 ], [ 73.467029881289676, 17.975133257755569 ], [ 73.464653083406787, 17.969888153026062 ], [ 73.462492363149067, 17.971050124632786 ], [ 73.457913216774429, 17.973512624994836 ], [ 73.461309142205977, 17.977397415264338 ], [ 73.463473220027879, 17.980035892993932 ], [ 73.465405628605893, 17.98171498587185 ], [ 73.466162365787511, 17.982533299180506 ], [ 73.467315096360579, 17.983724040670225 ], [ 73.468078729691072, 17.985121598799232 ], [ 73.471344849270679, 17.985500825420807 ], [ 73.474269849127722, 17.985649393510204 ], [ 73.47450002604937, 17.984175436654752 ], [ 73.474756431658221, 17.982526075518329 ] ] ] ] } },
{ "type": "Feature", "properties": { "vlcode": "555195", "village": "Kapade Kh", "subdistric": "Poladpur", "population": 1013.0, "multihazard_priority_100": 77.859170723273024, "multihazard_priority_percentile": 99.568965517241381, "dominant_hazard": "Landslide-dominant", "decision_status": "Recommended", "decision_reason": "Capacity-feasible strict candidate identified", "patch_id": 4165.0, "recommendation_status": "Suitable Candidate", "area_ha": 49.371339690821166, "required_area_ha": 10.13, "capacity_ratio": 4.873774895441378, "distance_km": 23.127217552237767, "site_flood": 43.629325866699219, "site_landslide": 15.431212425231934, "site_slope_deg": 2.1298568248748779, "site_road_dist_m": 1340.3326416015625, "final_feasibility_score": 64.943549275890533 }, "geometry": { "type": "MultiPolygon", "coordinates": [ [ [ [ 73.535310307980012, 17.93990620260605 ], [ 73.536253299085672, 17.939733359761952 ], [ 73.53687228840603, 17.939819233243949 ], [ 73.536959526386511, 17.940175434627413 ], [ 73.536212427715284, 17.942858694883938 ], [ 73.533592866244604, 17.950156939462921 ], [ 73.53245712705187, 17.952230086832326 ], [ 73.534944925651644, 17.95271539307782 ], [ 73.539351089122547, 17.952290775434044 ], [ 73.54046545217507, 17.952786411021155 ], [ 73.541365189372627, 17.9493372126691 ], [ 73.543813148137161, 17.945502068954546 ], [ 73.547327210155572, 17.940868341636413 ], [ 73.549989157925381, 17.939171831687094 ], [ 73.552781144055288, 17.936485871928141 ], [ 73.554899822586407, 17.934933437471567 ], [ 73.557121826719495, 17.933007821822159 ], [ 73.559810130395832, 17.932049358846161 ], [ 73.561552092068894, 17.931616583540574 ], [ 73.562473703849008, 17.931083752543682 ], [ 73.562610306094285, 17.930781082264819 ], [ 73.562986042589046, 17.929928807095752 ], [ 73.563506380699479, 17.925870690992049 ], [ 73.564244645975236, 17.920938268363443 ], [ 73.556532496113931, 17.923936299574958 ], [ 73.555342861286775, 17.92375397727314 ], [ 73.553161719051872, 17.922995790409335 ], [ 73.552188590243176, 17.922045858957727 ], [ 73.551388467717359, 17.921965397324467 ], [ 73.549354121121041, 17.922325060305027 ], [ 73.547349441103847, 17.923801488042528 ], [ 73.542759611560058, 17.925449899085152 ], [ 73.536075077533766, 17.92753452618896 ], [ 73.529793804672281, 17.9289559063463 ], [ 73.527071408119269, 17.929385465477203 ], [ 73.526207395928537, 17.929923779917289 ], [ 73.524942638449104, 17.931919847671789 ], [ 73.523548620009578, 17.932607296327731 ], [ 73.521413894809541, 17.933459837650926 ], [ 73.519996315452843, 17.934499336361792 ], [ 73.517572632850673, 17.936660728552582 ], [ 73.513799874882423, 17.940372115638798 ], [ 73.513563576286941, 17.943249831117441 ], [ 73.512911229390369, 17.948114532688709 ], [ 73.51224080006854, 17.952275998462387 ], [ 73.514559515555476, 17.951882516395436 ], [ 73.515862237439137, 17.95099955584983 ], [ 73.518630380529373, 17.95016059303574 ], [ 73.522031303632559, 17.949168787272853 ], [ 73.526532451348203, 17.946933301005615 ], [ 73.531713467000614, 17.943334761148222 ], [ 73.534233792048241, 17.940686081095755 ], [ 73.535310307980012, 17.93990620260605 ] ] ] ] } },
{ "type": "Feature", "properties": { "vlcode": "555138", "village": "Shirsavane", "subdistric": "Mahad", "population": 585.0, "multihazard_priority_100": 77.317812257177224, "multihazard_priority_percentile": 99.515086206896555, "dominant_hazard": "Mixed", "decision_status": "No Nearby Strict Site", "decision_reason": "No strict safe-land candidate of at least 2 ha was identified within the 25 km search radius.", "patch_id": null, "recommendation_status": "Not Available", "area_ha": null, "required_area_ha": 5.85, "capacity_ratio": null, "distance_km": null, "site_flood": null, "site_landslide": null, "site_slope_deg": null, "site_road_dist_m": null, "final_feasibility_score": null }, "geometry": { "type": "MultiPolygon", "coordinates": [ [ [ [ 73.402615202391075, 17.948026163198275 ], [ 73.402199102169419, 17.947543058574251 ], [ 73.40185185017242, 17.945542361508693 ], [ 73.401137250992903, 17.942357728606726 ], [ 73.40155743051146, 17.938145660299156 ], [ 73.402131889277371, 17.934702881312127 ], [ 73.401592356277135, 17.92941617086823 ], [ 73.399421243056025, 17.925779630855033 ], [ 73.397667586307421, 17.923806211258089 ], [ 73.396332570163679, 17.92151087934193 ], [ 73.395831560791166, 17.919381074368989 ], [ 73.393481398138206, 17.919649526882658 ], [ 73.390437800866181, 17.919721403489017 ], [ 73.386548490437306, 17.919601444649512 ], [ 73.382405016485166, 17.920001999451372 ], [ 73.375703191765908, 17.91990087489858 ], [ 73.375022781793064, 17.921344939144095 ], [ 73.374412626511159, 17.923061695961746 ], [ 73.374054702108083, 17.924683480570316 ], [ 73.373814464794009, 17.925366608774659 ], [ 73.373235927211638, 17.926197349373822 ], [ 73.371874238833215, 17.927687961941928 ], [ 73.371287451709421, 17.928293114391053 ], [ 73.370697507524198, 17.928901511975976 ], [ 73.370321241123975, 17.929532389095058 ], [ 73.369812696410605, 17.930778259726413 ], [ 73.369606059956894, 17.931541241386288 ], [ 73.369521489140709, 17.932236162720596 ], [ 73.369292507814649, 17.933064213834559 ], [ 73.369288706803189, 17.933541580361258 ], [ 73.379812396416682, 17.933125782388217 ], [ 73.385258588073867, 17.933953807564386 ], [ 73.388638279866768, 17.933830348228664 ], [ 73.389639305098981, 17.934568348588058 ], [ 73.390643685557166, 17.93551126022307 ], [ 73.391487987216465, 17.93844589289802 ], [ 73.391731496938434, 17.941816935905759 ], [ 73.391947244065619, 17.944608151586248 ], [ 73.391769331190105, 17.947822644673305 ], [ 73.391772002299305, 17.948829620147222 ], [ 73.391774485658232, 17.950240072997193 ], [ 73.392343489010344, 17.952045295310715 ], [ 73.392673744244235, 17.952984864790626 ], [ 73.395950234735807, 17.951142977911889 ], [ 73.400849999091193, 17.948563633258502 ], [ 73.402615202391075, 17.948026163198275 ] ] ] ] } },
{ "type": "Feature", "properties": { "vlcode": "554554", "village": "Varchiwadi", "subdistric": "Mangaon", "population": 898.0, "multihazard_priority_100": 77.071898203611681, "multihazard_priority_percentile": 99.46120689655173, "dominant_hazard": "Mixed", "decision_status": "Recommended", "decision_reason": "Capacity-feasible strict candidate identified", "patch_id": 3588.0, "recommendation_status": "Strong Candidate", "area_ha": 47.716434449771562, "required_area_ha": 8.98, "capacity_ratio": 5.3136341258097524, "distance_km": 3.2049082300611733, "site_flood": 39.505401611328125, "site_landslide": 11.250994682312012, "site_slope_deg": 2.4479162693023682, "site_road_dist_m": 1125.5762939453125, "final_feasibility_score": 83.857847670632552 }, "geometry": { "type": "MultiPolygon", "coordinates": [ [ [ [ 73.370629504410914, 18.414378008845262 ], [ 73.37042665136461, 18.413434299920155 ], [ 73.369930906698727, 18.41182390979424 ], [ 73.369920050746245, 18.410891244230037 ], [ 73.370004033482019, 18.40987026830032 ], [ 73.370563919704011, 18.408779998892634 ], [ 73.370459763362504, 18.407842786120245 ], [ 73.370070290628476, 18.406891779619272 ], [ 73.368629010313811, 18.405610498259612 ], [ 73.367952745897696, 18.404647011997628 ], [ 73.366985808445392, 18.403205203564809 ], [ 73.364781052350835, 18.399855670283412 ], [ 73.362868264025366, 18.399692786676308 ], [ 73.360750722904967, 18.399007514354402 ], [ 73.359840573474969, 18.398453657755759 ], [ 73.359281212356038, 18.397341250110095 ], [ 73.358539078604537, 18.398479170990282 ], [ 73.358038387334389, 18.399427655126416 ], [ 73.357666713782862, 18.400686377368995 ], [ 73.357042986355196, 18.401993250212179 ], [ 73.356483252892559, 18.403303020986293 ], [ 73.356363986912086, 18.404269925746249 ], [ 73.356116611173832, 18.405169803544965 ], [ 73.355297892642824, 18.406771830387942 ], [ 73.354664410379243, 18.408079404121924 ], [ 73.353700546933965, 18.408702776564901 ], [ 73.352471197023377, 18.409010241102948 ], [ 73.34914735573409, 18.409222709956154 ], [ 73.34665467739741, 18.409537399653217 ], [ 73.345205024508616, 18.409900891974786 ], [ 73.344409344211726, 18.410720195612534 ], [ 73.343875703307674, 18.411612252780696 ], [ 73.343208393109862, 18.412499233384505 ], [ 73.342670435655634, 18.412814355392673 ], [ 73.343690011445986, 18.41297645399597 ], [ 73.344495748122242, 18.413475730694504 ], [ 73.34549805425948, 18.415286827438656 ], [ 73.346302330627566, 18.416624040632705 ], [ 73.347008540591602, 18.417398378905304 ], [ 73.34771612124888, 18.41780027369866 ], [ 73.348141681537882, 18.4178641196232 ], [ 73.34943427470796, 18.418058655467807 ], [ 73.351148027846875, 18.418225515422215 ], [ 73.35175314236173, 18.418717197551565 ], [ 73.352259053473432, 18.419483706883053 ], [ 73.352570314176901, 18.421358003944324 ], [ 73.352480592720497, 18.423494791144865 ], [ 73.352282772592986, 18.424417501363312 ], [ 73.35249038922035, 18.425357804787303 ], [ 73.353101272499003, 18.425756534781005 ], [ 73.354014367973065, 18.42598263111033 ], [ 73.354720991350078, 18.425921233176176 ], [ 73.355317839556861, 18.42520450382931 ], [ 73.35549870612455, 18.423352847920967 ], [ 73.355882682916814, 18.42188322020241 ], [ 73.356165354320211, 18.420409153310036 ], [ 73.356552130303044, 18.41949821080518 ], [ 73.35724245577758, 18.419345963875969 ], [ 73.35900654149367, 18.419155675740374 ], [ 73.360739958722988, 18.41859673404765 ], [ 73.362843867538658, 18.417873225890116 ], [ 73.366196658133518, 18.417682249476922 ], [ 73.368389811119229, 18.417428788412224 ], [ 73.369808355849912, 18.416759760916328 ], [ 73.370359887270254, 18.415483226847972 ], [ 73.370629504410914, 18.414378008845262 ] ] ] ] } },
{ "type": "Feature", "properties": { "vlcode": "554945", "village": "Sanderi", "subdistric": "Mhasla", "population": 1512.0, "multihazard_priority_100": 76.898873155426855, "multihazard_priority_percentile": 99.40732758620689, "dominant_hazard": "Landslide-dominant", "decision_status": "Recommended", "decision_reason": "Capacity-feasible strict candidate identified", "patch_id": 4286.0, "recommendation_status": "Suitable Candidate", "area_ha": 125.77279831849096, "required_area_ha": 15.12, "capacity_ratio": 8.3183067670959616, "distance_km": 21.432016467624194, "site_flood": 39.082473754882812, "site_landslide": 16.225446701049805, "site_slope_deg": 1.600567102432251, "site_road_dist_m": 2215.3359375, "final_feasibility_score": 64.289760029697462 }, "geometry": { "type": "MultiPolygon", "coordinates": [ [ [ [ 73.242507595473995, 18.10171587607951 ], [ 73.242938586767664, 18.101759028610001 ], [ 73.243414911905802, 18.101833172133144 ], [ 73.24398169987262, 18.101869677328473 ], [ 73.244379362432056, 18.101825094258121 ], [ 73.244777252331104, 18.101777504032903 ], [ 73.24521935278031, 18.101724626115466 ], [ 73.245617242040026, 18.101677034545251 ], [ 73.246059342695503, 18.10162415599121 ], [ 73.246589862585921, 18.10156070106245 ], [ 73.247031962386089, 18.101507821431234 ], [ 73.247429852004615, 18.101460230564388 ], [ 73.247827742253591, 18.101412639586236 ], [ 73.248137211938868, 18.101375623524365 ], [ 73.248489038012096, 18.101329280683217 ], [ 73.248895906267848, 18.101199656797721 ], [ 73.249370798572059, 18.101015026808483 ], [ 73.249726967015022, 18.100876551975453 ], [ 73.250091995731765, 18.100734562117673 ], [ 73.250585481560364, 18.100542371094249 ], [ 73.251000834329076, 18.100380601570119 ], [ 73.251372996187726, 18.100232598991617 ], [ 73.25164553391366, 18.100092863128207 ], [ 73.251913107233506, 18.09994590081207 ], [ 73.252218904898413, 18.099777942817187 ], [ 73.252562926576573, 18.099588989838626 ], [ 73.252945173769461, 18.099379043547238 ], [ 73.253403869813482, 18.099127106278875 ], [ 73.253747891906116, 18.098938152742878 ], [ 73.254091913033918, 18.09874919846245 ], [ 73.254397709916333, 18.098581239242819 ], [ 73.254665282839483, 18.098434275304648 ], [ 73.254951759994483, 18.098345788837786 ], [ 73.255252417519102, 18.098301162623834 ], [ 73.255629341834705, 18.09822989871736 ], [ 73.255689750149358, 18.09794141936371 ], [ 73.255644586769606, 18.097569056281671 ], [ 73.255594403645091, 18.097155319077636 ], [ 73.25555425797846, 18.096824328799116 ], [ 73.255511585502461, 18.096491889497095 ], [ 73.255451300939271, 18.096072356472849 ], [ 73.255396666186471, 18.095694560841789 ], [ 73.25534203187766, 18.095316762679104 ], [ 73.255229674299642, 18.094826854891924 ], [ 73.25503606249616, 18.094453579139582 ], [ 73.254852113165043, 18.094121022966078 ], [ 73.254688603091651, 18.093825417424238 ], [ 73.254504653606745, 18.093492860158253 ], [ 73.254320704983982, 18.093160303760655 ], [ 73.254136755492013, 18.092827744481358 ], [ 73.253911928108877, 18.092421284538574 ], [ 73.253748418468774, 18.092125675860174 ], [ 73.25360534634433, 18.091867017810401 ], [ 73.253457246605564, 18.091563814648339 ], [ 73.253300481201194, 18.091123810727581 ], [ 73.253160301501808, 18.090722655076522 ], [ 73.253062175388521, 18.090441845335995 ], [ 73.252964049638337, 18.090161036575886 ], [ 73.252865924434786, 18.089880225133836 ], [ 73.252767799594409, 18.089599414672193 ], [ 73.252669673294051, 18.089318603272091 ], [ 73.252571549317452, 18.089037792024588 ], [ 73.252445387583194, 18.088676747510672 ], [ 73.252333245597896, 18.088355818383704 ], [ 73.252235120289029, 18.088075004480181 ], [ 73.252105875327331, 18.087758170853309 ], [ 73.251966369145663, 18.087443795231156 ], [ 73.251844301075536, 18.08716871609661 ], [ 73.251722232592343, 18.086893636026453 ], [ 73.251565288204105, 18.086539960246856 ], [ 73.251390904561333, 18.086146987930757 ], [ 73.251233960089507, 18.08579331031552 ], [ 73.251077015438312, 18.085439633611482 ], [ 73.250902631954958, 18.085046657637857 ], [ 73.250710809852947, 18.084614384240549 ], [ 73.250571302843255, 18.084300002170195 ], [ 73.250414357978897, 18.083946322710698 ], [ 73.250272500143495, 18.083589359614788 ], [ 73.250201052279806, 18.083217077742617 ], [ 73.250134632972632, 18.082843699651697 ], [ 73.250075595127981, 18.082511809157797 ], [ 73.250016555797316, 18.082179915987819 ], [ 73.249942758501746, 18.081765049356211 ], [ 73.249854200688048, 18.081267208364412 ], [ 73.249780403526714, 18.080852340402579 ], [ 73.249721366745092, 18.080520445322247 ], [ 73.249654949552067, 18.080147060395941 ], [ 73.249573773011193, 18.079690702210129 ], [ 73.249492595197353, 18.079234342405123 ], [ 73.249426178406594, 18.078860956294925 ], [ 73.249360325297673, 18.078487281455434 ], [ 73.249285302763354, 18.077982509030754 ], [ 73.249225602393764, 18.077560421209217 ], [ 73.249165903401277, 18.077138332786685 ], [ 73.249112174195105, 18.076758452500258 ], [ 73.249058444380466, 18.076378571473619 ], [ 73.248998745707354, 18.075956479187177 ], [ 73.248945015666749, 18.075576596748409 ], [ 73.248897256209972, 18.075238921425282 ], [ 73.24884352687927, 18.07485903665405 ], [ 73.248795280484856, 18.074478649235239 ], [ 73.2487726123926, 18.074095912237251 ], [ 73.248751772009172, 18.073713006941279 ], [ 73.248733247698567, 18.073372645775144 ], [ 73.248714722616072, 18.073032282923432 ], [ 73.248696197581239, 18.072691921176904 ], [ 73.248679987649311, 18.072394102482278 ], [ 73.248663777743133, 18.07209628484836 ], [ 73.248642939256783, 18.071713374440009 ], [ 73.248622098017151, 18.071330464139898 ], [ 73.248603574682804, 18.070990097891723 ], [ 73.248587366255308, 18.070692277323733 ], [ 73.248571157945292, 18.070394455985348 ], [ 73.248554195273385, 18.070097119586887 ], [ 73.248535345160704, 18.069800995252912 ], [ 73.248516495176716, 18.069504870146307 ], [ 73.248497644318377, 18.069208745138734 ], [ 73.248478793542901, 18.068912620274098 ], [ 73.248459944810634, 18.06861649472458 ], [ 73.248435710555739, 18.068235759712191 ], [ 73.24840339842892, 18.067728113396509 ], [ 73.248379163674088, 18.067347376144877 ], [ 73.248352236693549, 18.066924336271647 ], [ 73.24832261681027, 18.066458989242623 ], [ 73.248298381646478, 18.066078250903832 ], [ 73.248274147668653, 18.065697511014271 ], [ 73.248244528508266, 18.065232161254045 ], [ 73.248217600871726, 18.064809114512233 ], [ 73.248196059659151, 18.06447067718096 ], [ 73.248174517643491, 18.064132239077082 ], [ 73.248152975781906, 18.0637938002445 ], [ 73.248128741989817, 18.063413055320876 ], [ 73.248104507423363, 18.063032309674309 ], [ 73.248080273039747, 18.062651563348719 ], [ 73.247936924963682, 18.062232370793311 ], [ 73.247549724096316, 18.062130963765195 ], [ 73.247267824509223, 18.062071057160935 ], [ 73.246918563004371, 18.062054112779876 ], [ 73.246515484244554, 18.062054370915696 ], [ 73.246112541160954, 18.062053185198508 ], [ 73.245623534959662, 18.062014480296018 ], [ 73.245225316470922, 18.061962712206974 ], [ 73.244782851669498, 18.061905192168158 ], [ 73.24434454181943, 18.061835919141377 ], [ 73.243961208197931, 18.061742036905009 ], [ 73.243578568095785, 18.061646196939492 ], [ 73.243238442199285, 18.061561005157866 ], [ 73.242940833172668, 18.061486462897474 ], [ 73.242600203474765, 18.061396508650798 ], [ 73.242258730003144, 18.061298619373321 ], [ 73.241917256981594, 18.061200730235683 ], [ 73.241618468591383, 18.061115077067122 ], [ 73.241276995450932, 18.061017188262134 ], [ 73.240978206871446, 18.060931534692614 ], [ 73.240594049655058, 18.060821409196691 ], [ 73.240186162566587, 18.060669400386796 ], [ 73.239882598452411, 18.06051221805366 ], [ 73.239616978746838, 18.060374683184584 ], [ 73.239351359583409, 18.060237147867905 ], [ 73.239085741919297, 18.060099612147607 ], [ 73.238744232037135, 18.059922781056958 ], [ 73.238403479793618, 18.059749946416076 ], [ 73.238064246626791, 18.059585106552369 ], [ 73.23768731978744, 18.059401951209292 ], [ 73.237355562460991, 18.059240744820077 ], [ 73.237106570318105, 18.059119754916409 ], [ 73.236743356993216, 18.058945101666477 ], [ 73.236273840168039, 18.058764761376796 ], [ 73.235746178908883, 18.058585895199577 ], [ 73.235319155075956, 18.058466556550101 ], [ 73.234974084694798, 18.058374066119637 ], [ 73.234629014695273, 18.058281576726088 ], [ 73.234283943209135, 18.058189087365875 ], [ 73.23393539626484, 18.05809566567714 ], [ 73.233586257166976, 18.058002085626573 ], [ 73.233216359404054, 18.057905407643336 ], [ 73.23274404173138, 18.057789702456709 ], [ 73.232184598895984, 18.057653110274561 ], [ 73.231754258936547, 18.057548039701103 ], [ 73.231409987498111, 18.05746398143474 ], [ 73.231108750232508, 18.05739043197563 ], [ 73.230807512384573, 18.057316880949934 ], [ 73.230506274819405, 18.057243330232623 ], [ 73.230209198918089, 18.057179994737954 ], [ 73.229873251998171, 18.057116364587888 ], [ 73.22949531082115, 18.057044781194008 ], [ 73.229074223295413, 18.05696661909526 ], [ 73.228601915648667, 18.056891514378567 ], [ 73.228256740941859, 18.05683889632618 ], [ 73.227914693500111, 18.056788480557685 ], [ 73.227546696483998, 18.056743607344949 ], [ 73.227141019162644, 18.05669616697331 ], [ 73.22673440846097, 18.056648615532698 ], [ 73.226368756636262, 18.05662348410997 ], [ 73.226004183523884, 18.056644023410794 ], [ 73.225701490256341, 18.056681488566191 ], [ 73.225762689839542, 18.056942511644912 ], [ 73.225920845231585, 18.057296086403667 ], [ 73.22606142796208, 18.057610375187153 ], [ 73.226219583007364, 18.057963949929253 ], [ 73.226395310690023, 18.05835680972703 ], [ 73.226553465711049, 18.058710381714196 ], [ 73.226764340332593, 18.059181811699485 ], [ 73.226940067546849, 18.059574667803464 ], [ 73.227080649518498, 18.059888951961291 ], [ 73.227238804352993, 18.060242523020278 ], [ 73.22741453155399, 18.060635377286786 ], [ 73.227555113916281, 18.060949659625958 ], [ 73.227678122454279, 18.061224656854549 ], [ 73.227801131494289, 18.061499654105873 ], [ 73.227924140125154, 18.061774650420446 ], [ 73.228064722084852, 18.062088930904352 ], [ 73.228240450410567, 18.062481782466559 ], [ 73.228433749977299, 18.062913917183891 ], [ 73.228591903665446, 18.063267480844313 ], [ 73.228732484957064, 18.06358176037773 ], [ 73.228848282407341, 18.063858156580569 ], [ 73.228898266045533, 18.064232773663356 ], [ 73.228929766538897, 18.064653692056609 ], [ 73.228964416042459, 18.065116701094333 ], [ 73.228992767342888, 18.065495525998291 ], [ 73.229017969088815, 18.065832258850673 ], [ 73.229043170095451, 18.066168990011704 ], [ 73.229077821611668, 18.066631994736962 ], [ 73.229112472454801, 18.067094998849953 ], [ 73.229143973743419, 18.067515910911283 ], [ 73.229152799701595, 18.067895676246291 ], [ 73.229125931599114, 18.068234926520578 ], [ 73.229092348457513, 18.068658989266119 ], [ 73.229055405759979, 18.069125457474488 ], [ 73.229028538308512, 18.069464704804361 ], [ 73.229001670767801, 18.069803951404481 ], [ 73.228968086071163, 18.070228011518122 ], [ 73.228927783456683, 18.070736878866597 ], [ 73.228900915500788, 18.071076124332322 ], [ 73.228877405045992, 18.071372962735438 ], [ 73.228843819889477, 18.071797017514285 ], [ 73.228803517477985, 18.072305882533275 ], [ 73.228766572514232, 18.072772339710404 ], [ 73.228734317168716, 18.073153527750904 ], [ 73.228673652290354, 18.073528317872402 ], [ 73.228614317489956, 18.073860243203075 ], [ 73.228554982397327, 18.074192168692331 ], [ 73.228495648926952, 18.074524094428217 ], [ 73.228428897940177, 18.074897508754088 ], [ 73.228347312812474, 18.075353903901888 ], [ 73.228280562098959, 18.075727315970891 ], [ 73.228213811926835, 18.076100729200117 ], [ 73.22814706051949, 18.076474140754716 ], [ 73.228095142934137, 18.076764569879121 ], [ 73.228028391918585, 18.077137980003087 ], [ 73.227969057179635, 18.077469899864951 ], [ 73.227902932179475, 18.077843307081334 ], [ 73.227828371858394, 18.078382614531531 ], [ 73.227779186766085, 18.078797443159871 ], [ 73.22774475691628, 18.079087823538046 ], [ 73.227705409176508, 18.079419683880712 ], [ 73.227666060193542, 18.079751546182177 ], [ 73.227626713069526, 18.080083405996678 ], [ 73.227533481521519, 18.080426082357281 ], [ 73.227174186221717, 18.080646684870121 ], [ 73.22675885468071, 18.080865538766496 ], [ 73.226471172117115, 18.080868301259756 ], [ 73.226170575293324, 18.080795669936681 ], [ 73.225827036677131, 18.080712663159698 ], [ 73.225484786812359, 18.080626591071578 ], [ 73.225119572068039, 18.080482627865315 ], [ 73.224801811311238, 18.080338309570536 ], [ 73.224484050231737, 18.080193991496305 ], [ 73.22416740035878, 18.080049169605832 ], [ 73.2238640770166, 18.079898318271081 ], [ 73.223526587222551, 18.079726913837856 ], [ 73.223114582533768, 18.0795153871405 ], [ 73.222713200303005, 18.0792591669444 ], [ 73.222352694406808, 18.079007768973423 ], [ 73.221956140197889, 18.078731233093521 ], [ 73.221559584790754, 18.078454695224824 ], [ 73.221237913529563, 18.078281924511455 ], [ 73.22124456111213, 18.078657062558516 ], [ 73.221285906279348, 18.07906957657665 ], [ 73.221318984364643, 18.079399587149279 ], [ 73.221347926511598, 18.079688346366972 ], [ 73.221358006613272, 18.079977851331179 ], [ 73.221288327583579, 18.08035334637546 ], [ 73.221220801809153, 18.080687340065271 ], [ 73.22115327474269, 18.081021333864573 ], [ 73.22106886743417, 18.081438824815486 ], [ 73.220967577747288, 18.081939811142654 ], [ 73.220874728848074, 18.082399048865735 ], [ 73.220807202211176, 18.08273303896209 ], [ 73.220731157420829, 18.083107909305316 ], [ 73.220637812573884, 18.083561643609617 ], [ 73.220561376303692, 18.083932169459544 ], [ 73.220476447417482, 18.0843438640849 ], [ 73.22040850355188, 18.084673219934039 ], [ 73.220349053685837, 18.084961404647359 ], [ 73.220281110247015, 18.085290758986808 ], [ 73.220221658878799, 18.085578943898735 ], [ 73.220162209263179, 18.085867127180919 ], [ 73.220169513421752, 18.086317028568384 ], [ 73.220333139455832, 18.086660077171928 ], [ 73.220492634402476, 18.087009530088856 ], [ 73.220634407384537, 18.087320155698066 ], [ 73.220793901979164, 18.087669608581706 ], [ 73.220971118508089, 18.088057887833834 ], [ 73.221112891008559, 18.088368509725914 ], [ 73.221272386262498, 18.08871796077732 ], [ 73.221449601857856, 18.089106237203108 ], [ 73.221573653277289, 18.089378030901173 ], [ 73.221784211923563, 18.089797648674793 ], [ 73.221990565244099, 18.090124642493667 ], [ 73.222177778979699, 18.090413487870965 ], [ 73.222388392969407, 18.090738439262708 ], [ 73.222599007063721, 18.091063389568085 ], [ 73.222786219624425, 18.091352233527918 ], [ 73.222996834680146, 18.091677183549692 ], [ 73.22331630025559, 18.092078324286959 ], [ 73.223639176980683, 18.092297480522468 ], [ 73.223936142380722, 18.092486020798273 ], [ 73.224270226936042, 18.092698127847406 ], [ 73.2246051300273, 18.092897040329134 ], [ 73.224866883773146, 18.093031225787996 ], [ 73.22512863717499, 18.093165408936283 ], [ 73.225390390094773, 18.093299592520776 ], [ 73.225652144401096, 18.093433777545133 ], [ 73.225938607159577, 18.093623540282213 ], [ 73.226252317728495, 18.09386159889597 ], [ 73.22663574082614, 18.094152558327671 ], [ 73.226947073506679, 18.094392724252284 ], [ 73.227250479964624, 18.09469731060846 ], [ 73.22751071037851, 18.094982828827387 ], [ 73.227713112259963, 18.095204898211954 ], [ 73.227915513851215, 18.095426967355802 ], [ 73.228175744211271, 18.095712484611539 ], [ 73.228435974716817, 18.095998001498028 ], [ 73.228696205321754, 18.096283518930942 ], [ 73.229013095978047, 18.096637276741145 ], [ 73.229242543768777, 18.096898738545718 ], [ 73.229443309674096, 18.097127519069243 ], [ 73.229644075349711, 18.097356298445877 ], [ 73.229844840749735, 18.097585077591209 ], [ 73.230045607788909, 18.097813856593262 ], [ 73.230246373595051, 18.098042635319995 ], [ 73.230475820381528, 18.09830409646117 ], [ 73.23073394852841, 18.098598239009476 ], [ 73.230963395338378, 18.098859698627194 ], [ 73.231164161342917, 18.099088477281249 ], [ 73.231412309410516, 18.099330696382424 ], [ 73.231737453426788, 18.099555892630576 ], [ 73.231992766863357, 18.099728552554733 ], [ 73.232248081000293, 18.099901211169982 ], [ 73.232503394788012, 18.100073870263486 ], [ 73.232758708318713, 18.100246528004114 ], [ 73.23305049514552, 18.100443851532532 ], [ 73.233346038729351, 18.100633979750757 ], [ 73.233685568889157, 18.100834381160112 ], [ 73.234062825011051, 18.101057049535811 ], [ 73.23432690413054, 18.101212917748622 ], [ 73.234590982857597, 18.101368786399757 ], [ 73.234930512752925, 18.101569187753597 ], [ 73.23534549448982, 18.101814121332637 ], [ 73.235685023619254, 18.102014523709613 ], [ 73.235986828204176, 18.102192657231946 ], [ 73.236252620078375, 18.102341949149963 ], [ 73.236532975375866, 18.102435366272957 ], [ 73.236855339211644, 18.102534614813809 ], [ 73.23713740746733, 18.10262145692872 ], [ 73.237525649356371, 18.102790786959869 ], [ 73.237858018097157, 18.102995641388464 ], [ 73.238189521923374, 18.103203157129666 ], [ 73.238484191261989, 18.103387616864232 ], [ 73.238778860449898, 18.103572076021436 ], [ 73.23918403054401, 18.103825707232648 ], [ 73.239643739059915, 18.104042443105389 ], [ 73.240123782499978, 18.104065718008624 ], [ 73.240369274171314, 18.103794551540535 ], [ 73.240548355805686, 18.103559334208128 ], [ 73.240753019713665, 18.103290512538006 ], [ 73.240983267319976, 18.102988090218602 ], [ 73.241239097552466, 18.102652062558171 ], [ 73.241427574622918, 18.102366806241374 ], [ 73.241583993602347, 18.102108577860257 ], [ 73.241839813962471, 18.101907139690866 ], [ 73.242172688456463, 18.101799381705867 ], [ 73.242507595473995, 18.10171587607951 ] ], [ [ 73.236609010572735, 18.070231325998453 ], [ 73.237003719812307, 18.070252297468191 ], [ 73.237314421792036, 18.07041315108993 ], [ 73.237535004059211, 18.070676108830231 ], [ 73.23763082364276, 18.070999873919511 ], [ 73.237586832410685, 18.071333597343049 ], [ 73.237409939433178, 18.071624871655761 ], [ 73.237127925316898, 18.07182795214344 ], [ 73.236740579449645, 18.071908827768123 ], [ 73.236353234034766, 18.071827951711313 ], [ 73.236071219892779, 18.071624871442268 ], [ 73.235894326599166, 18.071333597917342 ], [ 73.235850336471387, 18.070999874101798 ], [ 73.235946155680153, 18.070676109143385 ], [ 73.236166737249832, 18.070413151372684 ], [ 73.236609010572735, 18.070231325998453 ] ] ] ] } },
{ "type": "Feature", "properties": { "vlcode": "555193", "village": "Naneghol", "subdistric": "Poladpur", "population": 388.0, "multihazard_priority_100": 76.043875756382192, "multihazard_priority_percentile": 99.353448275862064, "dominant_hazard": "Mixed", "decision_status": "Recommended", "decision_reason": "Capacity-feasible strict candidate identified", "patch_id": 4165.0, "recommendation_status": "Suitable Candidate", "area_ha": 49.371339690821166, "required_area_ha": 3.88, "capacity_ratio": 12.724572085263183, "distance_km": 19.912980773454507, "site_flood": 43.629325866699219, "site_landslide": 15.431212425231934, "site_slope_deg": 2.1298568248748779, "site_road_dist_m": 1340.3326416015625, "final_feasibility_score": 67.836362376795464 }, "geometry": { "type": "MultiPolygon", "coordinates": [ [ [ [ 73.553514189100113, 17.964816014910863 ], [ 73.55531196293164, 17.964577581822759 ], [ 73.558344238631548, 17.964732128178106 ], [ 73.561872308750083, 17.965844884587415 ], [ 73.563116303752039, 17.966379605306781 ], [ 73.562309509177794, 17.963607465285776 ], [ 73.561766523667913, 17.96118961678577 ], [ 73.560797904515297, 17.958937431715025 ], [ 73.559875721980887, 17.957332007576703 ], [ 73.558378615125889, 17.956144441350855 ], [ 73.556566565412353, 17.955686956759905 ], [ 73.553805090153332, 17.958673226076268 ], [ 73.551480653029031, 17.960823341633599 ], [ 73.550041656347958, 17.9617422574896 ], [ 73.54774967132964, 17.962236767725379 ], [ 73.548229889198481, 17.964104540119781 ], [ 73.548709515559565, 17.965286118200748 ], [ 73.54978393662455, 17.966576728849052 ], [ 73.550302083697304, 17.966108101572008 ], [ 73.553514189100113, 17.964816014910863 ] ] ] ] } },
{ "type": "Feature", "properties": { "vlcode": "553971", "village": "Warap", "subdistric": "Pen", "population": 999.0, "multihazard_priority_100": 76.037626633076798, "multihazard_priority_percentile": 99.299568965517238, "dominant_hazard": "Mixed", "decision_status": "Recommended", "decision_reason": "Capacity-feasible strict candidate identified", "patch_id": 3298.0, "recommendation_status": "Weak Candidate", "area_ha": 12.595667667858589, "required_area_ha": 9.99, "capacity_ratio": 1.2608275943802389, "distance_km": 24.240337982896619, "site_flood": 48.816169738769531, "site_landslide": 21.952732086181641, "site_slope_deg": 1.7800312042236328, "site_road_dist_m": 1722.1956787109375, "final_feasibility_score": 38.278046194140373 }, "geometry": { "type": "MultiPolygon", "coordinates": [ [ [ [ 73.127164823567952, 18.622298004358196 ], [ 73.127389926226257, 18.621244349463815 ], [ 73.127930388977902, 18.619811073978415 ], [ 73.128702833263276, 18.619060965137944 ], [ 73.129354168660797, 18.618035783244277 ], [ 73.130431469568492, 18.617038637507143 ], [ 73.131082772731716, 18.616013480972772 ], [ 73.131613146454413, 18.614713513893879 ], [ 73.132091288220735, 18.614077535467239 ], [ 73.132842835026466, 18.613592783429155 ], [ 73.133846735945539, 18.613524743365975 ], [ 73.135702095726984, 18.61351186771039 ], [ 73.137069051115787, 18.61426786519721 ], [ 73.137442639971937, 18.614959510815048 ], [ 73.138131407033825, 18.615271147178039 ], [ 73.139155990659177, 18.614936834075923 ], [ 73.140474633423111, 18.614487856769557 ], [ 73.141499001053347, 18.614153225331503 ], [ 73.142218813040728, 18.614065964458106 ], [ 73.14307008307604, 18.614120588156794 ], [ 73.144678499258561, 18.614123957418119 ], [ 73.14611523962067, 18.613993015039853 ], [ 73.146951846530882, 18.613934991738557 ], [ 73.148278760948045, 18.61368533793102 ], [ 73.149495933765067, 18.613317152297512 ], [ 73.150966749337414, 18.612742120911744 ], [ 73.151736620199969, 18.612011265389029 ], [ 73.152760192717935, 18.611073680546127 ], [ 73.153437728341672, 18.610002971408761 ], [ 73.154072036151234, 18.609486209571514 ], [ 73.154023095688984, 18.608592623465107 ], [ 73.155015280351648, 18.606540234298802 ], [ 73.15563330736947, 18.60471991846978 ], [ 73.155304785291136, 18.604699415785703 ], [ 73.154794518775205, 18.604259183542592 ], [ 73.154316355240042, 18.603412666818866 ], [ 73.152766052368264, 18.600968605335755 ], [ 73.151862656004027, 18.599993952888774 ], [ 73.150842884551892, 18.599114155782367 ], [ 73.148803723526171, 18.597354867484089 ], [ 73.146916772417313, 18.596420980623495 ], [ 73.144905134076168, 18.595683046938902 ], [ 73.142351230737788, 18.594910760333462 ], [ 73.139029794921854, 18.594191391546165 ], [ 73.137906092656323, 18.594012008020066 ], [ 73.137525325253918, 18.593951196913569 ], [ 73.1319057830829, 18.604625409742876 ], [ 73.130148927067793, 18.607966626133454 ], [ 73.129598062246771, 18.608057753640598 ], [ 73.12891197233256, 18.608140014782581 ], [ 73.126978681279468, 18.608521672297584 ], [ 73.125565907420579, 18.609191109259282 ], [ 73.12425800475539, 18.610248282078114 ], [ 73.123896826979887, 18.611367869029056 ], [ 73.12353574910243, 18.612487589574922 ], [ 73.123184812230406, 18.613481027273373 ], [ 73.122232605389726, 18.615197291684517 ], [ 73.12117524837943, 18.616525277643106 ], [ 73.119275878704684, 18.618178292906531 ], [ 73.117290964138974, 18.619189299690014 ], [ 73.11530903420558, 18.620837559294813 ], [ 73.118767002589721, 18.621891090668459 ], [ 73.122166287831618, 18.622253051970883 ], [ 73.125139124326964, 18.622585284380879 ], [ 73.127164823567952, 18.622298004358196 ] ] ] ] } },
{ "type": "Feature", "properties": { "vlcode": "554948", "village": "Mahammad Khanikhar", "subdistric": "Mhasla", "population": 1176.0, "multihazard_priority_100": 75.999919719621104, "multihazard_priority_percentile": 99.245689655172413, "dominant_hazard": "Mixed", "decision_status": "Recommended", "decision_reason": "Capacity-feasible strict candidate identified", "patch_id": 4286.0, "recommendation_status": "Suitable Candidate", "area_ha": 125.77279831849096, "required_area_ha": 11.76, "capacity_ratio": 10.694965843409094, "distance_km": 18.567192109557137, "site_flood": 39.082473754882812, "site_landslide": 16.225446701049805, "site_slope_deg": 1.600567102432251, "site_road_dist_m": 2215.3359375, "final_feasibility_score": 66.868101951957811 }, "geometry": { "type": "MultiPolygon", "coordinates": [ [ [ [ 73.220169513421752, 18.086317028568384 ], [ 73.220162209263179, 18.085867127180919 ], [ 73.220221658878799, 18.085578943898735 ], [ 73.220281110247015, 18.085290758986808 ], [ 73.220349053685837, 18.084961404647359 ], [ 73.22040850355188, 18.084673219934039 ], [ 73.220476447417482, 18.0843438640849 ], [ 73.220561376303692, 18.083932169459544 ], [ 73.220637812573884, 18.083561643609617 ], [ 73.220731157420829, 18.083107909305316 ], [ 73.220807202211176, 18.08273303896209 ], [ 73.220874728848074, 18.082399048865735 ], [ 73.220967577747288, 18.081939811142654 ], [ 73.22106886743417, 18.081438824815486 ], [ 73.22115327474269, 18.081021333864573 ], [ 73.221220801809153, 18.080687340065271 ], [ 73.221288327583579, 18.08035334637546 ], [ 73.221358006613272, 18.079977851331179 ], [ 73.221347926511598, 18.079688346366972 ], [ 73.221318984364643, 18.079399587149279 ], [ 73.221285906279348, 18.07906957657665 ], [ 73.22124456111213, 18.078657062558516 ], [ 73.221237913529563, 18.078281924511455 ], [ 73.220309550852122, 18.076453127869836 ], [ 73.219154308325756, 18.074431384595783 ], [ 73.217022502212231, 18.071984923088536 ], [ 73.213009930118446, 18.066557818002131 ], [ 73.211676209301928, 18.065553839059561 ], [ 73.210541744260794, 18.064911750898805 ], [ 73.210266017146424, 18.065351436880167 ], [ 73.209789229349141, 18.065979609290093 ], [ 73.209557812206569, 18.066194386845737 ], [ 73.208863934634365, 18.066838370009766 ], [ 73.207879511445739, 18.067609012272424 ], [ 73.206774628979701, 18.068438470521226 ], [ 73.205938831719806, 18.06895387086951 ], [ 73.205362006168912, 18.06917001722756 ], [ 73.20470159275537, 18.069417485452167 ], [ 73.203955216384088, 18.069331911590737 ], [ 73.202819198706294, 18.069074912719834 ], [ 73.201869767628281, 18.068720363873002 ], [ 73.202250468813659, 18.072293366917268 ], [ 73.20315671036019, 18.074779063621566 ], [ 73.204244715201114, 18.078299613614192 ], [ 73.205076030166481, 18.080475070495428 ], [ 73.205588964839876, 18.08196525344734 ], [ 73.206129103564848, 18.083119516984315 ], [ 73.206446317845376, 18.08392629646 ], [ 73.206406800208086, 18.084492451087826 ], [ 73.205820895991735, 18.085858603511937 ], [ 73.207838215232044, 18.083640904167503 ], [ 73.208547024558101, 18.082420582225637 ], [ 73.20948063426367, 18.081549850649058 ], [ 73.210117456743305, 18.081347565063005 ], [ 73.211378792534944, 18.081427310503035 ], [ 73.21222252131534, 18.081857338248295 ], [ 73.213585388239878, 18.083238233384701 ], [ 73.214044364035118, 18.085120252985856 ], [ 73.215113925473162, 18.086629195370822 ], [ 73.216988953127185, 18.086969677474499 ], [ 73.218290347490552, 18.087154076424145 ], [ 73.219762119996972, 18.086943995102736 ], [ 73.220169513421752, 18.086317028568384 ] ] ] ] } },
{ "type": "Feature", "properties": { "vlcode": "555152", "village": "Divil", "subdistric": "Poladpur", "population": 999.0, "multihazard_priority_100": 75.490505983056849, "multihazard_priority_percentile": 99.191810344827587, "dominant_hazard": "Landslide-dominant", "decision_status": "Recommended", "decision_reason": "Capacity-feasible strict candidate identified", "patch_id": 4165.0, "recommendation_status": "Suitable Candidate", "area_ha": 49.371339690821166, "required_area_ha": 9.99, "capacity_ratio": 4.9420760451272434, "distance_km": 16.272614563054859, "site_flood": 43.629325866699219, "site_landslide": 15.431212425231934, "site_slope_deg": 2.1298568248748779, "site_road_dist_m": 1340.3326416015625, "final_feasibility_score": 71.112691966155154 }, "geometry": { "type": "MultiPolygon", "coordinates": [ [ [ [ 73.480933132502344, 18.041695255541914 ], [ 73.481862583324101, 18.041301568664949 ], [ 73.482940616197581, 18.041673862985419 ], [ 73.485062967779783, 18.04318816582861 ], [ 73.485971077258355, 18.043275380670455 ], [ 73.487264842037092, 18.042878513127018 ], [ 73.489897341161168, 18.041024716218931 ], [ 73.492260212090542, 18.039074643367467 ], [ 73.494129617962557, 18.037995286891658 ], [ 73.495891130597911, 18.037302466881791 ], [ 73.498499887387453, 18.036770607449554 ], [ 73.499236698493974, 18.03558986516629 ], [ 73.501822794942385, 18.032661658130127 ], [ 73.5039403383321, 18.031464118218139 ], [ 73.501299394995158, 18.03025195206062 ], [ 73.495361856050081, 18.028480395120273 ], [ 73.489332839491823, 18.026725068781062 ], [ 73.485727638526186, 18.025813894610835 ], [ 73.484177555749525, 18.025838611617971 ], [ 73.483095945953224, 18.025566701926554 ], [ 73.482300472637476, 18.025001019284815 ], [ 73.481418016559459, 18.024340714553581 ], [ 73.480270420528313, 18.023492625383259 ], [ 73.477746592364639, 18.022863303892407 ], [ 73.475076125245096, 18.022527961671937 ], [ 73.475023890658008, 18.023724153448871 ], [ 73.474272001681356, 18.026335881026043 ], [ 73.472823531998756, 18.029682658059524 ], [ 73.472547794514611, 18.030319122235316 ], [ 73.471593183360824, 18.035415269640783 ], [ 73.471668275436926, 18.037806328520201 ], [ 73.472155625126234, 18.039138748092615 ], [ 73.474538922658652, 18.040927037997129 ], [ 73.477296267195527, 18.042523013177821 ], [ 73.478571281023278, 18.043581535027258 ], [ 73.480933132502344, 18.041695255541914 ] ] ] ] } },
{ "type": "Feature", "properties": { "vlcode": "554213", "village": "Borli", "subdistric": "Murud", "population": 2862.0, "multihazard_priority_100": 75.478486179507513, "multihazard_priority_percentile": 99.137931034482762, "dominant_hazard": "Mixed", "decision_status": "No Capacity-Feasible Site", "decision_reason": "Strict candidate sites were identified within 25 km, but none met the prototype land-capacity requirement.", "patch_id": 3382.0, "recommendation_status": "Rejected", "area_ha": 6.2518642439011582, "required_area_ha": 28.62, "capacity_ratio": 0.21844389391688179, "distance_km": 19.063762032145814, "site_flood": 37.508434295654297, "site_landslide": 22.330228805541992, "site_slope_deg": 2.7901077270507808, "site_road_dist_m": 2577.3251953125, "final_feasibility_score": 9.9720915084532926 }, "geometry": { "type": "MultiPolygon", "coordinates": [ [ [ [ 72.925244741926761, 18.512637577548915 ], [ 72.923932124616741, 18.511874726889506 ], [ 72.922567148481491, 18.511098996546934 ], [ 72.921332239784434, 18.510326601161744 ], [ 72.920635141538767, 18.509352893477907 ], [ 72.92021579603005, 18.508170494260288 ], [ 72.919917014499489, 18.507095677908211 ], [ 72.919618058482413, 18.506019424152619 ], [ 72.919688892660943, 18.50565802780946 ], [ 72.91857779396031, 18.505791974666543 ], [ 72.917010679852154, 18.505872030036759 ], [ 72.916379799942007, 18.505647965942895 ], [ 72.915637190651239, 18.505208483956711 ], [ 72.915024356843446, 18.504771332744731 ], [ 72.914058123378481, 18.504153449236739 ], [ 72.913224413547326, 18.504047501026832 ], [ 72.912303457583405, 18.503543454322561 ], [ 72.911395625834302, 18.503014716549266 ], [ 72.910905676113444, 18.502911510302962 ], [ 72.910604828206218, 18.503478945942657 ], [ 72.910806102235014, 18.503710641129725 ], [ 72.910524729098569, 18.503802282062018 ], [ 72.911729801799211, 18.50767526670645 ], [ 72.911512483673945, 18.510055751653415 ], [ 72.911100043283056, 18.511101671543209 ], [ 72.910916092339221, 18.513570021660744 ], [ 72.911026659854343, 18.514052625167224 ], [ 72.912217140679331, 18.514433727989903 ], [ 72.914400279780423, 18.514920057945542 ], [ 72.917121520759949, 18.515208911051264 ], [ 72.918947440641062, 18.515219347804308 ], [ 72.921813647862606, 18.51523956320754 ], [ 72.923576209939768, 18.515926438078051 ], [ 72.924279009500054, 18.516501424383407 ], [ 72.924759925971856, 18.514439763481676 ], [ 72.925016008395957, 18.512962898158669 ], [ 72.925244741926761, 18.512637577548915 ] ] ] ] } },
{ "type": "Feature", "properties": { "vlcode": "554939", "village": "Wave", "subdistric": "Mhasla", "population": 716.0, "multihazard_priority_100": 75.22803210503379, "multihazard_priority_percentile": 99.084051724137936, "dominant_hazard": "Landslide-dominant", "decision_status": "Recommended", "decision_reason": "Capacity-feasible strict candidate identified", "patch_id": 4286.0, "recommendation_status": "Suitable Candidate", "area_ha": 125.77279831849096, "required_area_ha": 7.16, "capacity_ratio": 17.566033284705441, "distance_km": 19.434756851625355, "site_flood": 39.082473754882812, "site_landslide": 16.225446701049805, "site_slope_deg": 1.600567102432251, "site_road_dist_m": 2215.3359375, "final_feasibility_score": 66.087293684096409 }, "geometry": { "type": "MultiPolygon", "coordinates": [ [ [ [ 73.217200131839718, 18.098626140815909 ], [ 73.219083037063839, 18.097508662824058 ], [ 73.221188926672596, 18.095645759387324 ], [ 73.221858017466374, 18.094870279391074 ], [ 73.22331630025559, 18.092078324286959 ], [ 73.222996834680146, 18.091677183549692 ], [ 73.222786219624425, 18.091352233527918 ], [ 73.222599007063721, 18.091063389568085 ], [ 73.222388392969407, 18.090738439262708 ], [ 73.222177778979699, 18.090413487870965 ], [ 73.221990565244099, 18.090124642493667 ], [ 73.221784211923563, 18.089797648674793 ], [ 73.221573653277289, 18.089378030901173 ], [ 73.221449601857856, 18.089106237203108 ], [ 73.221272386262498, 18.08871796077732 ], [ 73.221112891008559, 18.088368509725914 ], [ 73.220971118508089, 18.088057887833834 ], [ 73.220793901979164, 18.087669608581706 ], [ 73.220634407384537, 18.087320155698066 ], [ 73.220492634402476, 18.087009530088856 ], [ 73.220333139455832, 18.086660077171928 ], [ 73.220169513421752, 18.086317028568384 ], [ 73.219762119996972, 18.086943995102736 ], [ 73.218290347490552, 18.087154076424145 ], [ 73.216988953127185, 18.086969677474499 ], [ 73.215113925473162, 18.086629195370822 ], [ 73.214044364035118, 18.085120252985856 ], [ 73.213585388239878, 18.083238233384701 ], [ 73.21222252131534, 18.081857338248295 ], [ 73.211378792534944, 18.081427310503035 ], [ 73.210117456743305, 18.081347565063005 ], [ 73.20948063426367, 18.081549850649058 ], [ 73.208547024558101, 18.082420582225637 ], [ 73.207838215232044, 18.083640904167503 ], [ 73.205820895991735, 18.085858603511937 ], [ 73.203980986595568, 18.08711388155205 ], [ 73.203151944852237, 18.088542558565042 ], [ 73.202288220949683, 18.090501199078382 ], [ 73.20220110089862, 18.091829233268019 ], [ 73.202387815274818, 18.095838930755704 ], [ 73.200331622902766, 18.098736197590998 ], [ 73.200270726292089, 18.099761059603264 ], [ 73.200309160469246, 18.101248382949329 ], [ 73.20037506985544, 18.102280516620155 ], [ 73.200955634800962, 18.103109824097899 ], [ 73.201938168434609, 18.103501438130841 ], [ 73.204744639528897, 18.103884114216168 ], [ 73.207654373316643, 18.103855376191486 ], [ 73.208397637280839, 18.103557830003968 ], [ 73.210501069042976, 18.101661237333623 ], [ 73.213508471842076, 18.099798894147536 ], [ 73.217200131839718, 18.098626140815909 ] ] ] ] } },
{ "type": "Feature", "properties": { "vlcode": "554606", "village": "Palasgaon Bk", "subdistric": "Mangaon", "population": 893.0, "multihazard_priority_100": 74.673443203129111, "multihazard_priority_percentile": 99.03017241379311, "dominant_hazard": "Flood-dominant", "decision_status": "Recommended", "decision_reason": "Capacity-feasible strict candidate identified", "patch_id": 3588.0, "recommendation_status": "Suitable Candidate", "area_ha": 47.716434449771562, "required_area_ha": 8.93, "capacity_ratio": 5.3433857166597498, "distance_km": 19.086770703540392, "site_flood": 39.505401611328125, "site_landslide": 11.250994682312012, "site_slope_deg": 2.4479162693023682, "site_road_dist_m": 1125.5762939453125, "final_feasibility_score": 69.56417144450127 }, "geometry": { "type": "MultiPolygon", "coordinates": [ [ [ [ 73.373204220726791, 18.252932310781297 ], [ 73.373718975229792, 18.249975900537876 ], [ 73.374088510331319, 18.247307049442107 ], [ 73.374130504886367, 18.245826883839484 ], [ 73.374464082658605, 18.244452700503917 ], [ 73.375385773780948, 18.243105443181879 ], [ 73.376233371858746, 18.240920518149682 ], [ 73.376588535428752, 18.238805271706322 ], [ 73.376707423163509, 18.236018479733136 ], [ 73.376477111225711, 18.235825566784222 ], [ 73.37556448395145, 18.234549820677202 ], [ 73.37526771152244, 18.232516619167242 ], [ 73.375288537477147, 18.231805234934473 ], [ 73.372105628167347, 18.23153205604676 ], [ 73.368238503430206, 18.231203673993278 ], [ 73.362585850682336, 18.231098382114489 ], [ 73.360983852841585, 18.230849921165468 ], [ 73.356952867998956, 18.235534171618379 ], [ 73.355092063860667, 18.237849036630166 ], [ 73.352880501915166, 18.239257845112729 ], [ 73.350016620641668, 18.240369102059812 ], [ 73.343045813692768, 18.243064769440991 ], [ 73.339874537372083, 18.244959231782211 ], [ 73.3388065567312, 18.245974937609727 ], [ 73.337922423262739, 18.247176818010324 ], [ 73.336769380835435, 18.24822659790863 ], [ 73.337380187284268, 18.248725036808569 ], [ 73.338937955140111, 18.249320817161621 ], [ 73.340853845890891, 18.250107598530878 ], [ 73.342154743219666, 18.25016896362791 ], [ 73.343626467838618, 18.25049951980829 ], [ 73.345263671174948, 18.251534336678674 ], [ 73.346085777375166, 18.25192133821276 ], [ 73.347469341458677, 18.252073607209912 ], [ 73.350437450893978, 18.251777987989751 ], [ 73.351927260973497, 18.2514126443564 ], [ 73.353698805133078, 18.250886256974468 ], [ 73.355654870865223, 18.250368385592996 ], [ 73.357226896217327, 18.250354990845381 ], [ 73.358509684988789, 18.250763540234221 ], [ 73.360144646472079, 18.251798387047039 ], [ 73.361150304841928, 18.252193984851569 ], [ 73.364550483104452, 18.252876072551608 ], [ 73.368331097991728, 18.253140249347702 ], [ 73.371295325433394, 18.25284312920995 ], [ 73.373204220726791, 18.252932310781297 ] ] ] ] } },
{ "type": "Feature", "properties": { "vlcode": "555037", "village": "Rupavali", "subdistric": "Mahad", "population": 812.0, "multihazard_priority_100": 74.367264853946679, "multihazard_priority_percentile": 98.97629310344827, "dominant_hazard": "Landslide-dominant", "decision_status": "Recommended", "decision_reason": "Capacity-feasible strict candidate identified", "patch_id": 4165.0, "recommendation_status": "Strong Candidate", "area_ha": 49.371339690821166, "required_area_ha": 8.12, "capacity_ratio": 6.0802142476380743, "distance_km": 8.675823065006135, "site_flood": 43.629325866699219, "site_landslide": 15.431212425231934, "site_slope_deg": 2.1298568248748779, "site_road_dist_m": 1340.3326416015625, "final_feasibility_score": 77.949804314399003 }, "geometry": { "type": "MultiPolygon", "coordinates": [ [ [ [ 73.544904371363685, 18.083141295911318 ], [ 73.546757870029197, 18.082412412924956 ], [ 73.548388166228378, 18.08263879525364 ], [ 73.550284323233512, 18.082835065171441 ], [ 73.550771580893255, 18.082308532230631 ], [ 73.552782772969977, 18.082164183039318 ], [ 73.55334558512186, 18.081793933119346 ], [ 73.553941425340099, 18.080656135801792 ], [ 73.555472502028493, 18.078964120876005 ], [ 73.558386555940046, 18.079040886480115 ], [ 73.56135051363853, 18.077969176617398 ], [ 73.564124504847072, 18.077088947612761 ], [ 73.566793667427575, 18.076707346743252 ], [ 73.567559727458573, 18.07383598349881 ], [ 73.567929696383828, 18.069394126860846 ], [ 73.567423018708794, 18.063940297096764 ], [ 73.567564455138253, 18.055559957149921 ], [ 73.567191563146594, 18.052161961341906 ], [ 73.564990947826843, 18.052794188828074 ], [ 73.563642003747304, 18.052536740840708 ], [ 73.563290927463044, 18.052469973039106 ], [ 73.560560242443046, 18.051559850610076 ], [ 73.557967289069751, 18.050517192570386 ], [ 73.557546591207611, 18.050292096541121 ], [ 73.553501751889272, 18.052124676912626 ], [ 73.549233468701601, 18.054195441024422 ], [ 73.546473482681364, 18.055534781253101 ], [ 73.546692876416429, 18.058426731625584 ], [ 73.545969050639073, 18.062675401825839 ], [ 73.543788037061915, 18.066890918806756 ], [ 73.541340056923076, 18.068781230127257 ], [ 73.540544351004385, 18.068967786006535 ], [ 73.54074503467136, 18.069927998370463 ], [ 73.541583393449969, 18.075903187254898 ], [ 73.541030291596627, 18.080306958226487 ], [ 73.539069944537729, 18.083528726615949 ], [ 73.538199192841617, 18.08406187492994 ], [ 73.538553167378538, 18.088795346081501 ], [ 73.541090202310073, 18.087085758239123 ], [ 73.542389169269029, 18.086536949996336 ], [ 73.543547511610996, 18.085029224870127 ], [ 73.544904371363685, 18.083141295911318 ] ] ] ] } },
{ "type": "Feature", "properties": { "vlcode": "554326", "village": "Pigonde", "subdistric": "Roha", "population": 939.0, "multihazard_priority_100": 74.208236722219013, "multihazard_priority_percentile": 98.922413793103445, "dominant_hazard": "Mixed", "decision_status": "No Capacity-Feasible Site", "decision_reason": "Strict candidate sites were identified within 25 km, but none met the prototype land-capacity requirement.", "patch_id": 3382.0, "recommendation_status": "Rejected", "area_ha": 6.2518642439011582, "required_area_ha": 9.39, "capacity_ratio": 0.66580023896710949, "distance_km": 3.786485276146049, "site_flood": 37.508434295654297, "site_landslide": 22.330228805541992, "site_slope_deg": 2.7901077270507808, "site_road_dist_m": 2577.3251953125, "final_feasibility_score": 17.708692865864347 }, "geometry": { "type": "MultiPolygon", "coordinates": [ [ [ [ 73.118977748467003, 18.56470735677777 ], [ 73.119745459685987, 18.562871685210933 ], [ 73.120029789549861, 18.561730902875794 ], [ 73.11905666577114, 18.561562878262304 ], [ 73.118552181841721, 18.561370766572232 ], [ 73.118224957801999, 18.561136182682922 ], [ 73.117906830205499, 18.560795130007548 ], [ 73.11764629075553, 18.560457711418248 ], [ 73.117616025097647, 18.560134697275462 ], [ 73.117710007339838, 18.559712426608439 ], [ 73.117963034045204, 18.559460630987079 ], [ 73.118017691673046, 18.558821987593909 ], [ 73.117881461353662, 18.558385567991095 ], [ 73.117607328327296, 18.558208069572366 ], [ 73.117404441678232, 18.557874568521186 ], [ 73.11771961753837, 18.557573271735993 ], [ 73.118028835030486, 18.557004269801713 ], [ 73.118116964350634, 18.556314732295085 ], [ 73.118153503108275, 18.555889375282927 ], [ 73.118314314059035, 18.555364869898174 ], [ 73.118111521031864, 18.555031717147699 ], [ 73.117779907160582, 18.554850933563163 ], [ 73.117213499310623, 18.554709080190126 ], [ 73.116778582789891, 18.555056172169653 ], [ 73.116449635636428, 18.555516697130013 ], [ 73.116014718251719, 18.555863808581787 ], [ 73.115579797565587, 18.556210920722982 ], [ 73.115038896344188, 18.556444563184908 ], [ 73.113710418996291, 18.556415466503008 ], [ 73.113263648592053, 18.556227389620261 ], [ 73.112844354795982, 18.555720487165708 ], [ 73.112616098374119, 18.555011920949994 ], [ 73.112608955111426, 18.554424050034456 ], [ 73.112756167134137, 18.554059408062745 ], [ 73.112859594284728, 18.553531935948108 ], [ 73.112670673440405, 18.553039837250619 ], [ 73.112046753742391, 18.552894506097982 ], [ 73.111687643594109, 18.553032391911028 ], [ 73.111358537666035, 18.553492358190123 ], [ 73.11137938186711, 18.553920685764229 ], [ 73.11095145314863, 18.554855140674906 ], [ 73.110228623017463, 18.555183983433317 ], [ 73.108621489795894, 18.555030559261759 ], [ 73.108045867562623, 18.554994710139177 ], [ 73.106811476694631, 18.555067365585575 ], [ 73.106335016980111, 18.555671659028324 ], [ 73.106734015604729, 18.556098776145173 ], [ 73.106955573799013, 18.557319578457495 ], [ 73.107698527134858, 18.560083769323874 ], [ 73.10857643495531, 18.562556978984588 ], [ 73.109663294214201, 18.565146643071582 ], [ 73.110411063248492, 18.566606811116483 ], [ 73.11098485522831, 18.567551831012551 ], [ 73.111192881344465, 18.567925979225564 ], [ 73.11174154806605, 18.568912896825069 ], [ 73.112740879053376, 18.569986892845101 ], [ 73.11344049353805, 18.570738959317143 ], [ 73.113714861488816, 18.571363063743849 ], [ 73.116638337764826, 18.568983954076376 ], [ 73.117255492345436, 18.568489483960789 ], [ 73.117688263963188, 18.567673683771467 ], [ 73.117939962977104, 18.567199311018808 ], [ 73.118426314798938, 18.565985888253483 ], [ 73.118977748467003, 18.56470735677777 ] ] ] ] } },
{ "type": "Feature", "properties": { "vlcode": "555215", "village": "Kondhawi", "subdistric": "Poladpur", "population": 440.0, "multihazard_priority_100": 74.146206331153991, "multihazard_priority_percentile": 98.868534482758619, "dominant_hazard": "Mixed", "decision_status": "No Nearby Strict Site", "decision_reason": "No strict safe-land candidate of at least 2 ha was identified within the 25 km search radius.", "patch_id": null, "recommendation_status": "Not Available", "area_ha": null, "required_area_ha": 4.4, "capacity_ratio": null, "distance_km": null, "site_flood": null, "site_landslide": null, "site_slope_deg": null, "site_road_dist_m": null, "final_feasibility_score": null }, "geometry": { "type": "MultiPolygon", "coordinates": [ [ [ [ 73.462119251927092, 17.933352009742141 ], [ 73.464078269522119, 17.931685756179981 ], [ 73.464579125595804, 17.931260043873156 ], [ 73.46678723819943, 17.929684271556102 ], [ 73.468639168106321, 17.927926800568912 ], [ 73.469378534472384, 17.926320331736083 ], [ 73.47024263493249, 17.924218373307458 ], [ 73.470670469012362, 17.923664673537303 ], [ 73.471345707135328, 17.922791595698893 ], [ 73.472074424313774, 17.921481766101866 ], [ 73.472639085895153, 17.919888420315694 ], [ 73.472637255152492, 17.918524050653531 ], [ 73.472487067804437, 17.917931903981014 ], [ 73.472171520444334, 17.916687770437999 ], [ 73.468006603512066, 17.915542374210098 ], [ 73.464633961174357, 17.914552999505702 ], [ 73.461556378838253, 17.91316612522073 ], [ 73.459468819078339, 17.912213467778933 ], [ 73.459390779031366, 17.910612198702758 ], [ 73.459040619163986, 17.910252011034796 ], [ 73.458098557008611, 17.910292733865322 ], [ 73.456240864195493, 17.911004035489324 ], [ 73.456349154633756, 17.911403597891596 ], [ 73.45631843218267, 17.911876485370193 ], [ 73.456105743187194, 17.912263100259437 ], [ 73.45532837767955, 17.912672406815204 ], [ 73.452686524404655, 17.91277968610893 ], [ 73.452609861597693, 17.915735185533357 ], [ 73.451913632862059, 17.919909023221933 ], [ 73.451057703659572, 17.921983583354322 ], [ 73.449397772607426, 17.923410113227146 ], [ 73.447393207412958, 17.924194971173272 ], [ 73.447820778423264, 17.924271320125534 ], [ 73.448905421610391, 17.925020191240662 ], [ 73.449689169245545, 17.926173209859556 ], [ 73.450498164505404, 17.92870536469114 ], [ 73.451696694215428, 17.930829050450239 ], [ 73.452495147472447, 17.931586874001638 ], [ 73.454778063829806, 17.932284215457337 ], [ 73.457926602461214, 17.932252237808278 ], [ 73.458946595785619, 17.932163941877651 ], [ 73.460155432960534, 17.932058713906564 ], [ 73.461708582555232, 17.932385098117887 ], [ 73.462119251927092, 17.933352009742141 ] ] ] ] } },
{ "type": "Feature", "properties": { "vlcode": "555133", "village": "Kumbharde", "subdistric": "Mahad", "population": 595.0, "multihazard_priority_100": 73.947428750215281, "multihazard_priority_percentile": 98.814655172413794, "dominant_hazard": "Mixed", "decision_status": "No Nearby Strict Site", "decision_reason": "No strict safe-land candidate of at least 2 ha was identified within the 25 km search radius.", "patch_id": null, "recommendation_status": "Not Available", "area_ha": null, "required_area_ha": 5.95, "capacity_ratio": null, "distance_km": null, "site_flood": null, "site_landslide": null, "site_slope_deg": null, "site_road_dist_m": null, "final_feasibility_score": null }, "geometry": { "type": "MultiPolygon", "coordinates": [ [ [ [ 73.381914005662438, 17.94946700867326 ], [ 73.383660959782731, 17.948687781610349 ], [ 73.385423232964314, 17.948498969808814 ], [ 73.38718394945856, 17.948897604186392 ], [ 73.388921512145288, 17.94887989279664 ], [ 73.391030384797943, 17.948844848566125 ], [ 73.391772002299305, 17.948829620147222 ], [ 73.391769331190105, 17.947822644673305 ], [ 73.391947244065619, 17.944608151586248 ], [ 73.391731496938434, 17.941816935905759 ], [ 73.391487987216465, 17.93844589289802 ], [ 73.390643685557166, 17.93551126022307 ], [ 73.389639305098981, 17.934568348588058 ], [ 73.388638279866768, 17.933830348228664 ], [ 73.385258588073867, 17.933953807564386 ], [ 73.379812396416682, 17.933125782388217 ], [ 73.369288706803189, 17.933541580361258 ], [ 73.371913757320556, 17.935621788890057 ], [ 73.373146848672349, 17.941078074256069 ], [ 73.37347966768634, 17.943881785024693 ], [ 73.374144869739268, 17.945833135103431 ], [ 73.375571526669248, 17.94746631589048 ], [ 73.377389736933665, 17.949134164633399 ], [ 73.378566255645325, 17.949175980663917 ], [ 73.380943936049619, 17.949849879261084 ], [ 73.381914005662438, 17.94946700867326 ] ] ] ] } },
{ "type": "Feature", "properties": { "vlcode": "555044", "village": "Bhivghar", "subdistric": "Mahad", "population": 444.0, "multihazard_priority_100": 73.851053314222398, "multihazard_priority_percentile": 98.760775862068968, "dominant_hazard": "Flood-dominant", "decision_status": "Recommended", "decision_reason": "Capacity-feasible strict candidate identified", "patch_id": 4165.0, "recommendation_status": "Strong Candidate", "area_ha": 49.371339690821166, "required_area_ha": 4.44, "capacity_ratio": 11.119671101536298, "distance_km": 10.429334861384714, "site_flood": 43.629325866699219, "site_landslide": 15.431212425231934, "site_slope_deg": 2.1298568248748779, "site_road_dist_m": 1340.3326416015625, "final_feasibility_score": 76.371643697658271 }, "geometry": { "type": "MultiPolygon", "coordinates": [ [ [ [ 73.512085857016629, 18.09063287898293 ], [ 73.51516818489273, 18.088755247425599 ], [ 73.516641850410593, 18.088389665963909 ], [ 73.518718655597013, 18.086698361709651 ], [ 73.519562677850743, 18.08522330450252 ], [ 73.520885222115638, 18.082909545857174 ], [ 73.522613759847076, 18.080827516013777 ], [ 73.523936986267728, 18.079094120981942 ], [ 73.524350481469128, 18.07855211477202 ], [ 73.525185241387106, 18.076073761947971 ], [ 73.525614891234866, 18.074546277989796 ], [ 73.526805359271989, 18.072257813302784 ], [ 73.52797934255787, 18.070350278368558 ], [ 73.528044820341307, 18.068814731880526 ], [ 73.528292213751698, 18.067279788046825 ], [ 73.528216459873633, 18.064779058391018 ], [ 73.528087762128322, 18.063766233517615 ], [ 73.526958740335189, 18.064384326745454 ], [ 73.525866778061371, 18.064376262235122 ], [ 73.524418934276753, 18.064174008462373 ], [ 73.522615206772997, 18.063778342880067 ], [ 73.520588681062534, 18.06434368856695 ], [ 73.517776684175644, 18.066249350868375 ], [ 73.51392636111369, 18.068816506255072 ], [ 73.513502267023156, 18.070107303243983 ], [ 73.513161899606018, 18.071142613065199 ], [ 73.512156459214353, 18.073075460552559 ], [ 73.511533637022296, 18.073546824979356 ], [ 73.511624111173674, 18.073876543666746 ], [ 73.512419223531992, 18.076552587582643 ], [ 73.512643194533723, 18.07979478855431 ], [ 73.511939214675081, 18.083406010740774 ], [ 73.511284260123617, 18.085871256100035 ], [ 73.509369142962612, 18.087942264593718 ], [ 73.508788415277436, 18.08869543579647 ], [ 73.508496557787751, 18.091155416181842 ], [ 73.509074851781563, 18.093277177796967 ], [ 73.51179612537689, 18.090809069606301 ], [ 73.512085857016629, 18.09063287898293 ] ] ] ] } },
{ "type": "Feature", "properties": { "vlcode": "554784", "village": "Charai Kh", "subdistric": "Tala", "population": 975.0, "multihazard_priority_100": 73.734801764866319, "multihazard_priority_percentile": 98.706896551724128, "dominant_hazard": "Mixed", "decision_status": "Recommended", "decision_reason": "Capacity-feasible strict candidate identified", "patch_id": 3991.0, "recommendation_status": "Suitable Candidate", "area_ha": 21.146011413198519, "required_area_ha": 9.75, "capacity_ratio": 2.1688216834049761, "distance_km": 15.968942281163844, "site_flood": 41.879283905029297, "site_landslide": 19.043685913085938, "site_slope_deg": 3.1822178363800049, "site_road_dist_m": 1093.25634765625, "final_feasibility_score": 60.705960318641637 }, "geometry": { "type": "MultiPolygon", "coordinates": [ [ [ [ 73.156456245401543, 18.263412891289715 ], [ 73.157038167882035, 18.261539184879723 ], [ 73.1575003664382, 18.258899849163647 ], [ 73.158136950075487, 18.256891339124984 ], [ 73.158504501725133, 18.254184887333949 ], [ 73.157352825273421, 18.253922278828064 ], [ 73.155260083413566, 18.252837913559954 ], [ 73.15250940538705, 18.251098105683916 ], [ 73.149641562469967, 18.250061751931046 ], [ 73.146849682896288, 18.24973898329803 ], [ 73.144626168709209, 18.249800656617545 ], [ 73.14171704398187, 18.250181541629029 ], [ 73.136109632727255, 18.250244002417777 ], [ 73.131780862815305, 18.249796388397062 ], [ 73.131963338137083, 18.250334061549914 ], [ 73.132179027201715, 18.25453916153862 ], [ 73.131934092917362, 18.257347641549678 ], [ 73.13189099510106, 18.258870380182685 ], [ 73.132004773712069, 18.260706271047962 ], [ 73.132267372509006, 18.262845005322092 ], [ 73.134405888887756, 18.263779565589207 ], [ 73.140857220105261, 18.266567638449057 ], [ 73.145587828504517, 18.268336027760952 ], [ 73.148012790049393, 18.268429091010063 ], [ 73.149548014143846, 18.268118830022942 ], [ 73.150853040278079, 18.26750991716559 ], [ 73.152051254960341, 18.267402934416648 ], [ 73.153231951146125, 18.267887093357089 ], [ 73.154548219450106, 18.269170458937335 ], [ 73.155653533136899, 18.26599626435365 ], [ 73.156456245401543, 18.263412891289715 ] ] ] ] } },
{ "type": "Feature", "properties": { "vlcode": "555144", "village": "Matwan", "subdistric": "Poladpur", "population": 944.0, "multihazard_priority_100": 73.474530700099663, "multihazard_priority_percentile": 98.653017241379317, "dominant_hazard": "Landslide-dominant", "decision_status": "Recommended", "decision_reason": "Capacity-feasible strict candidate identified", "patch_id": 4165.0, "recommendation_status": "Strong Candidate", "area_ha": 49.371339690821166, "required_area_ha": 9.44, "capacity_ratio": 5.2300147977564784, "distance_km": 12.371855162297246, "site_flood": 43.629325866699219, "site_landslide": 15.431212425231934, "site_slope_deg": 2.1298568248748779, "site_road_dist_m": 1340.3326416015625, "final_feasibility_score": 74.623375426837001 }, "geometry": { "type": "MultiPolygon", "coordinates": [ [ [ [ 73.513502267023156, 18.070107303243983 ], [ 73.508809017823538, 18.069782583231145 ], [ 73.503486013487915, 18.070690257566216 ], [ 73.499153346648441, 18.071862177318948 ], [ 73.496499830434175, 18.072172339843124 ], [ 73.495255825734432, 18.074475129419646 ], [ 73.49380971345245, 18.075780147319364 ], [ 73.492261612529148, 18.076559012298631 ], [ 73.489040122453218, 18.0776976779531 ], [ 73.489094690051999, 18.078064879222808 ], [ 73.488782419538694, 18.079157354710485 ], [ 73.488308700601394, 18.080930983448891 ], [ 73.4882434231193, 18.082432480169928 ], [ 73.488574299153441, 18.083936007722134 ], [ 73.489019815675491, 18.085848926100294 ], [ 73.48949478847824, 18.087079903091151 ], [ 73.489981467771003, 18.088038325044661 ], [ 73.49101283477367, 18.088593387165485 ], [ 73.49275603531359, 18.087928472377708 ], [ 73.493886926230203, 18.087089742388436 ], [ 73.494391967671262, 18.086714930136448 ], [ 73.496173399008796, 18.085226364176485 ], [ 73.498353213244272, 18.083736868818903 ], [ 73.499748686348241, 18.082100690156338 ], [ 73.501143880987698, 18.0804617776325 ], [ 73.502790059634762, 18.079096797805743 ], [ 73.503430015995434, 18.078669187246042 ], [ 73.504423093422091, 18.078005009949646 ], [ 73.506217480896552, 18.076223451793012 ], [ 73.507434878234704, 18.07553989789163 ], [ 73.509185256870481, 18.074720160257826 ], [ 73.511066574042076, 18.073900074715322 ], [ 73.511533637022296, 18.073546824979356 ], [ 73.512156459214353, 18.073075460552559 ], [ 73.513161899606018, 18.071142613065199 ], [ 73.513502267023156, 18.070107303243983 ] ] ] ] } },
{ "type": "Feature", "properties": { "vlcode": "553969", "village": "Kondhavi", "subdistric": "Pen", "population": 1573.0, "multihazard_priority_100": 73.142990345480555, "multihazard_priority_percentile": 98.599137931034491, "dominant_hazard": "Landslide-dominant", "decision_status": "No Capacity-Feasible Site", "decision_reason": "Strict candidate sites were identified within 25 km, but none met the prototype land-capacity requirement.", "patch_id": 3382.0, "recommendation_status": "Rejected", "area_ha": 6.2518642439011582, "required_area_ha": 15.73, "capacity_ratio": 0.3974484579721016, "distance_km": 9.7896407571561816, "site_flood": 37.508434295654297, "site_landslide": 22.330228805541992, "site_slope_deg": 2.7901077270507808, "site_road_dist_m": 2577.3251953125, "final_feasibility_score": 14.205797987725663 }, "geometry": { "type": "MultiPolygon", "coordinates": [ [ [ [ 73.152935071470324, 18.650010601022213 ], [ 73.153495636521953, 18.64979078518467 ], [ 73.15485034922078, 18.649878114535859 ], [ 73.155943389410396, 18.649820423751962 ], [ 73.157470615877386, 18.649406396473093 ], [ 73.1589791207129, 18.649246938037003 ], [ 73.15938545565362, 18.649272904860357 ], [ 73.160604439545068, 18.649350698420157 ], [ 73.16206657043783, 18.649827881067878 ], [ 73.162571463459486, 18.650372135339467 ], [ 73.163898344269953, 18.650840570243343 ], [ 73.164981935300787, 18.650909271638469 ], [ 73.166210103814947, 18.650858936581034 ], [ 73.167077679123409, 18.650145405162849 ], [ 73.167782276181029, 18.649805708358357 ], [ 73.168800660302708, 18.650866772638874 ], [ 73.169319788049421, 18.650298900997569 ], [ 73.169941506418525, 18.649537142232745 ], [ 73.170510245516297, 18.64884030232249 ], [ 73.172332199375916, 18.646144121252888 ], [ 73.173460492240466, 18.643660788360609 ], [ 73.174788316441308, 18.640297353670874 ], [ 73.175242497999378, 18.637773977825251 ], [ 73.175283304222106, 18.635353383669834 ], [ 73.175324862477879, 18.632933649595181 ], [ 73.175348497929917, 18.630768465189515 ], [ 73.17536336714106, 18.62873076757614 ], [ 73.174971449784053, 18.624885742139679 ], [ 73.174130100296438, 18.621651418001072 ], [ 73.173531395922851, 18.618815323814236 ], [ 73.173521200656793, 18.617161163197089 ], [ 73.173780826435774, 18.615523939510684 ], [ 73.174810408700949, 18.614442620683175 ], [ 73.175715587556041, 18.611447237925443 ], [ 73.17651783991893, 18.608048182390775 ], [ 73.175635043606206, 18.607994496122132 ], [ 73.174117952274059, 18.607902129003477 ], [ 73.173398693319186, 18.607347271323817 ], [ 73.172665819181191, 18.605565462965654 ], [ 73.172049813768922, 18.603689159037462 ], [ 73.171542782805702, 18.601820080937649 ], [ 73.170594985710949, 18.600026770514098 ], [ 73.169776232715947, 18.599364410556181 ], [ 73.168785038195367, 18.599507999269942 ], [ 73.166786448319002, 18.599998114178725 ], [ 73.164888015270478, 18.600596196764624 ], [ 73.163639738796178, 18.601234044037675 ], [ 73.162158602131925, 18.602061678527065 ], [ 73.159886488832001, 18.603248583049321 ], [ 73.15807176659483, 18.604157034901263 ], [ 73.156497710281087, 18.604773816093964 ], [ 73.15563330736947, 18.60471991846978 ], [ 73.155015280351648, 18.606540234298802 ], [ 73.154023095688984, 18.608592623465107 ], [ 73.154072036151234, 18.609486209571514 ], [ 73.153437728341672, 18.610002971408761 ], [ 73.152760192717935, 18.611073680546127 ], [ 73.151736620199969, 18.612011265389029 ], [ 73.150966749337414, 18.612742120911744 ], [ 73.149495933765067, 18.613317152297512 ], [ 73.148278760948045, 18.61368533793102 ], [ 73.146951846530882, 18.613934991738557 ], [ 73.14611523962067, 18.613993015039853 ], [ 73.144678499258561, 18.614123957418119 ], [ 73.14452561543979, 18.61455964496313 ], [ 73.144400449056192, 18.619230805981836 ], [ 73.144514818637376, 18.623920499660677 ], [ 73.142460598951018, 18.629065905100223 ], [ 73.14191201719477, 18.629170906178615 ], [ 73.140745385988694, 18.629496378146346 ], [ 73.139751166482554, 18.629431507624393 ], [ 73.138160517921392, 18.629063445270063 ], [ 73.13674315862103, 18.63183216410895 ], [ 73.136683508240921, 18.633525271519947 ], [ 73.13662679120695, 18.63514179494647 ], [ 73.135408302860128, 18.636848264737488 ], [ 73.134450959547252, 18.63869994171041 ], [ 73.133348549728154, 18.640670060635166 ], [ 73.132304669662631, 18.643666751671507 ], [ 73.131830877051414, 18.644529695205339 ], [ 73.13477520300188, 18.647027681438907 ], [ 73.13583071828316, 18.647481667914622 ], [ 73.136948262489128, 18.64847167057361 ], [ 73.137235726958124, 18.648726313862205 ], [ 73.138070456158118, 18.65031716474083 ], [ 73.142830932345163, 18.654088923273889 ], [ 73.145341070101409, 18.65515080465121 ], [ 73.146561190807233, 18.655230832084705 ], [ 73.148187965700487, 18.655337262691265 ], [ 73.149183474279454, 18.654761610613456 ], [ 73.150604130572134, 18.65395731609587 ], [ 73.151094556114359, 18.652836377213745 ], [ 73.151547715657813, 18.652225439654075 ], [ 73.151748502952302, 18.651342099475674 ], [ 73.152075495951721, 18.650595093275253 ], [ 73.152374474449545, 18.650230382178293 ], [ 73.152935071470324, 18.650010601022213 ] ] ] ] } },
{ "type": "Feature", "properties": { "vlcode": "555187", "village": "Karanje", "subdistric": "Poladpur", "population": 690.0, "multihazard_priority_100": 73.067819504395686, "multihazard_priority_percentile": 98.545258620689651, "dominant_hazard": "Landslide-dominant", "decision_status": "Recommended", "decision_reason": "Capacity-feasible strict candidate identified", "patch_id": 4165.0, "recommendation_status": "Suitable Candidate", "area_ha": 49.371339690821166, "required_area_ha": 6.9, "capacity_ratio": 7.1552666218581393, "distance_km": 18.061540062716269, "site_flood": 43.629325866699219, "site_landslide": 15.431212425231934, "site_slope_deg": 2.1298568248748779, "site_road_dist_m": 1340.3326416015625, "final_feasibility_score": 69.502659016459887 }, "geometry": { "type": "MultiPolygon", "coordinates": [ [ [ [ 73.62327930329198, 17.984614149363992 ], [ 73.6242654132501, 17.983948559130646 ], [ 73.627106526630698, 17.985341702006494 ], [ 73.627782768956919, 17.985709489628434 ], [ 73.628618201230125, 17.985562936719017 ], [ 73.629025844018969, 17.985503577230457 ], [ 73.629330311564104, 17.985347676174797 ], [ 73.629832364465628, 17.984916433622349 ], [ 73.630845757121989, 17.984012673051453 ], [ 73.631305967156663, 17.983651206184263 ], [ 73.631565655407016, 17.983560785788647 ], [ 73.632580634215685, 17.983310024235735 ], [ 73.632959114466161, 17.983169406588125 ], [ 73.633310097089677, 17.983039007149458 ], [ 73.633931872045224, 17.982798309305267 ], [ 73.634384059881143, 17.982623255109136 ], [ 73.634782963580008, 17.982467401411551 ], [ 73.636048147166122, 17.981658609344574 ], [ 73.637236918567226, 17.9808340819656 ], [ 73.637292572900705, 17.980525249873782 ], [ 73.637227125740566, 17.979812415966475 ], [ 73.63711378970855, 17.978643971087848 ], [ 73.637299924816119, 17.978312873630539 ], [ 73.638519181727133, 17.977276250069959 ], [ 73.639132108779719, 17.976749066436934 ], [ 73.639206025902169, 17.976463000137393 ], [ 73.639111584779684, 17.976121939316684 ], [ 73.638849196951838, 17.975630387964461 ], [ 73.638719715159169, 17.975387835702001 ], [ 73.638429269425231, 17.974836075627664 ], [ 73.638117797523847, 17.974314996884075 ], [ 73.638016271612869, 17.974014502980197 ], [ 73.638146201824824, 17.973272074745999 ], [ 73.638314629772992, 17.972813087132426 ], [ 73.638528066388375, 17.971754577529651 ], [ 73.638360117882186, 17.971460600772126 ], [ 73.638049027067822, 17.971267764920125 ], [ 73.637501352734475, 17.970886006116569 ], [ 73.637100458678788, 17.970658724400352 ], [ 73.636760311885865, 17.970465879695414 ], [ 73.636442891579023, 17.97024386521343 ], [ 73.63604028002068, 17.969962257207758 ], [ 73.635061854902901, 17.969358958190607 ], [ 73.632527487269016, 17.969470615083356 ], [ 73.627457443742202, 17.971039706284561 ], [ 73.623149625079435, 17.971922431253898 ], [ 73.620172599100371, 17.972399269318188 ], [ 73.618386482572845, 17.97249311909275 ], [ 73.617511658475479, 17.972393922616842 ], [ 73.616599265370681, 17.971916023384171 ], [ 73.61544814372273, 17.971125506919801 ], [ 73.61439482361699, 17.970636163162716 ], [ 73.612301955156184, 17.970180995625622 ], [ 73.610591996213074, 17.96950441295014 ], [ 73.609421234168749, 17.969148880815283 ], [ 73.607796476832945, 17.969079852139529 ], [ 73.606571072251086, 17.96871848361365 ], [ 73.605355161145596, 17.967969605612065 ], [ 73.604126919847843, 17.967448483224352 ], [ 73.60203311489181, 17.967191805426673 ], [ 73.59968169176463, 17.966530591707567 ], [ 73.596803708849862, 17.965446327700782 ], [ 73.59372145121776, 17.964107679862906 ], [ 73.591539839965165, 17.963358138058943 ], [ 73.590003819368945, 17.963112020848207 ], [ 73.58778853062114, 17.963587195498466 ], [ 73.585822815424962, 17.964147868221808 ], [ 73.58277168769304, 17.965333338362356 ], [ 73.581225963323718, 17.965799183380671 ], [ 73.580631312622884, 17.965980001954485 ], [ 73.577805766081497, 17.9664001989367 ], [ 73.576279896597597, 17.966736090910484 ], [ 73.573984197540909, 17.96707556045526 ], [ 73.571537586377232, 17.96749665370152 ], [ 73.567275380932458, 17.967773024203517 ], [ 73.564330801921642, 17.967443322891256 ], [ 73.564761269498888, 17.968230899505127 ], [ 73.56474191451602, 17.970487878855934 ], [ 73.563713412479458, 17.974383117014145 ], [ 73.561972976876831, 17.978132255436481 ], [ 73.561438002706467, 17.979762117638174 ], [ 73.561327297571836, 17.98015116778074 ], [ 73.562964275020192, 17.980024869687885 ], [ 73.567362567779156, 17.980232026564121 ], [ 73.571023810492846, 17.981248790437014 ], [ 73.574650651886344, 17.98295549211181 ], [ 73.575644865993709, 17.982954760054032 ], [ 73.576748839528847, 17.982611266053706 ], [ 73.578280843167832, 17.98123670904771 ], [ 73.581513563121973, 17.979051507600179 ], [ 73.585119652124817, 17.976970170545254 ], [ 73.586417053305027, 17.976678684047446 ], [ 73.587691532540262, 17.97639555891362 ], [ 73.590640212041194, 17.97664152731052 ], [ 73.594219507739041, 17.978301721796402 ], [ 73.597844150738069, 17.979904151672841 ], [ 73.598473811273337, 17.980079505355576 ], [ 73.602101667988009, 17.981084271219625 ], [ 73.604577254791721, 17.981160124105152 ], [ 73.606308577208495, 17.980758878776754 ], [ 73.608035054050205, 17.980019178640621 ], [ 73.610655651430463, 17.979521544123177 ], [ 73.612538296208569, 17.979335370473059 ], [ 73.612877945830448, 17.979408243046148 ], [ 73.614222059812704, 17.97969468400262 ], [ 73.615268839840439, 17.98070578173331 ], [ 73.616394623605913, 17.982269263104538 ], [ 73.618033644890275, 17.983715771031331 ], [ 73.619573093132516, 17.985152228341516 ], [ 73.621170515068457, 17.985571232795095 ], [ 73.62327930329198, 17.984614149363992 ] ] ] ] } },
{ "type": "Feature", "properties": { "vlcode": "554672", "village": "Unegaon", "subdistric": "Mangaon", "population": 1338.0, "multihazard_priority_100": 73.043777658651763, "multihazard_priority_percentile": 98.491379310344826, "dominant_hazard": "Flood-dominant", "decision_status": "Recommended", "decision_reason": "Capacity-feasible strict candidate identified", "patch_id": 3639.0, "recommendation_status": "Suitable Candidate", "area_ha": 31.535138759679722, "required_area_ha": 13.38, "capacity_ratio": 2.3568863049087985, "distance_km": 23.153786078041342, "site_flood": 38.779018402099609, "site_landslide": 17.533565521240234, "site_slope_deg": 4.6813359260559082, "site_road_dist_m": 575.30950927734375, "final_feasibility_score": 59.529783969893238 }, "geometry": { "type": "MultiPolygon", "coordinates": [ [ [ [ 73.290056019201614, 18.206658790347895 ], [ 73.291693238810112, 18.206431449928932 ], [ 73.292177490609831, 18.206529912599365 ], [ 73.292250297466722, 18.205515645745429 ], [ 73.2925137925277, 18.204005540398608 ], [ 73.292866360672491, 18.201969949623013 ], [ 73.292979918696773, 18.200717501781021 ], [ 73.293452364184503, 18.19934926323522 ], [ 73.294210614001088, 18.197927930881509 ], [ 73.294669800873521, 18.196956075053162 ], [ 73.294786564990716, 18.195637293641429 ], [ 73.294929110377808, 18.193591292895007 ], [ 73.295277915477584, 18.191810255669058 ], [ 73.294274969833268, 18.191654685372217 ], [ 73.292622931874746, 18.191578904459956 ], [ 73.291058132454594, 18.191156065372663 ], [ 73.288974649117918, 18.19049874129799 ], [ 73.286282006055814, 18.190023753606365 ], [ 73.284786288484455, 18.189744199715804 ], [ 73.283520855164213, 18.189334930204708 ], [ 73.281725967411887, 18.188829706322071 ], [ 73.281116391943456, 18.190162361989412 ], [ 73.279880380646205, 18.1926688584347 ], [ 73.279454501737888, 18.194999125774398 ], [ 73.279437700567527, 18.197134765292066 ], [ 73.278795154035109, 18.199134170899928 ], [ 73.277515281059522, 18.203025883318478 ], [ 73.276971042548126, 18.205563443537592 ], [ 73.2773513477064, 18.207931139840746 ], [ 73.277848495227801, 18.210067726413307 ], [ 73.278305725363737, 18.209929640005235 ], [ 73.280545345121595, 18.209377869486286 ], [ 73.282573501275436, 18.209097843492739 ], [ 73.284298949370012, 18.208803284818469 ], [ 73.285734263604567, 18.208118728379134 ], [ 73.287584788036412, 18.207077314122042 ], [ 73.288502409715974, 18.206813909740003 ], [ 73.290056019201614, 18.206658790347895 ] ] ] ] } },
{ "type": "Feature", "properties": { "vlcode": "554526", "village": "Adulse", "subdistric": "Sudhagad", "population": 1371.0, "multihazard_priority_100": 72.785696781031874, "multihazard_priority_percentile": 98.4375, "dominant_hazard": "Landslide-dominant", "decision_status": "Recommended", "decision_reason": "Capacity-feasible strict candidate identified", "patch_id": 3588.0, "recommendation_status": "Suitable Candidate", "area_ha": 47.716434449771562, "required_area_ha": 13.71, "capacity_ratio": 3.4804109737251325, "distance_km": 17.063687016837669, "site_flood": 39.505401611328125, "site_landslide": 11.250994682312012, "site_slope_deg": 2.4479162693023682, "site_road_dist_m": 1125.5762939453125, "final_feasibility_score": 71.384946762533716 }, "geometry": { "type": "MultiPolygon", "coordinates": [ [ [ [ 73.288652401861654, 18.548876880254607 ], [ 73.289025483842011, 18.546448001435603 ], [ 73.289826235556546, 18.544328177147374 ], [ 73.290836439397026, 18.543226503624798 ], [ 73.292928599294697, 18.541891396169564 ], [ 73.295979429703792, 18.541612798384673 ], [ 73.299108419286185, 18.541446184364858 ], [ 73.298782567717851, 18.540501360036664 ], [ 73.298608615409208, 18.539431404839657 ], [ 73.298387173647555, 18.537429612577789 ], [ 73.297848818615563, 18.535808472077267 ], [ 73.297827697644948, 18.534611661542016 ], [ 73.297854159684803, 18.534345614356081 ], [ 73.297950572883622, 18.533376303914007 ], [ 73.298025057874739, 18.532627435638958 ], [ 73.298223430343356, 18.530643205663832 ], [ 73.298283315428463, 18.528652221373815 ], [ 73.297732991877027, 18.527161086506144 ], [ 73.297448751276008, 18.525816846066547 ], [ 73.298017872118791, 18.524385195321564 ], [ 73.299290812959001, 18.522992860116034 ], [ 73.300682039203821, 18.521875411903661 ], [ 73.301295596111373, 18.521088035765924 ], [ 73.301671910216868, 18.520605111470072 ], [ 73.301788933291178, 18.519550023814009 ], [ 73.301623058891479, 18.519308546149222 ], [ 73.300934630683855, 18.518306333403185 ], [ 73.300354279336517, 18.516993594503496 ], [ 73.300037546673508, 18.516277149355126 ], [ 73.298870477963064, 18.516289736196367 ], [ 73.297431612342038, 18.516474960108621 ], [ 73.296290553859507, 18.516545060495428 ], [ 73.294658241127053, 18.515925515047169 ], [ 73.292660356086472, 18.516085683344777 ], [ 73.289179782957632, 18.51696948720636 ], [ 73.284263575063193, 18.518185307333322 ], [ 73.283279394640061, 18.518136771893523 ], [ 73.282400404440097, 18.516898342191659 ], [ 73.280917356006711, 18.51602970230077 ], [ 73.278952392306934, 18.515801773967038 ], [ 73.277854917695336, 18.515350864167253 ], [ 73.276785832478822, 18.519883514463714 ], [ 73.274790639498349, 18.525525811524041 ], [ 73.272844275615498, 18.531608935019793 ], [ 73.271891548177479, 18.536001160701488 ], [ 73.265758090163743, 18.535789048647164 ], [ 73.26693770470601, 18.536978288080583 ], [ 73.268422073631982, 18.537834279279807 ], [ 73.269837623878587, 18.538425638484707 ], [ 73.271221422845898, 18.539363404531478 ], [ 73.274351724376885, 18.541255910593268 ], [ 73.275680853244239, 18.541755285891991 ], [ 73.277199467298175, 18.542176714749203 ], [ 73.278004062156612, 18.542389593180197 ], [ 73.279747386350394, 18.543232699712089 ], [ 73.281079939019719, 18.544689867048113 ], [ 73.282862662285297, 18.547908918807266 ], [ 73.283507569806844, 18.54886798428884 ], [ 73.284809874529486, 18.549277904165926 ], [ 73.288652401861654, 18.548876880254607 ] ] ] ] } },
{ "type": "Feature", "properties": { "vlcode": "554949", "village": "Maryamkhar", "subdistric": "Mhasla", "population": 710.0, "multihazard_priority_100": 72.429770254970478, "multihazard_priority_percentile": 98.383620689655174, "dominant_hazard": "Landslide-dominant", "decision_status": "Recommended", "decision_reason": "Capacity-feasible strict candidate identified", "patch_id": 4286.0, "recommendation_status": "Suitable Candidate", "area_ha": 125.77279831849096, "required_area_ha": 7.1, "capacity_ratio": 17.714478636407176, "distance_km": 16.897338013044344, "site_flood": 39.082473754882812, "site_landslide": 16.225446701049805, "site_slope_deg": 1.600567102432251, "site_road_dist_m": 2215.3359375, "final_feasibility_score": 68.370970638819315 }, "geometry": { "type": "MultiPolygon", "coordinates": [ [ [ [ 73.206446317845376, 18.08392629646 ], [ 73.206129103564848, 18.083119516984315 ], [ 73.205588964839876, 18.08196525344734 ], [ 73.205076030166481, 18.080475070495428 ], [ 73.204244715201114, 18.078299613614192 ], [ 73.20315671036019, 18.074779063621566 ], [ 73.202250468813659, 18.072293366917268 ], [ 73.201869767628281, 18.068720363873002 ], [ 73.200728740871568, 18.068160911394056 ], [ 73.199833297351859, 18.067388679362654 ], [ 73.199027609636659, 18.06638834705608 ], [ 73.198011521999675, 18.065103408394261 ], [ 73.197144426422383, 18.064017258194045 ], [ 73.196456893958342, 18.063333091811973 ], [ 73.196187422024295, 18.062646474890947 ], [ 73.19557539728801, 18.061779358376949 ], [ 73.194618486484032, 18.060521461560864 ], [ 73.193970658820732, 18.059792847686619 ], [ 73.193602596257165, 18.059378886063801 ], [ 73.192707272619387, 18.058520865250713 ], [ 73.191691596677217, 18.057949704701411 ], [ 73.190795739362656, 18.057698894608116 ], [ 73.191882056693473, 18.063864492226045 ], [ 73.191775887547095, 18.068134424034191 ], [ 73.191501142980869, 18.070009421128479 ], [ 73.189627072941349, 18.073504713488788 ], [ 73.18884613954701, 18.075822081995089 ], [ 73.188213492522522, 18.078147513502799 ], [ 73.187804413514627, 18.07956943505685 ], [ 73.188057364318936, 18.081951704135285 ], [ 73.188288947086164, 18.083907619853573 ], [ 73.191798664526445, 18.081527352552598 ], [ 73.193729049570592, 18.08122805719259 ], [ 73.195335065356133, 18.081304346766334 ], [ 73.196346325184024, 18.081482779339371 ], [ 73.197608805152541, 18.082199697653198 ], [ 73.198268539858816, 18.083154223014546 ], [ 73.199094403730228, 18.083852261260269 ], [ 73.200095423286825, 18.084160783620295 ], [ 73.201290095303591, 18.083814034545345 ], [ 73.202056812743564, 18.083315300720841 ], [ 73.202493613385755, 18.083333079248209 ], [ 73.20290171805371, 18.083747477481648 ], [ 73.203300712463928, 18.084294481322708 ], [ 73.20487473694314, 18.084756730701191 ], [ 73.205866568176589, 18.085195503008126 ], [ 73.205820895991735, 18.085858603511937 ], [ 73.206406800208086, 18.084492451087826 ], [ 73.206446317845376, 18.08392629646 ] ] ] ] } },
{ "type": "Feature", "properties": { "vlcode": "555185", "village": "Borawale", "subdistric": "Poladpur", "population": 591.0, "multihazard_priority_100": 72.387076840702861, "multihazard_priority_percentile": 98.329741379310349, "dominant_hazard": "Landslide-dominant", "decision_status": "Recommended", "decision_reason": "Capacity-feasible strict candidate identified", "patch_id": 4165.0, "recommendation_status": "Suitable Candidate", "area_ha": 49.371339690821166, "required_area_ha": 5.91, "capacity_ratio": 8.3538645838952892, "distance_km": 17.332319890584696, "site_flood": 43.629325866699219, "site_landslide": 15.431212425231934, "site_slope_deg": 2.1298568248748779, "site_road_dist_m": 1340.3326416015625, "final_feasibility_score": 70.158957171378304 }, "geometry": { "type": "MultiPolygon", "coordinates": [ [ [ [ 73.537999683960265, 17.997038354743076 ], [ 73.53932340266303, 17.995905177161131 ], [ 73.540205979556632, 17.994197798274207 ], [ 73.540895144950028, 17.992790065163664 ], [ 73.541442053492673, 17.99037983362151 ], [ 73.541929362372215, 17.987162002536042 ], [ 73.541641549424, 17.985255894589127 ], [ 73.540960433427017, 17.984159479049271 ], [ 73.54032968270964, 17.983676914375579 ], [ 73.539027339213135, 17.982681946944027 ], [ 73.538428732195356, 17.981786953898315 ], [ 73.537539443447727, 17.979508851119753 ], [ 73.536680143457986, 17.980487676781262 ], [ 73.535857154362915, 17.981183725624255 ], [ 73.535300435993094, 17.981330671521629 ], [ 73.534565174553833, 17.981345565372013 ], [ 73.533808874408393, 17.980343265344416 ], [ 73.532863401522178, 17.979481816698986 ], [ 73.532069415300029, 17.979432193675983 ], [ 73.531306799903646, 17.980127903702808 ], [ 73.530775606177869, 17.981156225623625 ], [ 73.530860182642897, 17.98210211864599 ], [ 73.531040399046375, 17.983722083306539 ], [ 73.530823872959729, 17.984537944670443 ], [ 73.530495453403319, 17.985085266164607 ], [ 73.529073418366565, 17.985384535756371 ], [ 73.528315235729565, 17.985940045080781 ], [ 73.527794193970877, 17.986692456118771 ], [ 73.52768631696523, 17.987840063189704 ], [ 73.527188201256834, 17.989532809048505 ], [ 73.526285849435524, 17.992104229710481 ], [ 73.525385843901944, 17.994603373614627 ], [ 73.524777927987515, 17.995954283340506 ], [ 73.523948698854653, 17.996704827395895 ], [ 73.522641294579614, 17.997128330844568 ], [ 73.521697072578903, 17.997679337013981 ], [ 73.521300541763821, 17.998354368442421 ], [ 73.521272896344868, 17.999022892586151 ], [ 73.521491228508879, 17.999687246991417 ], [ 73.521514081050853, 18.000621711460038 ], [ 73.521042149757577, 18.001630107283486 ], [ 73.519812600185858, 18.003115730090045 ], [ 73.518396435271129, 18.004776889294856 ], [ 73.518589378604659, 18.005098936946176 ], [ 73.521301015671298, 18.004052529457478 ], [ 73.526099983212532, 18.002452013567304 ], [ 73.530843954653179, 18.000585562908057 ], [ 73.534653393348322, 17.998930966855998 ], [ 73.537999683960265, 17.997038354743076 ] ] ] ] } },
{ "type": "Feature", "properties": { "vlcode": "554725", "village": "Madhegaon", "subdistric": "Mangaon", "population": 982.0, "multihazard_priority_100": 72.356854599107706, "multihazard_priority_percentile": 98.275862068965509, "dominant_hazard": "Flood-dominant", "decision_status": "No Capacity-Feasible Site", "decision_reason": "Strict candidate sites were identified within 25 km, but none met the prototype land-capacity requirement.", "patch_id": 3966.0, "recommendation_status": "Rejected", "area_ha": 6.4357426040103487, "required_area_ha": 9.82, "capacity_ratio": 0.65537093727192963, "distance_km": 22.492969072226281, "site_flood": 41.238719940185547, "site_landslide": 14.020320892333984, "site_slope_deg": 1.7864121198654177, "site_road_dist_m": 2097.66748046875, "final_feasibility_score": 12.199370312671013 }, "geometry": { "type": "MultiPolygon", "coordinates": [ [ [ [ 73.283894066134735, 18.134069818495728 ], [ 73.285990544858024, 18.134069478132826 ], [ 73.287209410472443, 18.133343231224444 ], [ 73.288112580592639, 18.131717501608293 ], [ 73.289031146066506, 18.12975899669912 ], [ 73.289574964646647, 18.128228238854099 ], [ 73.289849757640923, 18.126996855586132 ], [ 73.286342725503388, 18.126197892961997 ], [ 73.282189955420421, 18.126146460827286 ], [ 73.279952620954035, 18.125726476434167 ], [ 73.278530850586705, 18.124905670080661 ], [ 73.278100774304178, 18.124657421630967 ], [ 73.276006549357817, 18.123689627922911 ], [ 73.272918335330914, 18.123677036856424 ], [ 73.268496635870761, 18.124269190894445 ], [ 73.265121493082376, 18.125343826991546 ], [ 73.263079828099023, 18.125810303280666 ], [ 73.260474531772402, 18.125995715070708 ], [ 73.260428353096032, 18.127014494137711 ], [ 73.258926718193649, 18.12828988694897 ], [ 73.257831840350164, 18.128577445894827 ], [ 73.258751883317956, 18.129508173614738 ], [ 73.260711541508783, 18.130916086121982 ], [ 73.263258734504163, 18.132460057286764 ], [ 73.265734845168254, 18.132897377417233 ], [ 73.266741131936385, 18.132904429490118 ], [ 73.268822855263608, 18.132918756528785 ], [ 73.271915168735859, 18.132828968835774 ], [ 73.27384151736031, 18.132246450577213 ], [ 73.275511227640294, 18.132094391040642 ], [ 73.277630555918805, 18.132513063558829 ], [ 73.279611454076118, 18.133368229916627 ], [ 73.281369695416416, 18.133882400501246 ], [ 73.283260811787684, 18.134069849854125 ], [ 73.283894066134735, 18.134069818495728 ] ] ] ] } },
{ "type": "Feature", "properties": { "vlcode": "554662", "village": "Sai", "subdistric": "Mangaon", "population": 3304.0, "multihazard_priority_100": 72.156620522604783, "multihazard_priority_percentile": 98.221982758620683, "dominant_hazard": "Mixed", "decision_status": "No Capacity-Feasible Site", "decision_reason": "Strict candidate sites were identified within 25 km, but none met the prototype land-capacity requirement.", "patch_id": 3991.0, "recommendation_status": "Rejected", "area_ha": 21.146011413198519, "required_area_ha": 33.04, "capacity_ratio": 0.64001245197332068, "distance_km": 21.13805909101065, "site_flood": 41.879283905029297, "site_landslide": 19.043685913085938, "site_slope_deg": 3.1822178363800049, "site_road_dist_m": 1093.25634765625, "final_feasibility_score": 15.621564335778409 }, "geometry": { "type": "MultiPolygon", "coordinates": [ [ [ [ 73.202408329966715, 18.210889585935313 ], [ 73.204672489395463, 18.210587913022263 ], [ 73.205842803228222, 18.210646413886771 ], [ 73.206907036809085, 18.210851229660143 ], [ 73.206931587354276, 18.210598838789448 ], [ 73.208615060054754, 18.207129467070224 ], [ 73.20916357817589, 18.2056433604664 ], [ 73.209444461882185, 18.20361755340447 ], [ 73.209648067721773, 18.20178531257806 ], [ 73.209814796100076, 18.201069820055444 ], [ 73.210351444881269, 18.199977916577399 ], [ 73.212084988341161, 18.19835312736808 ], [ 73.212891683786509, 18.197735057844358 ], [ 73.213139515008592, 18.197193711795208 ], [ 73.212847866763724, 18.197089891497125 ], [ 73.212158726472367, 18.196399397036295 ], [ 73.211672874810091, 18.195718931190843 ], [ 73.211101457556836, 18.194565327465462 ], [ 73.209745891823673, 18.192528735181998 ], [ 73.208587443580015, 18.190689326374571 ], [ 73.207307828474001, 18.189406318807279 ], [ 73.205805007835082, 18.188674518790116 ], [ 73.203753020016066, 18.188393310267955 ], [ 73.202559020781294, 18.188229482087191 ], [ 73.200930695773025, 18.188146920458937 ], [ 73.198766954640575, 18.188787050070363 ], [ 73.196698240354081, 18.189619215676913 ], [ 73.194858872557987, 18.18971247988161 ], [ 73.192128339569464, 18.189009045698519 ], [ 73.190001890095857, 18.188523772998618 ], [ 73.185304259392311, 18.188560554461816 ], [ 73.180078574744527, 18.189036789229348 ], [ 73.179701122635691, 18.189283208753331 ], [ 73.178615569587009, 18.189991898859738 ], [ 73.177232479986969, 18.19160819152048 ], [ 73.176236685263277, 18.192558852037305 ], [ 73.180293399594618, 18.195961126326811 ], [ 73.181276343343924, 18.19679838275016 ], [ 73.182734216747207, 18.197374573830754 ], [ 73.183742875274149, 18.197427169022983 ], [ 73.184523418704117, 18.197324960245261 ], [ 73.185614209986838, 18.197238833292623 ], [ 73.18630523181622, 18.197488976927993 ], [ 73.18652611645318, 18.197857537900756 ], [ 73.186587176428645, 18.198360645809082 ], [ 73.186020721378867, 18.199045486227135 ], [ 73.185132370344846, 18.200070734983154 ], [ 73.184935337140971, 18.201346144311426 ], [ 73.185058044390942, 18.202352440958762 ], [ 73.185493429708004, 18.203303494432419 ], [ 73.186095475674705, 18.203906017063552 ], [ 73.187297254675229, 18.205182208282309 ], [ 73.188396478899449, 18.207238485315475 ], [ 73.188738845919858, 18.208684376064042 ], [ 73.188817594949398, 18.20897111179778 ], [ 73.189017408647459, 18.209698467906346 ], [ 73.18953982349052, 18.210367971251859 ], [ 73.189913947354412, 18.210815611097008 ], [ 73.19074862990621, 18.211429607272965 ], [ 73.191344088953414, 18.212245531302809 ], [ 73.191709323074079, 18.212978245670914 ], [ 73.191750131685183, 18.213858401735688 ], [ 73.194588324039444, 18.212819676080706 ], [ 73.198872249706284, 18.211458840428055 ], [ 73.202408329966715, 18.210889585935313 ] ] ] ] } },
{ "type": "Feature", "properties": { "vlcode": "555182", "village": "Boraj", "subdistric": "Poladpur", "population": 319.0, "multihazard_priority_100": 71.986223551053058, "multihazard_priority_percentile": 98.168103448275872, "dominant_hazard": "Mixed", "decision_status": "Recommended", "decision_reason": "Capacity-feasible strict candidate identified", "patch_id": 4165.0, "recommendation_status": "Suitable Candidate", "area_ha": 49.371339690821166, "required_area_ha": 3.19, "capacity_ratio": 15.476908993987823, "distance_km": 17.977611847826687, "site_flood": 43.629325866699219, "site_landslide": 15.431212425231934, "site_slope_deg": 2.1298568248748779, "site_road_dist_m": 1340.3326416015625, "final_feasibility_score": 69.578194409860501 }, "geometry": { "type": "MultiPolygon", "coordinates": [ [ [ [ 73.558966402123161, 17.987065481614032 ], [ 73.559925924364322, 17.98531022332768 ], [ 73.560414475739094, 17.98335159991538 ], [ 73.561327297571836, 17.98015116778074 ], [ 73.559746515267094, 17.980274386560307 ], [ 73.556851518048418, 17.979844613638154 ], [ 73.553874520051195, 17.978853354716101 ], [ 73.550036084800226, 17.976633686655376 ], [ 73.546461200928931, 17.974984607888537 ], [ 73.546232778558831, 17.975544254671757 ], [ 73.544018687800147, 17.979129928907902 ], [ 73.543185491612178, 17.979649549577644 ], [ 73.541455161394452, 17.979982534621744 ], [ 73.539554547588494, 17.980017035058122 ], [ 73.537539443447727, 17.979508851119753 ], [ 73.538428732195356, 17.981786953898315 ], [ 73.539027339213135, 17.982681946944027 ], [ 73.54032968270964, 17.983676914375579 ], [ 73.541675677345509, 17.983551117110544 ], [ 73.54269897054661, 17.983468663415994 ], [ 73.544491727837496, 17.9836433519189 ], [ 73.545191109110547, 17.984169186590623 ], [ 73.545585349776687, 17.984833208943712 ], [ 73.546141593260984, 17.985963542299174 ], [ 73.547318033698559, 17.986552129509533 ], [ 73.548811704852497, 17.986670334635527 ], [ 73.550731614559481, 17.986585081905663 ], [ 73.551502623516683, 17.986779396107305 ], [ 73.552667356050847, 17.987641531394459 ], [ 73.554627181746383, 17.988030390377062 ], [ 73.557201241186192, 17.987948223551392 ], [ 73.558966402123161, 17.987065481614032 ] ] ] ] } },
{ "type": "Feature", "properties": { "vlcode": "554715", "village": "Tempale", "subdistric": "Mangaon", "population": 1269.0, "multihazard_priority_100": 71.971928602429045, "multihazard_priority_percentile": 98.114224137931032, "dominant_hazard": "Landslide-dominant", "decision_status": "No Capacity-Feasible Site", "decision_reason": "Strict candidate sites were identified within 25 km, but none met the prototype land-capacity requirement.", "patch_id": 3966.0, "recommendation_status": "Rejected", "area_ha": 6.4357426040103487, "required_area_ha": 12.69, "capacity_ratio": 0.50715071741610307, "distance_km": 16.251569858977433, "site_flood": 41.238719940185547, "site_landslide": 14.020320892333984, "site_slope_deg": 1.7864121198654177, "site_road_dist_m": 2097.66748046875, "final_feasibility_score": 13.705172930161469 }, "geometry": { "type": "MultiPolygon", "coordinates": [ [ [ [ 73.34471607812354, 18.146667254100574 ], [ 73.344518077327606, 18.146343787763556 ], [ 73.344055094846013, 18.143281825173563 ], [ 73.343810417058876, 18.141139909026922 ], [ 73.340423219931367, 18.143041133895856 ], [ 73.338984513411106, 18.143836559963159 ], [ 73.337386502391638, 18.144412267688423 ], [ 73.33625750613966, 18.144527237512872 ], [ 73.33424152685501, 18.144340835377175 ], [ 73.332413637518599, 18.143682993136867 ], [ 73.331279878487209, 18.143100863651444 ], [ 73.331023042526795, 18.143540564732501 ], [ 73.33028684057706, 18.144308803161845 ], [ 73.328851107374334, 18.144982287612713 ], [ 73.327783272080097, 18.145271579314571 ], [ 73.326237467354545, 18.145209374873033 ], [ 73.324269412119918, 18.145130021055454 ], [ 73.323273776082033, 18.145355388559931 ], [ 73.32105963353365, 18.146062228390324 ], [ 73.319264075808093, 18.146851817775655 ], [ 73.31809029040673, 18.147931625417691 ], [ 73.316873980250975, 18.149173373395794 ], [ 73.317474691913404, 18.150902669758967 ], [ 73.319188326209002, 18.151381071679001 ], [ 73.321379357907077, 18.151577577245504 ], [ 73.324136547964343, 18.151691060965472 ], [ 73.325780959014466, 18.1514400126119 ], [ 73.327944106207454, 18.15089124949327 ], [ 73.329247955743128, 18.1506788393331 ], [ 73.330266114084509, 18.150560914988827 ], [ 73.331236745451719, 18.150228411146077 ], [ 73.332499117120008, 18.149641821932185 ], [ 73.33385574725996, 18.149484019165723 ], [ 73.335562091105629, 18.149021077028134 ], [ 73.33790051107276, 18.148210645799065 ], [ 73.341193192695059, 18.147383883367173 ], [ 73.34323128665514, 18.14698539979339 ], [ 73.34471607812354, 18.146667254100574 ] ] ] ] } },
{ "type": "Feature", "properties": { "vlcode": "553495", "village": "Ladiwali", "subdistric": "Panvel", "population": 1232.0, "multihazard_priority_100": 71.772218187584187, "multihazard_priority_percentile": 98.060344827586206, "dominant_hazard": "Mixed", "decision_status": "Recommended", "decision_reason": "Capacity-feasible strict candidate identified", "patch_id": 1549.0, "recommendation_status": "Suitable Candidate", "area_ha": 78.607998949055812, "required_area_ha": 12.32, "capacity_ratio": 6.3805193952155701, "distance_km": 17.350932538526468, "site_flood": 45.707916259765625, "site_landslide": 13.335333824157717, "site_slope_deg": 2.1730802059173584, "site_road_dist_m": 1091.994140625, "final_feasibility_score": 71.278966273053996 }, "geometry": { "type": "MultiPolygon", "coordinates": [ [ [ [ 73.155005043368703, 18.872876364454708 ], [ 73.158081540087721, 18.872817353814266 ], [ 73.159428162801817, 18.87289504298959 ], [ 73.16128224862068, 18.873001806253566 ], [ 73.160376292749049, 18.870450443905948 ], [ 73.159810546230887, 18.867022964666887 ], [ 73.159394280552249, 18.866146226500494 ], [ 73.15883126029, 18.864960205291144 ], [ 73.157341627496564, 18.862173152151595 ], [ 73.155629684166385, 18.860298162519406 ], [ 73.153344027238319, 18.859331420611021 ], [ 73.150368974534871, 18.858828382283782 ], [ 73.145481191463148, 18.858081677621808 ], [ 73.145419651111439, 18.860461282043829 ], [ 73.146030887853087, 18.864053192942244 ], [ 73.146723906858469, 18.866465108032962 ], [ 73.147270307000852, 18.867445810505131 ], [ 73.147979252272137, 18.868506761819962 ], [ 73.149497222997837, 18.870777674301419 ], [ 73.15195320534238, 18.872580654898034 ], [ 73.152247956186869, 18.872664700968858 ], [ 73.153519956172417, 18.873027277798649 ], [ 73.155005043368703, 18.872876364454708 ] ] ] ] } },
{ "type": "Feature", "properties": { "vlcode": "553910", "village": "Warsai", "subdistric": "Pen", "population": 1864.0, "multihazard_priority_100": 71.411062163350692, "multihazard_priority_percentile": 98.006465517241381, "dominant_hazard": "Mixed", "decision_status": "Recommended", "decision_reason": "Capacity-feasible strict candidate identified", "patch_id": 1549.0, "recommendation_status": "Suitable Candidate", "area_ha": 78.607998949055812, "required_area_ha": 18.64, "capacity_ratio": 4.217167325593123, "distance_km": 24.783477959794041, "site_flood": 45.707916259765625, "site_landslide": 13.335333824157717, "site_slope_deg": 2.1730802059173584, "site_road_dist_m": 1091.994140625, "final_feasibility_score": 64.589675393913197 }, "geometry": { "type": "MultiPolygon", "coordinates": [ [ [ [ 73.160649422329882, 18.789119015776656 ], [ 73.161448612480939, 18.788919220162082 ], [ 73.162290425629465, 18.789248216761614 ], [ 73.163150551502014, 18.789302793505609 ], [ 73.163806277355462, 18.78928740106695 ], [ 73.164207950443057, 18.789277949833558 ], [ 73.16511681991922, 18.788600886982223 ], [ 73.165374386427814, 18.788123514201565 ], [ 73.165853113426621, 18.7872362542461 ], [ 73.166488597682459, 18.785291360535567 ], [ 73.166908789672476, 18.78329930844146 ], [ 73.167240272583967, 18.782657427298464 ], [ 73.167459302403998, 18.782233310381784 ], [ 73.167985597386092, 18.781532760348252 ], [ 73.168708980932934, 18.78075305586092 ], [ 73.169257953490231, 18.780314992885955 ], [ 73.17037907302543, 18.779995735055181 ], [ 73.171314466888546, 18.779083473273925 ], [ 73.171980176874754, 18.77830394874961 ], [ 73.172354581453106, 18.777865538634877 ], [ 73.172797139964402, 18.776976819240335 ], [ 73.173284943476716, 18.775469098760038 ], [ 73.173473555787226, 18.773995694231917 ], [ 73.174186660518131, 18.772079816954076 ], [ 73.174639348644035, 18.770863422577079 ], [ 73.175142348199728, 18.768405542859114 ], [ 73.174458424762989, 18.766668101598789 ], [ 73.172238849028375, 18.766290090300426 ], [ 73.171183698318018, 18.765271489741597 ], [ 73.167832783033148, 18.761252010137568 ], [ 73.164211131731051, 18.757571620876369 ], [ 73.161322888334553, 18.75409909862023 ], [ 73.159188673576622, 18.756529165126057 ], [ 73.152556695392306, 18.756436995023943 ], [ 73.151775680158735, 18.756130506749724 ], [ 73.151634854386572, 18.757260931881731 ], [ 73.151292368410893, 18.758665598873744 ], [ 73.150450058620535, 18.763845982696051 ], [ 73.150487532072816, 18.765158078457272 ], [ 73.150324054491293, 18.765742670091047 ], [ 73.149804041056527, 18.766065631029281 ], [ 73.146878949582771, 18.76694410155471 ], [ 73.146731170103877, 18.767291669314822 ], [ 73.146007993654408, 18.768792533318905 ], [ 73.145905189231271, 18.770334923763961 ], [ 73.14556993534562, 18.771623857156971 ], [ 73.145775397042698, 18.771964837200962 ], [ 73.146018857660877, 18.772368883069991 ], [ 73.147436951804664, 18.773535643722404 ], [ 73.148870997271885, 18.774464755683724 ], [ 73.149946067404983, 18.777039711125308 ], [ 73.150561493270672, 18.780897720917153 ], [ 73.150838767995438, 18.782347953262377 ], [ 73.150991835081413, 18.783790338828336 ], [ 73.151886895274586, 18.787191777401851 ], [ 73.152504732278885, 18.78914283358819 ], [ 73.15257320046716, 18.789983478884405 ], [ 73.153270606395182, 18.790745315827213 ], [ 73.154456890336562, 18.791658037248663 ], [ 73.158487376824709, 18.791905568963287 ], [ 73.1590433930714, 18.791939563313324 ], [ 73.159153861694875, 18.791384584308688 ], [ 73.15940000245574, 18.790573428371456 ], [ 73.159876900444246, 18.789462000547573 ], [ 73.16027748626189, 18.789211984050496 ], [ 73.160649422329882, 18.789119015776656 ] ] ] ] } },
{ "type": "Feature", "properties": { "vlcode": "554992", "village": "Achaloli", "subdistric": "Mahad", "population": 964.0, "multihazard_priority_100": 71.334711709760924, "multihazard_priority_percentile": 97.952586206896555, "dominant_hazard": "Flood-dominant", "decision_status": "Recommended", "decision_reason": "Capacity-feasible strict candidate identified", "patch_id": 4165.0, "recommendation_status": "Suitable Candidate", "area_ha": 49.371339690821166, "required_area_ha": 9.64, "capacity_ratio": 5.1215082666826932, "distance_km": 21.007245058753281, "site_flood": 43.629325866699219, "site_landslide": 15.431212425231934, "site_slope_deg": 2.1298568248748779, "site_road_dist_m": 1340.3326416015625, "final_feasibility_score": 66.851524520026572 }, "geometry": { "type": "MultiPolygon", "coordinates": [ [ [ [ 73.39513399641298, 18.124656408027032 ], [ 73.401796630313811, 18.124175794169471 ], [ 73.403427201958294, 18.124950006628406 ], [ 73.404722483521809, 18.124814424559442 ], [ 73.406582681040177, 18.124337536849396 ], [ 73.408264939070605, 18.12367337403489 ], [ 73.410294225524382, 18.123558399750507 ], [ 73.410637242811987, 18.12353578814778 ], [ 73.411216396317641, 18.121837583488901 ], [ 73.414703706670423, 18.117315112153996 ], [ 73.416098663458342, 18.115065164127305 ], [ 73.416468330931181, 18.114468252151394 ], [ 73.416652039004134, 18.113573956266542 ], [ 73.415051619276781, 18.114498236366956 ], [ 73.410976033228977, 18.115288915604957 ], [ 73.408572661293334, 18.115580366256161 ], [ 73.405998034506212, 18.115503866645227 ], [ 73.403245033414507, 18.115239551865805 ], [ 73.400504554731612, 18.114613763372621 ], [ 73.398499636269307, 18.114010191739691 ], [ 73.395579473794356, 18.113195763054584 ], [ 73.394375828701371, 18.113238560275121 ], [ 73.392990553762701, 18.113286914998092 ], [ 73.389292259046201, 18.11333531457581 ], [ 73.385184383547269, 18.114257446341849 ], [ 73.382460139716429, 18.115753489500563 ], [ 73.382743243956867, 18.118098730379433 ], [ 73.382827160480005, 18.120605189595988 ], [ 73.384914080507215, 18.124086201721703 ], [ 73.385982684705084, 18.125374406964735 ], [ 73.387138961994879, 18.126768097286789 ], [ 73.389922498733014, 18.125534788935681 ], [ 73.39513399641298, 18.124656408027032 ] ] ] ] } },
{ "type": "Feature", "properties": { "vlcode": "555066", "village": "Kondiwate", "subdistric": "Mahad", "population": 1078.0, "multihazard_priority_100": 70.989619962297027, "multihazard_priority_percentile": 97.89870689655173, "dominant_hazard": "Mixed", "decision_status": "Recommended", "decision_reason": "Capacity-feasible strict candidate identified", "patch_id": 4165.0, "recommendation_status": "Suitable Candidate", "area_ha": 49.371339690821166, "required_area_ha": 10.78, "capacity_ratio": 4.5799016410780293, "distance_km": 15.517845952818169, "site_flood": 43.629325866699219, "site_landslide": 15.431212425231934, "site_slope_deg": 2.1298568248748779, "site_road_dist_m": 1340.3326416015625, "final_feasibility_score": 71.791983715368175 }, "geometry": { "type": "MultiPolygon", "coordinates": [ [ [ [ 73.467472883987909, 18.080893385022794 ], [ 73.467607703091232, 18.077716159873628 ], [ 73.467135378221371, 18.075968383205048 ], [ 73.465574858203212, 18.07408773758166 ], [ 73.462008330460932, 18.072200783815539 ], [ 73.458582895828812, 18.07125334854674 ], [ 73.457400334584506, 18.070559422629554 ], [ 73.456670336881089, 18.072237097879459 ], [ 73.456589424252968, 18.074102636602976 ], [ 73.457048497286465, 18.076156124350408 ], [ 73.457508226216007, 18.078208866204118 ], [ 73.457460701060597, 18.079326083956605 ], [ 73.45699771670651, 18.079988148441313 ], [ 73.456683571167645, 18.08043717351557 ], [ 73.453708735579681, 18.081714682810723 ], [ 73.449835961983027, 18.082609109284149 ], [ 73.446513702265108, 18.083355293904535 ], [ 73.447851731256421, 18.084500370813181 ], [ 73.448855508702138, 18.086334375994419 ], [ 73.449254885283707, 18.088283479922431 ], [ 73.451014458763126, 18.091465495211992 ], [ 73.452757560241025, 18.091196531594139 ], [ 73.454366818515382, 18.090631430164443 ], [ 73.455705597348228, 18.08962305244378 ], [ 73.456930405458564, 18.087879203770882 ], [ 73.457705197029512, 18.086567909669188 ], [ 73.45861210575444, 18.085549957084709 ], [ 73.459506901049508, 18.084824463685724 ], [ 73.460984948423985, 18.083933010030972 ], [ 73.461862797615737, 18.083940958102545 ], [ 73.462601265204228, 18.083506238818405 ], [ 73.463352052615875, 18.082776796546526 ], [ 73.464835214512846, 18.081757862969056 ], [ 73.465705271916363, 18.081617373499416 ], [ 73.466587705432659, 18.081181781709258 ], [ 73.467472883987909, 18.080893385022794 ] ] ] ] } }
]
}
