{
"type": "FeatureCollection",
"name": "recommended_habitations",
"crs": { "type": "name", "properties": { "name": "urn:ogc:def:crs:OGC:1.3:CRS84" } },
"features": [
{ "type": "Feature", "properties": { "id": 3181, "objectid_1": 3181.0, "objectid": 66024.0, "village_hab": "Pangaloli", "vlcode": "554952", "gram_panch": null, "gram_pan_1": null, "block": "Mhasla", "bkcode": "235", "subdistric_hab": "Mhasla", "sdcode": "4184", "sub_distri": "Mhasla", "district": "Raigad", "dtcode": "491", "district_h": "ALIBAG", "state": "MH", "stcode": "27", "uqcode": null, "country": "India", "total_urba": "Rural", "total_hous": 265.0, "total_popu": 1674.0, "avg_househ": 6.31698113, "total_geog": 534.0, "total_male": 841.0, "total_fema": 833.0, "tapwater_t": "Not Available", "tapwater_u": "Available", "covered_we": "Not Available", "covered__1": "Not Available", "covered__2": "Not Available", "uncovered_": "Available", "uncovere_1": "Available", "uncovere_2": "Available", "handpump_s": "Available", "hand_pump_": "Available", "hand_pum_1": "Available", "tubewell_b": "Not Available", "tube_wells": "Not Available", "tube_wel_1": "Not Available", "spring_sta": "Not Available", "spring_fun": "Not Available", "spring_f_1": "Not Available", "river_cana": "Not Available", "tank_pond_": "Not Available", "others_sta": "Not Available", "closed_dra": "Not Available", "open_drain": "Available", "village_pi": "Available", "forest_are": 0.0, "area_under": 2.0, "barren_unc": 151.0, "permanent_": 287.0, "land_under": 0.0, "culturable": 15.0, "fallows_la": 44.0, "current_fa": 0.0, "net_area_s": 35.0, "total_unir": 25.0, "area_irrig": 10.0, "canals_are": 0.0, "wells_tube": 0.0, "tanks_lake": 0.0, "waterfall_": 0.0, "other_sour": 25.0, "nearest_to": "SHRIVARDHAN", "nearest__1": 19.0, "shape_leng": 10656.010164990174, "shape_le_1": 10656.010164990174, "shape_area": 5523059.5353918178, "ds_name": "Administrative Boundary", "src_agency": "Survey of India (SOI)", "state_name": "Maharashtra\n", "source_district": "Raigad", "source_dtcode": "491", "source_subdistrict": "Mhasla", "source_sdcode": "4184", "verified_subdistrict": "MHASLA", "verified_sdcode": "4184", "subdistrict_name_match": true, "subdistrict_code_match": true, "admin_mismatch": false, "record_type": "habitation", "is_habitation": true, "review_status": "accepted", "raksha_id": "RAI-0124", "elev_min_m": 0.026036521419882774, "elev_max_m": 378.02276611328125, "elev_mean_m": 131.6053349224305, "elev_p10_m": 8.3405342102050781, "elev_p90_m": 279.40625, "slope_mean_deg": 14.243338922107304, "slope_max_deg": 37.629207611083984, "slope_p90_deg": 25.325801849365234, "pct_slope_ge15": 44.9256625727214, "pct_slope_ge25": 10.568842921784098, "pct_slope_ge35": 0.42016806722689076, "annual_rain_mm": 4775.8273950815201, "max_1day_mm": 192.45001220703125, "rain_days_ge50": 33, "rain_days_ge100": 11, "rain_days_ge150": 3, "wet_days_ge1": 125, "imd_lat": 18.0, "imd_lon": 73.25, "years_available": 30, "clim_mean_annual_mm": 3673.4573117402692, "clim_median_annual_mm": 3566.5091785863042, "clim_std_annual_mm": 859.35199446455738, "clim_min_annual_mm": 1081.7344327718019, "clim_max_annual_mm": 5437.3672740012407, "clim_mean_days_ge50": 23.233333333333334, "clim_mean_days_ge100": 6.5, "clim_mean_days_ge150": 2.0, "hist_max_1day_mm": 375.11422729492188, "annual_cv_pct": 23.393547863428054, "rain_2024_anomaly_mm": 1102.3700833412508, "rain_2024_anomaly_pct": 30.009062030423117, "dist_river_m": 235.9701918680465, "nearest_river": "Ulhas", "nearest_river_uid": "8969", "river_within_250m": true, "river_within_500m": true, "river_within_1km": true, "river_within_2km": true, "dem_drain_min_m": 0.0, "dem_drain_mean_m": 486.08791208791212, "dem_drain_p10_m": 90.964424133300781, "pct_area_drain_100m": 12.152553329023917, "pct_area_drain_250m": 28.910795087265679, "pct_area_drain_500m": 54.589528118939882, "f_elevation": 0.51583218329401181, "f_flatness": 0.17725271696411649, "f_river_proximity": 0.99392165530428989, "f_drain_proximity": 0.8297107713504035, "f_drain_area": 0.46571621709814287, "f_clim_rain": 0.36364242465371061, "f_extreme_rain": 0.35914200023920684, "diagnostic_mean": 0.52931685270055451, "terrain_component": 0.34654245012906415, "drainage_component": 0.64771349422427316, "river_component": 0.99392165530428989, "rainfall_component": 0.36139221244645869, "flood_susceptibility": 0.5873924530260215, "flood_susceptibility_100": 58.73924530260215, "susceptibility_class": "High", "susceptibility_percentile": 63.179487179487182, "population_hab": 1674.0, "households": 265.0, "population_exposure": 983.29496636555996, "household_exposure": 155.6590000518957, "population_exposure_percentile": 88.256410256410263, "household_exposure_percentile": 79.84615384615384, "exposure_percentile": 88.256410256410263, "exposure_class": "Very High", "v_remoteness": 0.44117647058823528, "v_water_service": 0.66666666666666674, "v_household_size": 1.0, "vulnerability_data_complete": true, "vulnerability_diagnostic": 0.70261437908496738, "vulnerability_feature_count": 3, "vulnerability_completeness_pct": 100.0, "vulnerability_score": 0.65980392156862744, "vulnerability_100": 65.980392156862749, "vulnerability_percentile": 80.334051724137936, "vulnerability_class": "Very High", "flood_priority_score": 0.84202108207129822, "flood_priority_100": 84.202108207129825, "priority_status": "Eligible", "priority_percentile": 97.737068965517238, "priority_class": "Very High", "priority_reason": "high exposed population; high coping vulnerability", "ls_mean": 50.618595123291016, "ls_median": 51.040962219238281, "ls_p90": 72.867958068847656, "ls_max": 88.482322692871094, "ls_pct_ge40": 75.670869705787254, "ls_pct_ge60": 30.100226317491106, "ls_pct_ge80": 2.8936307791787907, "ls_valid_pixels": 6186, "landslide_percentile": 88.717948717948715, "landslide_class": "Very High", "multihazard_susceptibility": 0.74867579790026884, "multihazard_susceptibility_100": 74.86757979002688, "dominant_hazard": "Landslide-dominant", "multihazard_priority": 0.79397783688751467, "multihazard_priority_100_hab": 79.39778368875146, "multihazard_priority_percentile": 99.784482758620683, "multihazard_priority_class": "Very High", "village": "Pangaloli", "subdistric": "Mhasla", "population": 1674.0, "multihazard_priority_100": 79.39778368875146, "recommendation_rank": 1, "recommendation_status": "Strong Candidate", "patch_id": 4286, "area_ha": 125.77279831849096, "required_area_ha": 16.74, "estimated_capacity_people": 12577.279831849097, "capacity_ratio": 7.5133093380221592, "distance_km": 13.685591975833496, "site_flood": 39.082473754882812, "site_landslide": 16.225446701049805, "site_slope_deg": 1.600567102432251, "site_road_dist_m": 2215.3359375, "final_feasibility_score": 71.261542072309098, "recommendation_reason": "125.8 ha available; capacity ratio 7.5x; 13.7 km from habitation; flood score 39.1; landslide score 16.2; mean slope 1.6°" }, "geometry": { "type": "MultiPolygon", "coordinates": [ [ [ [ 73.167793851743269, 18.050748492980315 ], [ 73.167407711067611, 18.050280930430418 ], [ 73.165575216756793, 18.050324659450155 ], [ 73.16295379326121, 18.051942902018205 ], [ 73.161123339104364, 18.054576701601086 ], [ 73.160620131173161, 18.056298348357267 ], [ 73.159695150542959, 18.058174697938554 ], [ 73.159338814399632, 18.059655907721051 ], [ 73.159186207980085, 18.060921706797139 ], [ 73.15923440318987, 18.061826856147356 ], [ 73.159000797140578, 18.064012037184956 ], [ 73.157787185142325, 18.065612991844951 ], [ 73.157476992529098, 18.067297650214641 ], [ 73.157447437989745, 18.069278314438524 ], [ 73.158244951307964, 18.07399585346813 ], [ 73.158639633830731, 18.07856269859003 ], [ 73.158964941701356, 18.080187113630096 ], [ 73.159683360221408, 18.080502003532043 ], [ 73.163133868749028, 18.081784039635906 ], [ 73.166116856865685, 18.083150355171306 ], [ 73.168135706413921, 18.085514215296033 ], [ 73.169536409909881, 18.086386557945918 ], [ 73.171239638860797, 18.087142376790819 ], [ 73.172660755596397, 18.087749427066605 ], [ 73.174559818964525, 18.087851550313999 ], [ 73.176799864110734, 18.087308176540354 ], [ 73.179341006069038, 18.086646737793089 ], [ 73.180392417583121, 18.086304216785258 ], [ 73.180431894210145, 18.085776928262394 ], [ 73.179573178829912, 18.079789602749706 ], [ 73.177216266727783, 18.076234679283147 ], [ 73.175184292790235, 18.073994775871189 ], [ 73.173259544451952, 18.072284113959324 ], [ 73.17193825935783, 18.070478662423774 ], [ 73.171366073031493, 18.068588395888177 ], [ 73.169918121532888, 18.063646428934366 ], [ 73.169885524517852, 18.061050548509737 ], [ 73.170395416237639, 18.058459599983113 ], [ 73.171448063681638, 18.056555404581871 ], [ 73.170494092975986, 18.055069105430753 ], [ 73.169525413792456, 18.053436177479405 ], [ 73.16859937541642, 18.052062937620345 ], [ 73.167793851743269, 18.050748492980315 ] ] ] ] } },
{ "type": "Feature", "properties": { "id": 3214, "objectid_1": 3214.0, "objectid": 66057.0, "village_hab": "Charai Kh", "vlcode": "554784", "gram_panch": null, "gram_pan_1": null, "block": "Tala", "bkcode": "233", "subdistric_hab": "Tala", "sdcode": "4182", "sub_distri": "Tala", "district": "Raigad", "dtcode": "491", "district_h": "ALIBAG", "state": "MH", "stcode": "27", "uqcode": null, "country": "India", "total_urba": "Rural", "total_hous": 215.0, "total_popu": 975.0, "avg_househ": 4.53488372, "total_geog": 474.0, "total_male": 466.0, "total_fema": 509.0, "tapwater_t": "Not Available", "tapwater_u": "Available", "covered_we": "Not Available", "covered__1": "Not Available", "covered__2": "Not Available", "uncovered_": "Available", "uncovere_1": "Available", "uncovere_2": "Available", "handpump_s": "Available", "hand_pump_": "Available", "hand_pum_1": "Available", "tubewell_b": "Available", "tube_wells": "Available", "tube_wel_1": "Available", "spring_sta": "Not Available", "spring_fun": "Not Available", "spring_f_1": "Not Available", "river_cana": "Available", "tank_pond_": "Not Available", "others_sta": "Not Available", "closed_dra": "Not Available", "open_drain": "Not Available", "village_pi": "Available", "forest_are": 23.0, "area_under": 2.0, "barren_unc": 0.0, "permanent_": 0.0, "land_under": 25.0, "culturable": 34.0, "fallows_la": 0.0, "current_fa": 332.0, "net_area_s": 58.0, "total_unir": 0.0, "area_irrig": 58.0, "canals_are": 0.0, "wells_tube": 0.0, "tanks_lake": 0.0, "waterfall_": 0.0, "other_sour": 0.0, "nearest_to": "ROHA ASHTAMI", "nearest__1": 26.0, "shape_leng": 8558.8095978701931, "shape_le_1": 8558.8095978701931, "shape_area": 4601275.0376789477, "ds_name": "Administrative Boundary", "src_agency": "Survey of India (SOI)", "state_name": "Maharashtra\n", "source_district": "Raigad", "source_dtcode": "491", "source_subdistrict": "Tala", "source_sdcode": "4182", "verified_subdistrict": "TALA", "verified_sdcode": "4182", "subdistrict_name_match": true, "subdistrict_code_match": true, "admin_mismatch": false, "record_type": "habitation", "is_habitation": true, "review_status": "accepted", "raksha_id": "RAI-0155", "elev_min_m": 28.120143890380859, "elev_max_m": 300.68746948242188, "elev_mean_m": 83.293874733578761, "elev_p10_m": 35.969699859619141, "elev_p90_m": 141.08616638183594, "slope_mean_deg": 8.3714911112187558, "slope_max_deg": 32.842788696289062, "slope_p90_deg": 16.597322463989258, "pct_slope_ge15": 13.330749854679325, "pct_slope_ge25": 2.0538655299360586, "pct_slope_ge35": 0.0, "annual_rain_mm": 3811.8278035670519, "max_1day_mm": 150.94670104980469, "rain_days_ge50": 25, "rain_days_ge100": 4, "rain_days_ge150": 1, "wet_days_ge1": 124, "imd_lat": 18.25, "imd_lon": 73.25, "years_available": 30, "clim_mean_annual_mm": 3666.5318098383023, "clim_median_annual_mm": 3664.199877589941, "clim_std_annual_mm": 869.77599169042571, "clim_min_annual_mm": 1081.8939343392849, "clim_max_annual_mm": 5834.229748532176, "clim_mean_days_ge50": 23.066666666666666, "clim_mean_days_ge100": 6.9666666666666668, "clim_mean_days_ge150": 2.2, "hist_max_1day_mm": 312.31134033203125, "annual_cv_pct": 23.722035885699398, "rain_2024_anomaly_mm": 145.29599372874964, "rain_2024_anomaly_pct": 3.9627637578073358, "dist_river_m": 279.48252975350306, "nearest_river": "Nageshwari", "nearest_river_uid": "8829", "river_within_250m": false, "river_within_500m": true, "river_within_1km": true, "river_within_2km": true, "dem_drain_min_m": 0.0, "dem_drain_mean_m": 531.040205386553, "dem_drain_p10_m": 85.762077331542969, "pct_area_drain_100m": 11.703158302654524, "pct_area_drain_250m": 28.347219531098624, "pct_area_drain_500m": 53.226118969192015, "f_elevation": 0.69673660217566802, "f_flatness": 0.53242294744440677, "f_river_proximity": 0.98866237941119217, "f_drain_proximity": 0.80092878082697672, "f_drain_area": 0.45663773014284248, "f_clim_rain": 0.36009394542003104, "f_extreme_rain": 0.084437885240509686, "diagnostic_mean": 0.55998861009451806, "terrain_component": 0.61457977481003745, "drainage_component": 0.62878325548490954, "river_component": 0.98866237941119217, "rainfall_component": 0.22226591533027035, "flood_susceptibility": 0.61357283125910245, "flood_susceptibility_100": 61.357283125910243, "susceptibility_class": "High", "susceptibility_percentile": 69.743589743589737, "population_hab": 975.0, "households": 215.0, "population_exposure": 598.23351047762492, "household_exposure": 131.91815872070703, "population_exposure_percentile": 75.692307692307693, "household_exposure_percentile": 74.666666666666671, "exposure_percentile": 75.692307692307693, "exposure_class": "High", "v_remoteness": 0.6470588235294118, "v_water_service": 0.66666666666666674, "v_household_size": 0.67963809617954851, "vulnerability_data_complete": true, "vulnerability_diagnostic": 0.66445452879187572, "vulnerability_feature_count": 3, "vulnerability_completeness_pct": 100.0, "vulnerability_score": 0.6620663867899852, "vulnerability_100": 66.206638678998516, "vulnerability_percentile": 80.818965517241381, "vulnerability_class": "Very High", "flood_priority_score": 0.78213643345039485, "flood_priority_100": 78.213643345039486, "priority_status": "Eligible", "priority_percentile": 95.043103448275872, "priority_class": "Very High", "priority_reason": "high coping vulnerability", "ls_mean": 38.487846374511719, "ls_median": 39.031444549560547, "ls_p90": 60.600410461425781, "ls_max": 85.521682739257812, "ls_pct_ge40": 47.839565975586126, "ls_pct_ge60": 10.346832009300524, "ls_pct_ge80": 0.69753923658205774, "ls_valid_pixels": 5161, "landslide_percentile": 69.282051282051285, "landslide_class": "High", "multihazard_susceptibility": 0.69512437456974063, "multihazard_susceptibility_100": 69.51243745697407, "dominant_hazard": "Mixed", "multihazard_priority": 0.7373480176486632, "multihazard_priority_100_hab": 73.734801764866319, "multihazard_priority_percentile": 98.706896551724128, "multihazard_priority_class": "Very High", "village": "Charai Kh", "subdistric": "Tala", "population": 975.0, "multihazard_priority_100": 73.734801764866319, "recommendation_rank": 1, "recommendation_status": "Suitable Candidate", "patch_id": 3991, "area_ha": 21.146011413198519, "required_area_ha": 9.75, "estimated_capacity_people": 2114.6011413198521, "capacity_ratio": 2.1688216834049761, "distance_km": 15.968942281163844, "site_flood": 41.879283905029297, "site_landslide": 19.043685913085938, "site_slope_deg": 3.1822178363800049, "site_road_dist_m": 1093.25634765625, "final_feasibility_score": 60.705960318641637, "recommendation_reason": "21.1 ha available; capacity ratio 2.2x; 16.0 km from habitation; flood score 41.9; landslide score 19.0; mean slope 3.2°" }, "geometry": { "type": "MultiPolygon", "coordinates": [ [ [ [ 73.156456245401543, 18.263412891289715 ], [ 73.157038167882035, 18.261539184879723 ], [ 73.1575003664382, 18.258899849163647 ], [ 73.158136950075487, 18.256891339124984 ], [ 73.158504501725133, 18.254184887333949 ], [ 73.157352825273421, 18.253922278828064 ], [ 73.155260083413566, 18.252837913559954 ], [ 73.15250940538705, 18.251098105683916 ], [ 73.149641562469967, 18.250061751931046 ], [ 73.146849682896288, 18.24973898329803 ], [ 73.144626168709209, 18.249800656617545 ], [ 73.14171704398187, 18.250181541629029 ], [ 73.136109632727255, 18.250244002417777 ], [ 73.131780862815305, 18.249796388397062 ], [ 73.131963338137083, 18.250334061549914 ], [ 73.132179027201715, 18.25453916153862 ], [ 73.131934092917362, 18.257347641549678 ], [ 73.13189099510106, 18.258870380182685 ], [ 73.132004773712069, 18.260706271047962 ], [ 73.132267372509006, 18.262845005322092 ], [ 73.134405888887756, 18.263779565589207 ], [ 73.140857220105261, 18.266567638449057 ], [ 73.145587828504517, 18.268336027760952 ], [ 73.148012790049393, 18.268429091010063 ], [ 73.149548014143846, 18.268118830022942 ], [ 73.150853040278079, 18.26750991716559 ], [ 73.152051254960341, 18.267402934416648 ], [ 73.153231951146125, 18.267887093357089 ], [ 73.154548219450106, 18.269170458937335 ], [ 73.155653533136899, 18.26599626435365 ], [ 73.156456245401543, 18.263412891289715 ] ] ] ] } },
{ "type": "Feature", "properties": { "id": 3303, "objectid_1": 3303.0, "objectid": 66146.0, "village_hab": "Achaloli", "vlcode": "554992", "gram_panch": null, "gram_pan_1": null, "block": "Mahad", "bkcode": "236", "subdistric_hab": "Mahad", "sdcode": "4185", "sub_distri": "Mahad", "district": "Raigad", "dtcode": "491", "district_h": "ALIBAG", "state": "MH", "stcode": "27", "uqcode": null, "country": "India", "total_urba": "Rural", "total_hous": 171.0, "total_popu": 964.0, "avg_househ": 5.6374269, "total_geog": 366.0, "total_male": 565.0, "total_fema": 399.0, "tapwater_t": "Not Available", "tapwater_u": "Available", "covered_we": "Not Available", "covered__1": "Not Available", "covered__2": "Not Available", "uncovered_": "Available", "uncovere_1": "Not Available", "uncovere_2": "Not Available", "handpump_s": "Available", "hand_pump_": "Not Available", "hand_pum_1": "Not Available", "tubewell_b": "Not Available", "tube_wells": "Not Available", "tube_wel_1": "Not Available", "spring_sta": "Not Available", "spring_fun": "Not Available", "spring_f_1": "Not Available", "river_cana": "Available", "tank_pond_": "Not Available", "others_sta": "Not Available", "closed_dra": "Not Available", "open_drain": "Available", "village_pi": "Available", "forest_are": 0.0, "area_under": 4.0, "barren_unc": 70.0, "permanent_": 0.0, "land_under": 0.0, "culturable": 34.0, "fallows_la": 64.0, "current_fa": 96.0, "net_area_s": 97.0, "total_unir": 17.0, "area_irrig": 80.0, "canals_are": 0.0, "wells_tube": 0.0, "tanks_lake": 0.0, "waterfall_": 0.0, "other_sour": 17.0, "nearest_to": "MAHAD", "nearest__1": 6.0, "shape_leng": 8837.0749973793663, "shape_le_1": 8837.0749973793663, "shape_area": 3519616.4309812528, "ds_name": "Administrative Boundary", "src_agency": "Survey of India (SOI)", "state_name": "Maharashtra\n", "source_district": "Raigad", "source_dtcode": "491", "source_subdistrict": "Mahad", "source_sdcode": "4185", "verified_subdistrict": "MAHAD", "verified_sdcode": "4185", "subdistrict_name_match": true, "subdistrict_code_match": true, "admin_mismatch": false, "record_type": "habitation", "is_habitation": true, "review_status": "accepted", "raksha_id": "RAI-0243", "elev_min_m": 5.474311351776123, "elev_max_m": 252.25468444824219, "elev_mean_m": 45.227852018791268, "elev_p10_m": 9.1500835418701172, "elev_p90_m": 118.75579071044922, "slope_mean_deg": 6.5411103550342817, "slope_max_deg": 38.079917907714844, "slope_p90_deg": 19.553293228149414, "pct_slope_ge15": 14.652107668867446, "pct_slope_ge25": 5.1549009649568305, "pct_slope_ge35": 0.20314880650076178, "annual_rain_mm": 6175.9500243961811, "max_1day_mm": 269.58023071289062, "rain_days_ge50": 45, "rain_days_ge100": 18, "rain_days_ge150": 3, "wet_days_ge1": 138, "imd_lat": 18.0, "imd_lon": 73.5, "years_available": 30, "clim_mean_annual_mm": 4915.4247316318251, "clim_median_annual_mm": 4937.4113233983517, "clim_std_annual_mm": 1376.7205637036618, "clim_min_annual_mm": 1081.3000047206879, "clim_max_annual_mm": 8379.3208775818348, "clim_mean_days_ge50": 31.133333333333333, "clim_mean_days_ge100": 13.333333333333334, "clim_mean_days_ge150": 5.1333333333333337, "hist_max_1day_mm": 465.6016845703125, "annual_cv_pct": 28.008170989663743, "rain_2024_anomaly_mm": 1260.525292764356, "rain_2024_anomaly_pct": 25.644280231830262, "dist_river_m": 429.33199881286879, "nearest_river": "Amba", "nearest_river_uid": "8583", "river_within_250m": false, "river_within_500m": true, "river_within_1km": true, "river_within_2km": true, "dem_drain_min_m": 0.0, "dem_drain_mean_m": 818.95632300660236, "dem_drain_p10_m": 151.60737609863281, "pct_area_drain_100m": 7.4403250380904007, "pct_area_drain_250m": 17.369222955815133, "pct_area_drain_500m": 33.875063484002034, "f_elevation": 0.83927652316823664, "f_flatness": 0.64313711715350774, "f_river_proximity": 0.97055028204947313, "f_drain_proximity": 0.61658225786253751, "f_drain_area": 0.27979613789589136, "f_clim_rain": 1.0, "f_extreme_rain": 0.75494031575305309, "diagnostic_mean": 0.72918323341181424, "terrain_component": 0.74120682016087214, "drainage_component": 0.44818919787921441, "river_component": 0.97055028204947313, "rainfall_component": 0.87747015787652649, "flood_susceptibility": 0.75935411449152168, "flood_susceptibility_100": 75.93541144915217, "susceptibility_class": "Very High", "susceptibility_percentile": 93.230769230769226, "population_hab": 964.0, "households": 171.0, "population_exposure": 732.01736636982685, "household_exposure": 129.84955357805021, "population_exposure_percentile": 81.487179487179489, "household_exposure_percentile": 74.205128205128204, "exposure_percentile": 81.487179487179489, "exposure_class": "Very High", "v_remoteness": 0.058823529411764705, "v_water_service": 0.66666666666666674, "v_household_size": 1.0, "vulnerability_data_complete": true, "vulnerability_diagnostic": 0.57516339869281052, "vulnerability_feature_count": 3, "vulnerability_completeness_pct": 100.0, "vulnerability_score": 0.50686274509803919, "vulnerability_100": 50.686274509803923, "vulnerability_percentile": 43.669181034482754, "vulnerability_class": "Moderate", "flood_priority_score": 0.59652983102398416, "flood_priority_100": 59.652983102398416, "priority_status": "Eligible", "priority_percentile": 75.915948275862064, "priority_class": "High", "priority_reason": "high physical flood susceptibility; high exposed population", "ls_mean": 42.729946136474609, "ls_median": 39.361137390136719, "ls_p90": 78.826934814453125, "ls_max": 94.970138549804688, "ls_pct_ge40": 49.162011173184354, "ls_pct_ge60": 27.399695276790247, "ls_pct_ge80": 9.421025901472829, "ls_valid_pixels": 3938, "landslide_percentile": 78.051282051282058, "landslide_class": "High", "multihazard_susceptibility": 0.85304050695666012, "multihazard_susceptibility_100": 85.304050695666007, "dominant_hazard": "Flood-dominant", "multihazard_priority": 0.71334711709760923, "multihazard_priority_100_hab": 71.334711709760924, "multihazard_priority_percentile": 97.952586206896555, "multihazard_priority_class": "Very High", "village": "Achaloli", "subdistric": "Mahad", "population": 964.0, "multihazard_priority_100": 71.334711709760924, "recommendation_rank": 1, "recommendation_status": "Suitable Candidate", "patch_id": 4165, "area_ha": 49.371339690821166, "required_area_ha": 9.64, "estimated_capacity_people": 4937.133969082116, "capacity_ratio": 5.1215082666826932, "distance_km": 21.007245058753281, "site_flood": 43.629325866699219, "site_landslide": 15.431212425231934, "site_slope_deg": 2.1298568248748779, "site_road_dist_m": 1340.3326416015625, "final_feasibility_score": 66.851524520026572, "recommendation_reason": "49.4 ha available; capacity ratio 5.1x; 21.0 km from habitation; flood score 43.6; landslide score 15.4; mean slope 2.1°" }, "geometry": { "type": "MultiPolygon", "coordinates": [ [ [ [ 73.39513399641298, 18.124656408027032 ], [ 73.401796630313811, 18.124175794169471 ], [ 73.403427201958294, 18.124950006628406 ], [ 73.404722483521809, 18.124814424559442 ], [ 73.406582681040177, 18.124337536849396 ], [ 73.408264939070605, 18.12367337403489 ], [ 73.410294225524382, 18.123558399750507 ], [ 73.410637242811987, 18.12353578814778 ], [ 73.411216396317641, 18.121837583488901 ], [ 73.414703706670423, 18.117315112153996 ], [ 73.416098663458342, 18.115065164127305 ], [ 73.416468330931181, 18.114468252151394 ], [ 73.416652039004134, 18.113573956266542 ], [ 73.415051619276781, 18.114498236366956 ], [ 73.410976033228977, 18.115288915604957 ], [ 73.408572661293334, 18.115580366256161 ], [ 73.405998034506212, 18.115503866645227 ], [ 73.403245033414507, 18.115239551865805 ], [ 73.400504554731612, 18.114613763372621 ], [ 73.398499636269307, 18.114010191739691 ], [ 73.395579473794356, 18.113195763054584 ], [ 73.394375828701371, 18.113238560275121 ], [ 73.392990553762701, 18.113286914998092 ], [ 73.389292259046201, 18.11333531457581 ], [ 73.385184383547269, 18.114257446341849 ], [ 73.382460139716429, 18.115753489500563 ], [ 73.382743243956867, 18.118098730379433 ], [ 73.382827160480005, 18.120605189595988 ], [ 73.384914080507215, 18.124086201721703 ], [ 73.385982684705084, 18.125374406964735 ], [ 73.387138961994879, 18.126768097286789 ], [ 73.389922498733014, 18.125534788935681 ], [ 73.39513399641298, 18.124656408027032 ] ] ] ] } },
{ "type": "Feature", "properties": { "id": 3314, "objectid_1": 3314.0, "objectid": 66157.0, "village_hab": "Wave", "vlcode": "554939", "gram_panch": null, "gram_pan_1": null, "block": "Mhasla", "bkcode": "235", "subdistric_hab": "Mhasla", "sdcode": "4184", "sub_distri": "Mhasla", "district": "Raigad", "dtcode": "491", "district_h": "ALIBAG", "state": "MH", "stcode": "27", "uqcode": null, "country": "India", "total_urba": "Rural", "total_hous": 122.0, "total_popu": 716.0, "avg_househ": 5.86885246, "total_geog": 296.0, "total_male": 350.0, "total_fema": 366.0, "tapwater_t": "Not Available", "tapwater_u": "Available", "covered_we": "Not Available", "covered__1": "Not Available", "covered__2": "Not Available", "uncovered_": "Available", "uncovere_1": "Available", "uncovere_2": "Available", "handpump_s": "Not Available", "hand_pump_": "Not Available", "hand_pum_1": "Not Available", "tubewell_b": "Not Available", "tube_wells": "Not Available", "tube_wel_1": "Not Available", "spring_sta": "Not Available", "spring_fun": "Not Available", "spring_f_1": "Not Available", "river_cana": "Not Available", "tank_pond_": "Not Available", "others_sta": "Not Available", "closed_dra": "Not Available", "open_drain": "Not Available", "village_pi": "Available", "forest_are": 0.0, "area_under": 2.0, "barren_unc": 109.0, "permanent_": 0.0, "land_under": 22.0, "culturable": 57.0, "fallows_la": 60.0, "current_fa": 18.0, "net_area_s": 28.0, "total_unir": 0.0, "area_irrig": 28.0, "canals_are": 0.0, "wells_tube": 0.0, "tanks_lake": 0.0, "waterfall_": 0.0, "other_sour": 0.0, "nearest_to": "SHRIVARDHAN", "nearest__1": 30.0, "shape_leng": 7774.3268734926305, "shape_le_1": 7774.3268734926305, "shape_area": 3591442.8042590474, "ds_name": "Administrative Boundary", "src_agency": "Survey of India (SOI)", "state_name": "Maharashtra\n", "source_district": "Raigad", "source_dtcode": "491", "source_subdistrict": "Mhasla", "source_sdcode": "4184", "verified_subdistrict": "MHASLA", "verified_sdcode": "4184", "subdistrict_name_match": true, "subdistrict_code_match": true, "admin_mismatch": false, "record_type": "habitation", "is_habitation": true, "review_status": "accepted", "raksha_id": "RAI-0255", "elev_min_m": 3.6414914131164551, "elev_max_m": 323.1422119140625, "elev_mean_m": 143.79095149253732, "elev_p10_m": 30.277702331542969, "elev_p90_m": 236.74423217773438, "slope_mean_deg": 15.916459693718906, "slope_max_deg": 50.234432220458984, "slope_p90_deg": 28.361238479614258, "pct_slope_ge15": 49.82587064676617, "pct_slope_ge25": 16.815920398009951, "pct_slope_ge35": 3.0099502487562191, "annual_rain_mm": 4775.8273950815201, "max_1day_mm": 192.45001220703125, "rain_days_ge50": 33, "rain_days_ge100": 11, "rain_days_ge150": 3, "wet_days_ge1": 125, "imd_lat": 18.0, "imd_lon": 73.25, "years_available": 30, "clim_mean_annual_mm": 3673.4573117402692, "clim_median_annual_mm": 3566.5091785863042, "clim_std_annual_mm": 859.35199446455738, "clim_min_annual_mm": 1081.7344327718019, "clim_max_annual_mm": 5437.3672740012407, "clim_mean_days_ge50": 23.233333333333334, "clim_mean_days_ge100": 6.5, "clim_mean_days_ge150": 2.0, "hist_max_1day_mm": 375.11422729492188, "annual_cv_pct": 23.393547863428054, "rain_2024_anomaly_mm": 1102.3700833412508, "rain_2024_anomaly_pct": 30.009062030423117, "dist_river_m": 456.04125870220241, "nearest_river": "Amba", "nearest_river_uid": "8583", "river_within_250m": false, "river_within_500m": true, "river_within_1km": true, "river_within_2km": true, "dem_drain_min_m": 0.0, "dem_drain_mean_m": 417.52960199004974, "dem_drain_p10_m": 85.762077331542969, "pct_area_drain_100m": 12.661691542288558, "pct_area_drain_250m": 32.885572139303484, "pct_area_drain_500m": 68.482587064676608, "f_elevation": 0.47020259818702836, "f_flatness": 0.07605072583404815, "f_river_proximity": 0.96732197087418681, "f_drain_proximity": 0.87360718879076782, "f_drain_area": 0.52974483087012847, "f_clim_rain": 0.36364242465371061, "f_extreme_rain": 0.35914200023920684, "diagnostic_mean": 0.51995881992129667, "terrain_component": 0.27312666201053826, "drainage_component": 0.7016760098304482, "river_component": 0.96732197087418681, "rainfall_component": 0.36139221244645869, "flood_susceptibility": 0.57587921379040796, "flood_susceptibility_100": 57.587921379040793, "susceptibility_class": "Moderate", "susceptibility_percentile": 60.0, "population_hab": 716.0, "households": 122.0, "population_exposure": 412.3295170739321, "household_exposure": 70.257264082429771, "population_exposure_percentile": 61.179487179487182, "household_exposure_percentile": 47.948717948717949, "exposure_percentile": 61.179487179487182, "exposure_class": "High", "v_remoteness": 0.76470588235294112, "v_water_service": 0.66666666666666674, "v_household_size": 1.0, "vulnerability_data_complete": true, "vulnerability_diagnostic": 0.8104575163398694, "vulnerability_feature_count": 3, "vulnerability_completeness_pct": 100.0, "vulnerability_score": 0.78921568627450989, "vulnerability_100": 78.921568627450995, "vulnerability_percentile": 95.85129310344827, "vulnerability_class": "Very High", "flood_priority_score": 0.76577627003973436, "flood_priority_100": 76.577627003973433, "priority_status": "Eligible", "priority_percentile": 93.642241379310349, "priority_class": "Very High", "priority_reason": "high coping vulnerability", "ls_mean": 53.774681091308594, "ls_median": 53.623790740966797, "ls_p90": 77.588386535644531, "ls_max": 93.627784729003906, "ls_pct_ge40": 76.144278606965173, "ls_pct_ge60": 37.213930348258707, "ls_pct_ge80": 7.2388059701492535, "ls_valid_pixels": 4020, "landslide_percentile": 91.025641025641022, "landslide_class": "Very High", "multihazard_susceptibility": 0.73902222304464305, "multihazard_susceptibility_100": 73.902222304464303, "dominant_hazard": "Landslide-dominant", "multihazard_priority": 0.75228032105033793, "multihazard_priority_100_hab": 75.22803210503379, "multihazard_priority_percentile": 99.084051724137936, "multihazard_priority_class": "Very High", "village": "Wave", "subdistric": "Mhasla", "population": 716.0, "multihazard_priority_100": 75.22803210503379, "recommendation_rank": 1, "recommendation_status": "Suitable Candidate", "patch_id": 4286, "area_ha": 125.77279831849096, "required_area_ha": 7.16, "estimated_capacity_people": 12577.279831849097, "capacity_ratio": 17.566033284705441, "distance_km": 19.434756851625355, "site_flood": 39.082473754882812, "site_landslide": 16.225446701049805, "site_slope_deg": 1.600567102432251, "site_road_dist_m": 2215.3359375, "final_feasibility_score": 66.087293684096409, "recommendation_reason": "125.8 ha available; capacity ratio 17.6x; 19.4 km from habitation; flood score 39.1; landslide score 16.2; mean slope 1.6°" }, "geometry": { "type": "MultiPolygon", "coordinates": [ [ [ [ 73.217200131839718, 18.098626140815909 ], [ 73.219083037063839, 18.097508662824058 ], [ 73.221188926672596, 18.095645759387324 ], [ 73.221858017466374, 18.094870279391074 ], [ 73.22331630025559, 18.092078324286959 ], [ 73.222996834680146, 18.091677183549692 ], [ 73.222786219624425, 18.091352233527918 ], [ 73.222599007063721, 18.091063389568085 ], [ 73.222388392969407, 18.090738439262708 ], [ 73.222177778979699, 18.090413487870965 ], [ 73.221990565244099, 18.090124642493667 ], [ 73.221784211923563, 18.089797648674793 ], [ 73.221573653277289, 18.089378030901173 ], [ 73.221449601857856, 18.089106237203108 ], [ 73.221272386262498, 18.08871796077732 ], [ 73.221112891008559, 18.088368509725914 ], [ 73.220971118508089, 18.088057887833834 ], [ 73.220793901979164, 18.087669608581706 ], [ 73.220634407384537, 18.087320155698066 ], [ 73.220492634402476, 18.087009530088856 ], [ 73.220333139455832, 18.086660077171928 ], [ 73.220169513421752, 18.086317028568384 ], [ 73.219762119996972, 18.086943995102736 ], [ 73.218290347490552, 18.087154076424145 ], [ 73.216988953127185, 18.086969677474499 ], [ 73.215113925473162, 18.086629195370822 ], [ 73.214044364035118, 18.085120252985856 ], [ 73.213585388239878, 18.083238233384701 ], [ 73.21222252131534, 18.081857338248295 ], [ 73.211378792534944, 18.081427310503035 ], [ 73.210117456743305, 18.081347565063005 ], [ 73.20948063426367, 18.081549850649058 ], [ 73.208547024558101, 18.082420582225637 ], [ 73.207838215232044, 18.083640904167503 ], [ 73.205820895991735, 18.085858603511937 ], [ 73.203980986595568, 18.08711388155205 ], [ 73.203151944852237, 18.088542558565042 ], [ 73.202288220949683, 18.090501199078382 ], [ 73.20220110089862, 18.091829233268019 ], [ 73.202387815274818, 18.095838930755704 ], [ 73.200331622902766, 18.098736197590998 ], [ 73.200270726292089, 18.099761059603264 ], [ 73.200309160469246, 18.101248382949329 ], [ 73.20037506985544, 18.102280516620155 ], [ 73.200955634800962, 18.103109824097899 ], [ 73.201938168434609, 18.103501438130841 ], [ 73.204744639528897, 18.103884114216168 ], [ 73.207654373316643, 18.103855376191486 ], [ 73.208397637280839, 18.103557830003968 ], [ 73.210501069042976, 18.101661237333623 ], [ 73.213508471842076, 18.099798894147536 ], [ 73.217200131839718, 18.098626140815909 ] ] ] ] } },
{ "type": "Feature", "properties": { "id": 3315, "objectid_1": 3315.0, "objectid": 66158.0, "village_hab": "Sanderi", "vlcode": "554945", "gram_panch": null, "gram_pan_1": null, "block": "Mhasla", "bkcode": "235", "subdistric_hab": "Mhasla", "sdcode": "4184", "sub_distri": "Mhasla", "district": "Raigad", "dtcode": "491", "district_h": "ALIBAG", "state": "MH", "stcode": "27", "uqcode": null, "country": "India", "total_urba": "Rural", "total_hous": 376.0, "total_popu": 1512.0, "avg_househ": 4.0212766, "total_geog": 818.0, "total_male": 650.0, "total_fema": 862.0, "tapwater_t": "Not Available", "tapwater_u": "Available", "covered_we": "Not Available", "covered__1": "Not Available", "covered__2": "Not Available", "uncovered_": "Available", "uncovere_1": "Available", "uncovere_2": "Available", "handpump_s": "Not Available", "hand_pump_": "Not Available", "hand_pum_1": "Not Available", "tubewell_b": "Not Available", "tube_wells": "Not Available", "tube_wel_1": "Not Available", "spring_sta": "Not Available", "spring_fun": "Not Available", "spring_f_1": "Not Available", "river_cana": "Available", "tank_pond_": "Not Available", "others_sta": "Not Available", "closed_dra": "Not Available", "open_drain": "Available", "village_pi": "Available", "forest_are": 0.0, "area_under": 287.0, "barren_unc": 0.0, "permanent_": 0.0, "land_under": 0.0, "culturable": 29.0, "fallows_la": 0.0, "current_fa": 0.0, "net_area_s": 502.0, "total_unir": 0.0, "area_irrig": 502.0, "canals_are": 0.0, "wells_tube": 0.0, "tanks_lake": 0.0, "waterfall_": 0.0, "other_sour": 0.0, "nearest_to": "SHRIVARDHAN", "nearest__1": 35.0, "shape_leng": 16114.438856733243, "shape_le_1": 16114.438856733243, "shape_area": 11652712.93111657, "ds_name": "Administrative Boundary", "src_agency": "Survey of India (SOI)", "state_name": "Maharashtra\n", "source_district": "Raigad", "source_dtcode": "491", "source_subdistrict": "Mhasla", "source_sdcode": "4184", "verified_subdistrict": "MHASLA", "verified_sdcode": "4184", "subdistrict_name_match": true, "subdistrict_code_match": true, "admin_mismatch": false, "record_type": "habitation", "is_habitation": true, "review_status": "accepted", "raksha_id": "RAI-0258", "elev_min_m": 0.0, "elev_max_m": 408.86459350585938, "elev_mean_m": 147.1550203267623, "elev_p10_m": 3.4917604923248291, "elev_p90_m": 308.53695678710938, "slope_mean_deg": 14.014226336580501, "slope_max_deg": 47.877388000488281, "slope_p90_deg": 29.057762145996094, "pct_slope_ge15": 42.225972232875662, "pct_slope_ge25": 16.660274603052848, "pct_slope_ge35": 2.4698933803789216, "annual_rain_mm": 4775.8273950815201, "max_1day_mm": 192.45001220703125, "rain_days_ge50": 33, "rain_days_ge100": 11, "rain_days_ge150": 3, "wet_days_ge1": 125, "imd_lat": 18.0, "imd_lon": 73.25, "years_available": 30, "clim_mean_annual_mm": 3673.4573117402692, "clim_median_annual_mm": 3566.5091785863042, "clim_std_annual_mm": 859.35199446455738, "clim_min_annual_mm": 1081.7344327718019, "clim_max_annual_mm": 5437.3672740012407, "clim_mean_days_ge50": 23.233333333333334, "clim_mean_days_ge100": 6.5, "clim_mean_days_ge150": 2.0, "hist_max_1day_mm": 375.11422729492188, "annual_cv_pct": 23.393547863428054, "rain_2024_anomaly_mm": 1102.3700833412508, "rain_2024_anomaly_pct": 30.009062030423117, "dist_river_m": 463.30385410915306, "nearest_river": "Gandhari", "nearest_river_uid": "9027", "river_within_250m": false, "river_within_500m": true, "river_within_1km": true, "river_within_2km": true, "dem_drain_min_m": 0.0, "dem_drain_mean_m": 639.22612564240239, "dem_drain_p10_m": 109.32563018798828, "pct_area_drain_100m": 9.7568459001303989, "pct_area_drain_250m": 23.463987113599753, "pct_area_drain_500m": 44.99501419038122, "f_elevation": 0.45760569229442216, "f_flatness": 0.19111104102636356, "f_river_proximity": 0.96644415104649462, "f_drain_proximity": 0.73165965342372108, "f_drain_area": 0.37797505338753218, "f_clim_rain": 0.36364242465371061, "f_extreme_rain": 0.35914200023920684, "diagnostic_mean": 0.49251143086735011, "terrain_component": 0.32435836666039286, "drainage_component": 0.55481735340562666, "river_component": 0.96644415104649462, "rainfall_component": 0.36139221244645869, "flood_susceptibility": 0.55175302088974321, "flood_susceptibility_100": 55.17530208897432, "susceptibility_class": "Moderate", "susceptibility_percentile": 54.256410256410263, "population_hab": 1512.0, "households": 376.0, "population_exposure": 834.25056758529172, "household_exposure": 207.45913585454343, "population_exposure_percentile": 84.871794871794876, "household_exposure_percentile": 87.025641025641022, "exposure_percentile": 84.871794871794876, "exposure_class": "Very High", "v_remoteness": 0.91176470588235292, "v_water_service": 0.66666666666666674, "v_household_size": 0.44444704003768887, "vulnerability_data_complete": true, "vulnerability_diagnostic": 0.67429280419556958, "vulnerability_feature_count": 3, "vulnerability_completeness_pct": 100.0, "vulnerability_score": 0.70915097569569685, "vulnerability_100": 70.915097569569681, "vulnerability_percentile": 88.03879310344827, "vulnerability_class": "Very High", "flood_priority_score": 0.86440791233284364, "flood_priority_100": 86.440791233284358, "priority_status": "Eligible", "priority_percentile": 98.545258620689651, "priority_class": "Very High", "priority_reason": "high exposed population; high coping vulnerability", "ls_mean": 47.795845031738281, "ls_median": 47.838726043701172, "ls_p90": 78.040962219238281, "ls_max": 94.742080688476562, "ls_pct_ge40": 62.537787768390054, "ls_pct_ge60": 31.904503526858385, "ls_pct_ge80": 7.3792729245794897, "ls_valid_pixels": 12901, "landslide_percentile": 86.256410256410248, "landslide_class": "Very High", "multihazard_susceptibility": 0.68410256410256409, "multihazard_susceptibility_100": 68.410256410256409, "dominant_hazard": "Landslide-dominant", "multihazard_priority": 0.7689887315542685, "multihazard_priority_100_hab": 76.898873155426855, "multihazard_priority_percentile": 99.40732758620689, "multihazard_priority_class": "Very High", "village": "Sanderi", "subdistric": "Mhasla", "population": 1512.0, "multihazard_priority_100": 76.898873155426855, "recommendation_rank": 1, "recommendation_status": "Suitable Candidate", "patch_id": 4286, "area_ha": 125.77279831849096, "required_area_ha": 15.12, "estimated_capacity_people": 12577.279831849097, "capacity_ratio": 8.3183067670959616, "distance_km": 21.432016467624194, "site_flood": 39.082473754882812, "site_landslide": 16.225446701049805, "site_slope_deg": 1.600567102432251, "site_road_dist_m": 2215.3359375, "final_feasibility_score": 64.289760029697462, "recommendation_reason": "125.8 ha available; capacity ratio 8.3x; 21.4 km from habitation; flood score 39.1; landslide score 16.2; mean slope 1.6°" }, "geometry": { "type": "MultiPolygon", "coordinates": [ [ [ [ 73.242507595473995, 18.10171587607951 ], [ 73.242938586767664, 18.101759028610001 ], [ 73.243414911905802, 18.101833172133144 ], [ 73.24398169987262, 18.101869677328473 ], [ 73.244379362432056, 18.101825094258121 ], [ 73.244777252331104, 18.101777504032903 ], [ 73.24521935278031, 18.101724626115466 ], [ 73.245617242040026, 18.101677034545251 ], [ 73.246059342695503, 18.10162415599121 ], [ 73.246589862585921, 18.10156070106245 ], [ 73.247031962386089, 18.101507821431234 ], [ 73.247429852004615, 18.101460230564388 ], [ 73.247827742253591, 18.101412639586236 ], [ 73.248137211938868, 18.101375623524365 ], [ 73.248489038012096, 18.101329280683217 ], [ 73.248895906267848, 18.101199656797721 ], [ 73.249370798572059, 18.101015026808483 ], [ 73.249726967015022, 18.100876551975453 ], [ 73.250091995731765, 18.100734562117673 ], [ 73.250585481560364, 18.100542371094249 ], [ 73.251000834329076, 18.100380601570119 ], [ 73.251372996187726, 18.100232598991617 ], [ 73.25164553391366, 18.100092863128207 ], [ 73.251913107233506, 18.09994590081207 ], [ 73.252218904898413, 18.099777942817187 ], [ 73.252562926576573, 18.099588989838626 ], [ 73.252945173769461, 18.099379043547238 ], [ 73.253403869813482, 18.099127106278875 ], [ 73.253747891906116, 18.098938152742878 ], [ 73.254091913033918, 18.09874919846245 ], [ 73.254397709916333, 18.098581239242819 ], [ 73.254665282839483, 18.098434275304648 ], [ 73.254951759994483, 18.098345788837786 ], [ 73.255252417519102, 18.098301162623834 ], [ 73.255629341834705, 18.09822989871736 ], [ 73.255689750149358, 18.09794141936371 ], [ 73.255644586769606, 18.097569056281671 ], [ 73.255594403645091, 18.097155319077636 ], [ 73.25555425797846, 18.096824328799116 ], [ 73.255511585502461, 18.096491889497095 ], [ 73.255451300939271, 18.096072356472849 ], [ 73.255396666186471, 18.095694560841789 ], [ 73.25534203187766, 18.095316762679104 ], [ 73.255229674299642, 18.094826854891924 ], [ 73.25503606249616, 18.094453579139582 ], [ 73.254852113165043, 18.094121022966078 ], [ 73.254688603091651, 18.093825417424238 ], [ 73.254504653606745, 18.093492860158253 ], [ 73.254320704983982, 18.093160303760655 ], [ 73.254136755492013, 18.092827744481358 ], [ 73.253911928108877, 18.092421284538574 ], [ 73.253748418468774, 18.092125675860174 ], [ 73.25360534634433, 18.091867017810401 ], [ 73.253457246605564, 18.091563814648339 ], [ 73.253300481201194, 18.091123810727581 ], [ 73.253160301501808, 18.090722655076522 ], [ 73.253062175388521, 18.090441845335995 ], [ 73.252964049638337, 18.090161036575886 ], [ 73.252865924434786, 18.089880225133836 ], [ 73.252767799594409, 18.089599414672193 ], [ 73.252669673294051, 18.089318603272091 ], [ 73.252571549317452, 18.089037792024588 ], [ 73.252445387583194, 18.088676747510672 ], [ 73.252333245597896, 18.088355818383704 ], [ 73.252235120289029, 18.088075004480181 ], [ 73.252105875327331, 18.087758170853309 ], [ 73.251966369145663, 18.087443795231156 ], [ 73.251844301075536, 18.08716871609661 ], [ 73.251722232592343, 18.086893636026453 ], [ 73.251565288204105, 18.086539960246856 ], [ 73.251390904561333, 18.086146987930757 ], [ 73.251233960089507, 18.08579331031552 ], [ 73.251077015438312, 18.085439633611482 ], [ 73.250902631954958, 18.085046657637857 ], [ 73.250710809852947, 18.084614384240549 ], [ 73.250571302843255, 18.084300002170195 ], [ 73.250414357978897, 18.083946322710698 ], [ 73.250272500143495, 18.083589359614788 ], [ 73.250201052279806, 18.083217077742617 ], [ 73.250134632972632, 18.082843699651697 ], [ 73.250075595127981, 18.082511809157797 ], [ 73.250016555797316, 18.082179915987819 ], [ 73.249942758501746, 18.081765049356211 ], [ 73.249854200688048, 18.081267208364412 ], [ 73.249780403526714, 18.080852340402579 ], [ 73.249721366745092, 18.080520445322247 ], [ 73.249654949552067, 18.080147060395941 ], [ 73.249573773011193, 18.079690702210129 ], [ 73.249492595197353, 18.079234342405123 ], [ 73.249426178406594, 18.078860956294925 ], [ 73.249360325297673, 18.078487281455434 ], [ 73.249285302763354, 18.077982509030754 ], [ 73.249225602393764, 18.077560421209217 ], [ 73.249165903401277, 18.077138332786685 ], [ 73.249112174195105, 18.076758452500258 ], [ 73.249058444380466, 18.076378571473619 ], [ 73.248998745707354, 18.075956479187177 ], [ 73.248945015666749, 18.075576596748409 ], [ 73.248897256209972, 18.075238921425282 ], [ 73.24884352687927, 18.07485903665405 ], [ 73.248795280484856, 18.074478649235239 ], [ 73.2487726123926, 18.074095912237251 ], [ 73.248751772009172, 18.073713006941279 ], [ 73.248733247698567, 18.073372645775144 ], [ 73.248714722616072, 18.073032282923432 ], [ 73.248696197581239, 18.072691921176904 ], [ 73.248679987649311, 18.072394102482278 ], [ 73.248663777743133, 18.07209628484836 ], [ 73.248642939256783, 18.071713374440009 ], [ 73.248622098017151, 18.071330464139898 ], [ 73.248603574682804, 18.070990097891723 ], [ 73.248587366255308, 18.070692277323733 ], [ 73.248571157945292, 18.070394455985348 ], [ 73.248554195273385, 18.070097119586887 ], [ 73.248535345160704, 18.069800995252912 ], [ 73.248516495176716, 18.069504870146307 ], [ 73.248497644318377, 18.069208745138734 ], [ 73.248478793542901, 18.068912620274098 ], [ 73.248459944810634, 18.06861649472458 ], [ 73.248435710555739, 18.068235759712191 ], [ 73.24840339842892, 18.067728113396509 ], [ 73.248379163674088, 18.067347376144877 ], [ 73.248352236693549, 18.066924336271647 ], [ 73.24832261681027, 18.066458989242623 ], [ 73.248298381646478, 18.066078250903832 ], [ 73.248274147668653, 18.065697511014271 ], [ 73.248244528508266, 18.065232161254045 ], [ 73.248217600871726, 18.064809114512233 ], [ 73.248196059659151, 18.06447067718096 ], [ 73.248174517643491, 18.064132239077082 ], [ 73.248152975781906, 18.0637938002445 ], [ 73.248128741989817, 18.063413055320876 ], [ 73.248104507423363, 18.063032309674309 ], [ 73.248080273039747, 18.062651563348719 ], [ 73.247936924963682, 18.062232370793311 ], [ 73.247549724096316, 18.062130963765195 ], [ 73.247267824509223, 18.062071057160935 ], [ 73.246918563004371, 18.062054112779876 ], [ 73.246515484244554, 18.062054370915696 ], [ 73.246112541160954, 18.062053185198508 ], [ 73.245623534959662, 18.062014480296018 ], [ 73.245225316470922, 18.061962712206974 ], [ 73.244782851669498, 18.061905192168158 ], [ 73.24434454181943, 18.061835919141377 ], [ 73.243961208197931, 18.061742036905009 ], [ 73.243578568095785, 18.061646196939492 ], [ 73.243238442199285, 18.061561005157866 ], [ 73.242940833172668, 18.061486462897474 ], [ 73.242600203474765, 18.061396508650798 ], [ 73.242258730003144, 18.061298619373321 ], [ 73.241917256981594, 18.061200730235683 ], [ 73.241618468591383, 18.061115077067122 ], [ 73.241276995450932, 18.061017188262134 ], [ 73.240978206871446, 18.060931534692614 ], [ 73.240594049655058, 18.060821409196691 ], [ 73.240186162566587, 18.060669400386796 ], [ 73.239882598452411, 18.06051221805366 ], [ 73.239616978746838, 18.060374683184584 ], [ 73.239351359583409, 18.060237147867905 ], [ 73.239085741919297, 18.060099612147607 ], [ 73.238744232037135, 18.059922781056958 ], [ 73.238403479793618, 18.059749946416076 ], [ 73.238064246626791, 18.059585106552369 ], [ 73.23768731978744, 18.059401951209292 ], [ 73.237355562460991, 18.059240744820077 ], [ 73.237106570318105, 18.059119754916409 ], [ 73.236743356993216, 18.058945101666477 ], [ 73.236273840168039, 18.058764761376796 ], [ 73.235746178908883, 18.058585895199577 ], [ 73.235319155075956, 18.058466556550101 ], [ 73.234974084694798, 18.058374066119637 ], [ 73.234629014695273, 18.058281576726088 ], [ 73.234283943209135, 18.058189087365875 ], [ 73.23393539626484, 18.05809566567714 ], [ 73.233586257166976, 18.058002085626573 ], [ 73.233216359404054, 18.057905407643336 ], [ 73.23274404173138, 18.057789702456709 ], [ 73.232184598895984, 18.057653110274561 ], [ 73.231754258936547, 18.057548039701103 ], [ 73.231409987498111, 18.05746398143474 ], [ 73.231108750232508, 18.05739043197563 ], [ 73.230807512384573, 18.057316880949934 ], [ 73.230506274819405, 18.057243330232623 ], [ 73.230209198918089, 18.057179994737954 ], [ 73.229873251998171, 18.057116364587888 ], [ 73.22949531082115, 18.057044781194008 ], [ 73.229074223295413, 18.05696661909526 ], [ 73.228601915648667, 18.056891514378567 ], [ 73.228256740941859, 18.05683889632618 ], [ 73.227914693500111, 18.056788480557685 ], [ 73.227546696483998, 18.056743607344949 ], [ 73.227141019162644, 18.05669616697331 ], [ 73.22673440846097, 18.056648615532698 ], [ 73.226368756636262, 18.05662348410997 ], [ 73.226004183523884, 18.056644023410794 ], [ 73.225701490256341, 18.056681488566191 ], [ 73.225762689839542, 18.056942511644912 ], [ 73.225920845231585, 18.057296086403667 ], [ 73.22606142796208, 18.057610375187153 ], [ 73.226219583007364, 18.057963949929253 ], [ 73.226395310690023, 18.05835680972703 ], [ 73.226553465711049, 18.058710381714196 ], [ 73.226764340332593, 18.059181811699485 ], [ 73.226940067546849, 18.059574667803464 ], [ 73.227080649518498, 18.059888951961291 ], [ 73.227238804352993, 18.060242523020278 ], [ 73.22741453155399, 18.060635377286786 ], [ 73.227555113916281, 18.060949659625958 ], [ 73.227678122454279, 18.061224656854549 ], [ 73.227801131494289, 18.061499654105873 ], [ 73.227924140125154, 18.061774650420446 ], [ 73.228064722084852, 18.062088930904352 ], [ 73.228240450410567, 18.062481782466559 ], [ 73.228433749977299, 18.062913917183891 ], [ 73.228591903665446, 18.063267480844313 ], [ 73.228732484957064, 18.06358176037773 ], [ 73.228848282407341, 18.063858156580569 ], [ 73.228898266045533, 18.064232773663356 ], [ 73.228929766538897, 18.064653692056609 ], [ 73.228964416042459, 18.065116701094333 ], [ 73.228992767342888, 18.065495525998291 ], [ 73.229017969088815, 18.065832258850673 ], [ 73.229043170095451, 18.066168990011704 ], [ 73.229077821611668, 18.066631994736962 ], [ 73.229112472454801, 18.067094998849953 ], [ 73.229143973743419, 18.067515910911283 ], [ 73.229152799701595, 18.067895676246291 ], [ 73.229125931599114, 18.068234926520578 ], [ 73.229092348457513, 18.068658989266119 ], [ 73.229055405759979, 18.069125457474488 ], [ 73.229028538308512, 18.069464704804361 ], [ 73.229001670767801, 18.069803951404481 ], [ 73.228968086071163, 18.070228011518122 ], [ 73.228927783456683, 18.070736878866597 ], [ 73.228900915500788, 18.071076124332322 ], [ 73.228877405045992, 18.071372962735438 ], [ 73.228843819889477, 18.071797017514285 ], [ 73.228803517477985, 18.072305882533275 ], [ 73.228766572514232, 18.072772339710404 ], [ 73.228734317168716, 18.073153527750904 ], [ 73.228673652290354, 18.073528317872402 ], [ 73.228614317489956, 18.073860243203075 ], [ 73.228554982397327, 18.074192168692331 ], [ 73.228495648926952, 18.074524094428217 ], [ 73.228428897940177, 18.074897508754088 ], [ 73.228347312812474, 18.075353903901888 ], [ 73.228280562098959, 18.075727315970891 ], [ 73.228213811926835, 18.076100729200117 ], [ 73.22814706051949, 18.076474140754716 ], [ 73.228095142934137, 18.076764569879121 ], [ 73.228028391918585, 18.077137980003087 ], [ 73.227969057179635, 18.077469899864951 ], [ 73.227902932179475, 18.077843307081334 ], [ 73.227828371858394, 18.078382614531531 ], [ 73.227779186766085, 18.078797443159871 ], [ 73.22774475691628, 18.079087823538046 ], [ 73.227705409176508, 18.079419683880712 ], [ 73.227666060193542, 18.079751546182177 ], [ 73.227626713069526, 18.080083405996678 ], [ 73.227533481521519, 18.080426082357281 ], [ 73.227174186221717, 18.080646684870121 ], [ 73.22675885468071, 18.080865538766496 ], [ 73.226471172117115, 18.080868301259756 ], [ 73.226170575293324, 18.080795669936681 ], [ 73.225827036677131, 18.080712663159698 ], [ 73.225484786812359, 18.080626591071578 ], [ 73.225119572068039, 18.080482627865315 ], [ 73.224801811311238, 18.080338309570536 ], [ 73.224484050231737, 18.080193991496305 ], [ 73.22416740035878, 18.080049169605832 ], [ 73.2238640770166, 18.079898318271081 ], [ 73.223526587222551, 18.079726913837856 ], [ 73.223114582533768, 18.0795153871405 ], [ 73.222713200303005, 18.0792591669444 ], [ 73.222352694406808, 18.079007768973423 ], [ 73.221956140197889, 18.078731233093521 ], [ 73.221559584790754, 18.078454695224824 ], [ 73.221237913529563, 18.078281924511455 ], [ 73.22124456111213, 18.078657062558516 ], [ 73.221285906279348, 18.07906957657665 ], [ 73.221318984364643, 18.079399587149279 ], [ 73.221347926511598, 18.079688346366972 ], [ 73.221358006613272, 18.079977851331179 ], [ 73.221288327583579, 18.08035334637546 ], [ 73.221220801809153, 18.080687340065271 ], [ 73.22115327474269, 18.081021333864573 ], [ 73.22106886743417, 18.081438824815486 ], [ 73.220967577747288, 18.081939811142654 ], [ 73.220874728848074, 18.082399048865735 ], [ 73.220807202211176, 18.08273303896209 ], [ 73.220731157420829, 18.083107909305316 ], [ 73.220637812573884, 18.083561643609617 ], [ 73.220561376303692, 18.083932169459544 ], [ 73.220476447417482, 18.0843438640849 ], [ 73.22040850355188, 18.084673219934039 ], [ 73.220349053685837, 18.084961404647359 ], [ 73.220281110247015, 18.085290758986808 ], [ 73.220221658878799, 18.085578943898735 ], [ 73.220162209263179, 18.085867127180919 ], [ 73.220169513421752, 18.086317028568384 ], [ 73.220333139455832, 18.086660077171928 ], [ 73.220492634402476, 18.087009530088856 ], [ 73.220634407384537, 18.087320155698066 ], [ 73.220793901979164, 18.087669608581706 ], [ 73.220971118508089, 18.088057887833834 ], [ 73.221112891008559, 18.088368509725914 ], [ 73.221272386262498, 18.08871796077732 ], [ 73.221449601857856, 18.089106237203108 ], [ 73.221573653277289, 18.089378030901173 ], [ 73.221784211923563, 18.089797648674793 ], [ 73.221990565244099, 18.090124642493667 ], [ 73.222177778979699, 18.090413487870965 ], [ 73.222388392969407, 18.090738439262708 ], [ 73.222599007063721, 18.091063389568085 ], [ 73.222786219624425, 18.091352233527918 ], [ 73.222996834680146, 18.091677183549692 ], [ 73.22331630025559, 18.092078324286959 ], [ 73.223639176980683, 18.092297480522468 ], [ 73.223936142380722, 18.092486020798273 ], [ 73.224270226936042, 18.092698127847406 ], [ 73.2246051300273, 18.092897040329134 ], [ 73.224866883773146, 18.093031225787996 ], [ 73.22512863717499, 18.093165408936283 ], [ 73.225390390094773, 18.093299592520776 ], [ 73.225652144401096, 18.093433777545133 ], [ 73.225938607159577, 18.093623540282213 ], [ 73.226252317728495, 18.09386159889597 ], [ 73.22663574082614, 18.094152558327671 ], [ 73.226947073506679, 18.094392724252284 ], [ 73.227250479964624, 18.09469731060846 ], [ 73.22751071037851, 18.094982828827387 ], [ 73.227713112259963, 18.095204898211954 ], [ 73.227915513851215, 18.095426967355802 ], [ 73.228175744211271, 18.095712484611539 ], [ 73.228435974716817, 18.095998001498028 ], [ 73.228696205321754, 18.096283518930942 ], [ 73.229013095978047, 18.096637276741145 ], [ 73.229242543768777, 18.096898738545718 ], [ 73.229443309674096, 18.097127519069243 ], [ 73.229644075349711, 18.097356298445877 ], [ 73.229844840749735, 18.097585077591209 ], [ 73.230045607788909, 18.097813856593262 ], [ 73.230246373595051, 18.098042635319995 ], [ 73.230475820381528, 18.09830409646117 ], [ 73.23073394852841, 18.098598239009476 ], [ 73.230963395338378, 18.098859698627194 ], [ 73.231164161342917, 18.099088477281249 ], [ 73.231412309410516, 18.099330696382424 ], [ 73.231737453426788, 18.099555892630576 ], [ 73.231992766863357, 18.099728552554733 ], [ 73.232248081000293, 18.099901211169982 ], [ 73.232503394788012, 18.100073870263486 ], [ 73.232758708318713, 18.100246528004114 ], [ 73.23305049514552, 18.100443851532532 ], [ 73.233346038729351, 18.100633979750757 ], [ 73.233685568889157, 18.100834381160112 ], [ 73.234062825011051, 18.101057049535811 ], [ 73.23432690413054, 18.101212917748622 ], [ 73.234590982857597, 18.101368786399757 ], [ 73.234930512752925, 18.101569187753597 ], [ 73.23534549448982, 18.101814121332637 ], [ 73.235685023619254, 18.102014523709613 ], [ 73.235986828204176, 18.102192657231946 ], [ 73.236252620078375, 18.102341949149963 ], [ 73.236532975375866, 18.102435366272957 ], [ 73.236855339211644, 18.102534614813809 ], [ 73.23713740746733, 18.10262145692872 ], [ 73.237525649356371, 18.102790786959869 ], [ 73.237858018097157, 18.102995641388464 ], [ 73.238189521923374, 18.103203157129666 ], [ 73.238484191261989, 18.103387616864232 ], [ 73.238778860449898, 18.103572076021436 ], [ 73.23918403054401, 18.103825707232648 ], [ 73.239643739059915, 18.104042443105389 ], [ 73.240123782499978, 18.104065718008624 ], [ 73.240369274171314, 18.103794551540535 ], [ 73.240548355805686, 18.103559334208128 ], [ 73.240753019713665, 18.103290512538006 ], [ 73.240983267319976, 18.102988090218602 ], [ 73.241239097552466, 18.102652062558171 ], [ 73.241427574622918, 18.102366806241374 ], [ 73.241583993602347, 18.102108577860257 ], [ 73.241839813962471, 18.101907139690866 ], [ 73.242172688456463, 18.101799381705867 ], [ 73.242507595473995, 18.10171587607951 ] ], [ [ 73.236609010572735, 18.070231325998453 ], [ 73.237003719812307, 18.070252297468191 ], [ 73.237314421792036, 18.07041315108993 ], [ 73.237535004059211, 18.070676108830231 ], [ 73.23763082364276, 18.070999873919511 ], [ 73.237586832410685, 18.071333597343049 ], [ 73.237409939433178, 18.071624871655761 ], [ 73.237127925316898, 18.07182795214344 ], [ 73.236740579449645, 18.071908827768123 ], [ 73.236353234034766, 18.071827951711313 ], [ 73.236071219892779, 18.071624871442268 ], [ 73.235894326599166, 18.071333597917342 ], [ 73.235850336471387, 18.070999874101798 ], [ 73.235946155680153, 18.070676109143385 ], [ 73.236166737249832, 18.070413151372684 ], [ 73.236609010572735, 18.070231325998453 ] ] ] ] } },
{ "type": "Feature", "properties": { "id": 3323, "objectid_1": 3323.0, "objectid": 66166.0, "village_hab": "Mahammad Khanikhar", "vlcode": "554948", "gram_panch": null, "gram_pan_1": null, "block": "Mhasla", "bkcode": "235", "subdistric_hab": "Mhasla", "sdcode": "4184", "sub_distri": "Mhasla", "district": "Raigad", "dtcode": "491", "district_h": "ALIBAG", "state": "MH", "stcode": "27", "uqcode": null, "country": "India", "total_urba": "Rural", "total_hous": 215.0, "total_popu": 1176.0, "avg_househ": 5.46976744, "total_geog": 294.0, "total_male": 600.0, "total_fema": 576.0, "tapwater_t": "Available", "tapwater_u": "Not Available", "covered_we": "Not Available", "covered__1": "Not Available", "covered__2": "Not Available", "uncovered_": "Available", "uncovere_1": "Available", "uncovere_2": "Available", "handpump_s": "Available", "hand_pump_": "Available", "hand_pum_1": "Available", "tubewell_b": "Not Available", "tube_wells": "Not Available", "tube_wel_1": "Not Available", "spring_sta": "Not Available", "spring_fun": "Not Available", "spring_f_1": "Not Available", "river_cana": "Not Available", "tank_pond_": "Not Available", "others_sta": "Not Available", "closed_dra": "Not Available", "open_drain": "Available", "village_pi": "Available", "forest_are": 0.0, "area_under": 2.0, "barren_unc": 95.0, "permanent_": 1.0, "land_under": 0.0, "culturable": 78.0, "fallows_la": 96.0, "current_fa": 0.0, "net_area_s": 22.0, "total_unir": 0.0, "area_irrig": 22.0, "canals_are": 0.0, "wells_tube": 0.0, "tanks_lake": 0.0, "waterfall_": 0.0, "other_sour": 0.0, "nearest_to": "SHRIVARDHAN", "nearest__1": 25.0, "shape_leng": 7911.1826691021952, "shape_le_1": 7911.1826691021952, "shape_area": 2931884.6072722049, "ds_name": "Administrative Boundary", "src_agency": "Survey of India (SOI)", "state_name": "Maharashtra\n", "source_district": "Raigad", "source_dtcode": "491", "source_subdistrict": "Mhasla", "source_sdcode": "4184", "verified_subdistrict": "MHASLA", "verified_sdcode": "4184", "subdistrict_name_match": true, "subdistrict_code_match": true, "admin_mismatch": false, "record_type": "habitation", "is_habitation": true, "review_status": "accepted", "raksha_id": "RAI-0264", "elev_min_m": -0.91472136974334717, "elev_max_m": 349.75762939453125, "elev_mean_m": 83.768831836175394, "elev_p10_m": 0.5, "elev_p90_m": 252.1319580078125, "slope_mean_deg": 11.866921056638246, "slope_max_deg": 44.802753448486328, "slope_p90_deg": 28.75286865234375, "pct_slope_ge15": 35.627283800243603, "pct_slope_ge25": 16.534713763702801, "pct_slope_ge35": 2.7405602923264314, "annual_rain_mm": 4775.8273950815201, "max_1day_mm": 192.45001220703125, "rain_days_ge50": 33, "rain_days_ge100": 11, "rain_days_ge150": 3, "wet_days_ge1": 125, "imd_lat": 18.0, "imd_lon": 73.25, "years_available": 30, "clim_mean_annual_mm": 3673.4573117402692, "clim_median_annual_mm": 3566.5091785863042, "clim_std_annual_mm": 859.35199446455738, "clim_min_annual_mm": 1081.7344327718019, "clim_max_annual_mm": 5437.3672740012407, "clim_mean_days_ge50": 23.233333333333334, "clim_mean_days_ge100": 6.5, "clim_mean_days_ge150": 2.0, "hist_max_1day_mm": 375.11422729492188, "annual_cv_pct": 23.393547863428054, "rain_2024_anomaly_mm": 1102.3700833412508, "rain_2024_anomaly_pct": 30.009062030423117, "dist_river_m": 471.68623594532477, "nearest_river": "Vagbilachi", "nearest_river_uid": "8937", "river_within_250m": false, "river_within_500m": true, "river_within_1km": true, "river_within_2km": true, "dem_drain_min_m": 0.0, "dem_drain_mean_m": 654.41945797807557, "dem_drain_p10_m": 90.964424133300781, "pct_area_drain_100m": 10.809987819732033, "pct_area_drain_250m": 20.188794153471378, "pct_area_drain_500m": 36.358099878197322, "f_elevation": 0.69495810410702985, "f_flatness": 0.32099501209495751, "f_river_proximity": 0.96543098418715989, "f_drain_proximity": 0.721931688169547, "f_drain_area": 0.32521585146820109, "f_clim_rain": 0.36364242465371061, "f_extreme_rain": 0.35914200023920684, "diagnostic_mean": 0.53590229498854458, "terrain_component": 0.50797655810099362, "drainage_component": 0.52357376981887405, "river_component": 0.96543098418715989, "rainfall_component": 0.36139221244645869, "flood_susceptibility": 0.58959338113837156, "flood_susceptibility_100": 58.959338113837156, "susceptibility_class": "High", "susceptibility_percentile": 63.589743589743584, "population_hab": 1176.0, "households": 215.0, "population_exposure": 693.36181621872493, "household_exposure": 126.76257694474988, "population_exposure_percentile": 79.948717948717956, "household_exposure_percentile": 73.179487179487182, "exposure_percentile": 79.948717948717956, "exposure_class": "High", "v_remoteness": 0.61764705882352944, "v_water_service": 0.66666666666666674, "v_household_size": 1.0, "vulnerability_data_complete": true, "vulnerability_diagnostic": 0.76143790849673199, "vulnerability_feature_count": 3, "vulnerability_completeness_pct": 100.0, "vulnerability_score": 0.73039215686274517, "vulnerability_100": 73.039215686274517, "vulnerability_percentile": 90.948275862068968, "vulnerability_class": "Very High", "flood_priority_score": 0.85271320236165837, "flood_priority_100": 85.271320236165835, "priority_status": "Eligible", "priority_percentile": 98.329741379310349, "priority_class": "Very High", "priority_reason": "high coping vulnerability", "ls_mean": 39.885234832763672, "ls_median": 40.720352172851562, "ls_p90": 77.679702758789062, "ls_max": 92.056251525878906, "ls_pct_ge40": 50.91855480710349, "ls_pct_ge60": 27.893447642375996, "ls_pct_ge80": 7.042253521126761, "ls_valid_pixels": 3266, "landslide_percentile": 72.15384615384616, "landslide_class": "High", "multihazard_susceptibility": 0.67736582257572486, "multihazard_susceptibility_100": 67.736582257572479, "dominant_hazard": "Mixed", "multihazard_priority": 0.75999919719621101, "multihazard_priority_100_hab": 75.999919719621104, "multihazard_priority_percentile": 99.245689655172413, "multihazard_priority_class": "Very High", "village": "Mahammad Khanikhar", "subdistric": "Mhasla", "population": 1176.0, "multihazard_priority_100": 75.999919719621104, "recommendation_rank": 1, "recommendation_status": "Suitable Candidate", "patch_id": 4286, "area_ha": 125.77279831849096, "required_area_ha": 11.76, "estimated_capacity_people": 12577.279831849097, "capacity_ratio": 10.694965843409094, "distance_km": 18.567192109557137, "site_flood": 39.082473754882812, "site_landslide": 16.225446701049805, "site_slope_deg": 1.600567102432251, "site_road_dist_m": 2215.3359375, "final_feasibility_score": 66.868101951957811, "recommendation_reason": "125.8 ha available; capacity ratio 10.7x; 18.6 km from habitation; flood score 39.1; landslide score 16.2; mean slope 1.6°" }, "geometry": { "type": "MultiPolygon", "coordinates": [ [ [ [ 73.220169513421752, 18.086317028568384 ], [ 73.220162209263179, 18.085867127180919 ], [ 73.220221658878799, 18.085578943898735 ], [ 73.220281110247015, 18.085290758986808 ], [ 73.220349053685837, 18.084961404647359 ], [ 73.22040850355188, 18.084673219934039 ], [ 73.220476447417482, 18.0843438640849 ], [ 73.220561376303692, 18.083932169459544 ], [ 73.220637812573884, 18.083561643609617 ], [ 73.220731157420829, 18.083107909305316 ], [ 73.220807202211176, 18.08273303896209 ], [ 73.220874728848074, 18.082399048865735 ], [ 73.220967577747288, 18.081939811142654 ], [ 73.22106886743417, 18.081438824815486 ], [ 73.22115327474269, 18.081021333864573 ], [ 73.221220801809153, 18.080687340065271 ], [ 73.221288327583579, 18.08035334637546 ], [ 73.221358006613272, 18.079977851331179 ], [ 73.221347926511598, 18.079688346366972 ], [ 73.221318984364643, 18.079399587149279 ], [ 73.221285906279348, 18.07906957657665 ], [ 73.22124456111213, 18.078657062558516 ], [ 73.221237913529563, 18.078281924511455 ], [ 73.220309550852122, 18.076453127869836 ], [ 73.219154308325756, 18.074431384595783 ], [ 73.217022502212231, 18.071984923088536 ], [ 73.213009930118446, 18.066557818002131 ], [ 73.211676209301928, 18.065553839059561 ], [ 73.210541744260794, 18.064911750898805 ], [ 73.210266017146424, 18.065351436880167 ], [ 73.209789229349141, 18.065979609290093 ], [ 73.209557812206569, 18.066194386845737 ], [ 73.208863934634365, 18.066838370009766 ], [ 73.207879511445739, 18.067609012272424 ], [ 73.206774628979701, 18.068438470521226 ], [ 73.205938831719806, 18.06895387086951 ], [ 73.205362006168912, 18.06917001722756 ], [ 73.20470159275537, 18.069417485452167 ], [ 73.203955216384088, 18.069331911590737 ], [ 73.202819198706294, 18.069074912719834 ], [ 73.201869767628281, 18.068720363873002 ], [ 73.202250468813659, 18.072293366917268 ], [ 73.20315671036019, 18.074779063621566 ], [ 73.204244715201114, 18.078299613614192 ], [ 73.205076030166481, 18.080475070495428 ], [ 73.205588964839876, 18.08196525344734 ], [ 73.206129103564848, 18.083119516984315 ], [ 73.206446317845376, 18.08392629646 ], [ 73.206406800208086, 18.084492451087826 ], [ 73.205820895991735, 18.085858603511937 ], [ 73.207838215232044, 18.083640904167503 ], [ 73.208547024558101, 18.082420582225637 ], [ 73.20948063426367, 18.081549850649058 ], [ 73.210117456743305, 18.081347565063005 ], [ 73.211378792534944, 18.081427310503035 ], [ 73.21222252131534, 18.081857338248295 ], [ 73.213585388239878, 18.083238233384701 ], [ 73.214044364035118, 18.085120252985856 ], [ 73.215113925473162, 18.086629195370822 ], [ 73.216988953127185, 18.086969677474499 ], [ 73.218290347490552, 18.087154076424145 ], [ 73.219762119996972, 18.086943995102736 ], [ 73.220169513421752, 18.086317028568384 ] ] ] ] } },
{ "type": "Feature", "properties": { "id": 3325, "objectid_1": 3325.0, "objectid": 66168.0, "village_hab": "Maryamkhar", "vlcode": "554949", "gram_panch": null, "gram_pan_1": null, "block": "Mhasla", "bkcode": "235", "subdistric_hab": "Mhasla", "sdcode": "4184", "sub_distri": "Mhasla", "district": "Raigad", "dtcode": "491", "district_h": "ALIBAG", "state": "MH", "stcode": "27", "uqcode": null, "country": "India", "total_urba": "Rural", "total_hous": 147.0, "total_popu": 710.0, "avg_househ": 4.82993197, "total_geog": 191.0, "total_male": 341.0, "total_fema": 369.0, "tapwater_t": "Not Available", "tapwater_u": "Available", "covered_we": "Not Available", "covered__1": "Not Available", "covered__2": "Not Available", "uncovered_": "Available", "uncovere_1": "Available", "uncovere_2": "Available", "handpump_s": "Not Available", "hand_pump_": "Not Available", "hand_pum_1": "Not Available", "tubewell_b": "Not Available", "tube_wells": "Not Available", "tube_wel_1": "Not Available", "spring_sta": "Not Available", "spring_fun": "Not Available", "spring_f_1": "Not Available", "river_cana": "Not Available", "tank_pond_": "Not Available", "others_sta": "Not Available", "closed_dra": "Not Available", "open_drain": "Available", "village_pi": "Available", "forest_are": 11.0, "area_under": 2.0, "barren_unc": 61.0, "permanent_": 1.0, "land_under": 0.0, "culturable": 25.0, "fallows_la": 70.0, "current_fa": 9.0, "net_area_s": 12.0, "total_unir": 0.0, "area_irrig": 12.0, "canals_are": 0.0, "wells_tube": 0.0, "tanks_lake": 0.0, "waterfall_": 0.0, "other_sour": 0.0, "nearest_to": "SHRIVARDHAN", "nearest__1": 30.0, "shape_leng": 8808.717355902776, "shape_le_1": 8808.717355902776, "shape_area": 2950990.6936070067, "ds_name": "Administrative Boundary", "src_agency": "Survey of India (SOI)", "state_name": "Maharashtra\n", "source_district": "Raigad", "source_dtcode": "491", "source_subdistrict": "Mhasla", "source_sdcode": "4184", "verified_subdistrict": "MHASLA", "verified_sdcode": "4184", "subdistrict_name_match": true, "subdistrict_code_match": true, "admin_mismatch": false, "record_type": "habitation", "is_habitation": true, "review_status": "accepted", "raksha_id": "RAI-0266", "elev_min_m": 0.0, "elev_max_m": 385.89620971679688, "elev_mean_m": 96.653412518853699, "elev_p10_m": 0.5, "elev_p90_m": 231.48919677734375, "slope_mean_deg": 13.202144607843136, "slope_max_deg": 37.734214782714844, "slope_p90_deg": 25.508085250854492, "pct_slope_ge15": 42.202111613876319, "pct_slope_ge25": 11.040723981900452, "pct_slope_ge35": 0.12066365007541478, "annual_rain_mm": 4775.8273950815201, "max_1day_mm": 192.45001220703125, "rain_days_ge50": 33, "rain_days_ge100": 11, "rain_days_ge150": 3, "wet_days_ge1": 125, "imd_lat": 18.0, "imd_lon": 73.25, "years_available": 30, "clim_mean_annual_mm": 3673.4573117402692, "clim_median_annual_mm": 3566.5091785863042, "clim_std_annual_mm": 859.35199446455738, "clim_min_annual_mm": 1081.7344327718019, "clim_max_annual_mm": 5437.3672740012407, "clim_mean_days_ge50": 23.233333333333334, "clim_mean_days_ge100": 6.5, "clim_mean_days_ge150": 2.0, "hist_max_1day_mm": 375.11422729492188, "annual_cv_pct": 23.393547863428054, "rain_2024_anomaly_mm": 1102.3700833412508, "rain_2024_anomaly_pct": 30.009062030423117, "dist_river_m": 472.65892125220574, "nearest_river": "Gadhe", "nearest_river_uid": "9064", "river_within_250m": false, "river_within_500m": true, "river_within_1km": true, "river_within_2km": true, "dem_drain_min_m": 0.0, "dem_drain_mean_m": 665.13823529411764, "dem_drain_p10_m": 122.77899169921875, "pct_area_drain_100m": 8.5369532428355956, "pct_area_drain_250m": 20.241327300150829, "pct_area_drain_500m": 39.125188536953246, "f_elevation": 0.64671121668482767, "f_flatness": 0.24023139701202678, "f_river_proximity": 0.9653134170640254, "f_drain_proximity": 0.71506868464971607, "f_drain_area": 0.32606209378945056, "f_clim_rain": 0.36364242465371061, "f_extreme_rain": 0.35914200023920684, "diagnostic_mean": 0.51659589058470912, "terrain_component": 0.44347130684842723, "drainage_component": 0.52056538921958329, "river_component": 0.9653134170640254, "rainfall_component": 0.36139221244645869, "flood_susceptibility": 0.57268558139462367, "flood_susceptibility_100": 57.268558139462364, "susceptibility_class": "Moderate", "susceptibility_percentile": 59.07692307692308, "population_hab": 710.0, "households": 147.0, "population_exposure": 406.60676279018281, "household_exposure": 84.18478046500968, "population_exposure_percentile": 60.769230769230766, "household_exposure_percentile": 56.358974358974358, "exposure_percentile": 60.769230769230766, "exposure_class": "High", "v_remoteness": 0.76470588235294112, "v_water_service": 0.66666666666666674, "v_household_size": 0.81474663893165811, "vulnerability_data_complete": true, "vulnerability_diagnostic": 0.74870639598375532, "vulnerability_feature_count": 3, "vulnerability_completeness_pct": 100.0, "vulnerability_score": 0.74290234600742444, "vulnerability_100": 74.290234600742451, "vulnerability_percentile": 92.618534482758619, "vulnerability_class": "Very High", "flood_priority_score": 0.75022377298314902, "flood_priority_100": 75.022377298314908, "priority_status": "Eligible", "priority_percentile": 92.834051724137936, "priority_class": "Very High", "priority_reason": "high coping vulnerability", "ls_mean": 45.325687408447266, "ls_median": 47.960140228271484, "ls_p90": 73.525489807128906, "ls_max": 85.659011840820312, "ls_pct_ge40": 62.480997263605964, "ls_pct_ge60": 28.91456369717239, "ls_pct_ge80": 2.7972027972027971, "ls_valid_pixels": 3289, "landslide_percentile": 82.769230769230774, "landslide_class": "Very High", "multihazard_susceptibility": 0.69926757963528818, "multihazard_susceptibility_100": 69.926757963528814, "dominant_hazard": "Landslide-dominant", "multihazard_priority": 0.72429770254970471, "multihazard_priority_100_hab": 72.429770254970478, "multihazard_priority_percentile": 98.383620689655174, "multihazard_priority_class": "Very High", "village": "Maryamkhar", "subdistric": "Mhasla", "population": 710.0, "multihazard_priority_100": 72.429770254970478, "recommendation_rank": 1, "recommendation_status": "Suitable Candidate", "patch_id": 4286, "area_ha": 125.77279831849096, "required_area_ha": 7.1, "estimated_capacity_people": 12577.279831849097, "capacity_ratio": 17.714478636407176, "distance_km": 16.897338013044344, "site_flood": 39.082473754882812, "site_landslide": 16.225446701049805, "site_slope_deg": 1.600567102432251, "site_road_dist_m": 2215.3359375, "final_feasibility_score": 68.370970638819315, "recommendation_reason": "125.8 ha available; capacity ratio 17.7x; 16.9 km from habitation; flood score 39.1; landslide score 16.2; mean slope 1.6°" }, "geometry": { "type": "MultiPolygon", "coordinates": [ [ [ [ 73.206446317845376, 18.08392629646 ], [ 73.206129103564848, 18.083119516984315 ], [ 73.205588964839876, 18.08196525344734 ], [ 73.205076030166481, 18.080475070495428 ], [ 73.204244715201114, 18.078299613614192 ], [ 73.20315671036019, 18.074779063621566 ], [ 73.202250468813659, 18.072293366917268 ], [ 73.201869767628281, 18.068720363873002 ], [ 73.200728740871568, 18.068160911394056 ], [ 73.199833297351859, 18.067388679362654 ], [ 73.199027609636659, 18.06638834705608 ], [ 73.198011521999675, 18.065103408394261 ], [ 73.197144426422383, 18.064017258194045 ], [ 73.196456893958342, 18.063333091811973 ], [ 73.196187422024295, 18.062646474890947 ], [ 73.19557539728801, 18.061779358376949 ], [ 73.194618486484032, 18.060521461560864 ], [ 73.193970658820732, 18.059792847686619 ], [ 73.193602596257165, 18.059378886063801 ], [ 73.192707272619387, 18.058520865250713 ], [ 73.191691596677217, 18.057949704701411 ], [ 73.190795739362656, 18.057698894608116 ], [ 73.191882056693473, 18.063864492226045 ], [ 73.191775887547095, 18.068134424034191 ], [ 73.191501142980869, 18.070009421128479 ], [ 73.189627072941349, 18.073504713488788 ], [ 73.18884613954701, 18.075822081995089 ], [ 73.188213492522522, 18.078147513502799 ], [ 73.187804413514627, 18.07956943505685 ], [ 73.188057364318936, 18.081951704135285 ], [ 73.188288947086164, 18.083907619853573 ], [ 73.191798664526445, 18.081527352552598 ], [ 73.193729049570592, 18.08122805719259 ], [ 73.195335065356133, 18.081304346766334 ], [ 73.196346325184024, 18.081482779339371 ], [ 73.197608805152541, 18.082199697653198 ], [ 73.198268539858816, 18.083154223014546 ], [ 73.199094403730228, 18.083852261260269 ], [ 73.200095423286825, 18.084160783620295 ], [ 73.201290095303591, 18.083814034545345 ], [ 73.202056812743564, 18.083315300720841 ], [ 73.202493613385755, 18.083333079248209 ], [ 73.20290171805371, 18.083747477481648 ], [ 73.203300712463928, 18.084294481322708 ], [ 73.20487473694314, 18.084756730701191 ], [ 73.205866568176589, 18.085195503008126 ], [ 73.205820895991735, 18.085858603511937 ], [ 73.206406800208086, 18.084492451087826 ], [ 73.206446317845376, 18.08392629646 ] ] ] ] } },
{ "type": "Feature", "properties": { "id": 3385, "objectid_1": 3385.0, "objectid": 66228.0, "village_hab": "Palasgaon Bk", "vlcode": "554606", "gram_panch": null, "gram_pan_1": null, "block": "Mangaon", "bkcode": "232", "subdistric_hab": "Mangaon", "sdcode": "4181", "sub_distri": "Mangaon", "district": "Raigad", "dtcode": "491", "district_h": "ALIBAG", "state": "MH", "stcode": "27", "uqcode": null, "country": "India", "total_urba": "Rural", "total_hous": 214.0, "total_popu": 893.0, "avg_househ": 4.1728972, "total_geog": 582.0, "total_male": 426.0, "total_fema": 467.0, "tapwater_t": "Not Available", "tapwater_u": "Not Available", "covered_we": "Not Available", "covered__1": "Not Available", "covered__2": "Not Available", "uncovered_": "Available", "uncovere_1": "Available", "uncovere_2": "Available", "handpump_s": "Not Available", "hand_pump_": "Not Available", "hand_pum_1": "Not Available", "tubewell_b": "Not Available", "tube_wells": "Not Available", "tube_wel_1": "Not Available", "spring_sta": "Not Available", "spring_fun": "Not Available", "spring_f_1": "Not Available", "river_cana": "Available", "tank_pond_": "Not Available", "others_sta": "Not Available", "closed_dra": "Not Available", "open_drain": "Available", "village_pi": "Available", "forest_are": 110.0, "area_under": 40.0, "barren_unc": 77.0, "permanent_": 0.0, "land_under": 3.0, "culturable": 65.0, "fallows_la": 75.0, "current_fa": 14.0, "net_area_s": 196.0, "total_unir": 74.0, "area_irrig": 122.0, "canals_are": 0.0, "wells_tube": 0.0, "tanks_lake": 0.0, "waterfall_": 0.0, "other_sour": 74.0, "nearest_to": "MAHAD", "nearest__1": 33.0, "shape_leng": 11116.841106378411, "shape_le_1": 11116.841106378411, "shape_area": 6347748.8326962953, "ds_name": "Administrative Boundary", "src_agency": "Survey of India (SOI)", "state_name": "Maharashtra\n", "source_district": "Raigad", "source_dtcode": "491", "source_subdistrict": "Mangaon", "source_sdcode": "4181", "verified_subdistrict": "MANGAON", "verified_sdcode": "4181", "subdistrict_name_match": true, "subdistrict_code_match": true, "admin_mismatch": false, "record_type": "habitation", "is_habitation": true, "review_status": "accepted", "raksha_id": "RAI-0320", "elev_min_m": 24.138309478759766, "elev_max_m": 347.70486450195312, "elev_mean_m": 82.985251722683174, "elev_p10_m": 42.418781280517578, "elev_p90_m": 163.19277954101562, "slope_mean_deg": 7.2881088718183094, "slope_max_deg": 35.279499053955078, "slope_p90_deg": 21.210725784301758, "pct_slope_ge15": 16.762761918154972, "pct_slope_ge25": 6.440725636338068, "pct_slope_ge35": 0.01406271972999578, "annual_rain_mm": 3811.8278035670519, "max_1day_mm": 150.94670104980469, "rain_days_ge50": 25, "rain_days_ge100": 4, "rain_days_ge150": 1, "wet_days_ge1": 124, "imd_lat": 18.25, "imd_lon": 73.25, "years_available": 30, "clim_mean_annual_mm": 3666.5318098383023, "clim_median_annual_mm": 3664.199877589941, "clim_std_annual_mm": 869.77599169042571, "clim_min_annual_mm": 1081.8939343392849, "clim_max_annual_mm": 5834.229748532176, "clim_mean_days_ge50": 23.066666666666666, "clim_mean_days_ge100": 6.9666666666666668, "clim_mean_days_ge150": 2.2, "hist_max_1day_mm": 312.31134033203125, "annual_cv_pct": 23.722035885699398, "rain_2024_anomaly_mm": 145.29599372874964, "rain_2024_anomaly_pct": 3.9627637578073358, "dist_river_m": 536.44823833436749, "nearest_river": "Bhagirathi", "nearest_river_uid": "8614", "river_within_250m": false, "river_within_500m": false, "river_within_1km": true, "river_within_2km": true, "dem_drain_min_m": 0.0, "dem_drain_mean_m": 391.14621712839261, "dem_drain_p10_m": 67.800880432128906, "pct_area_drain_100m": 14.976796512445507, "pct_area_drain_250m": 36.661510336098999, "pct_area_drain_500m": 69.722964421319077, "f_elevation": 0.69789225481422057, "f_flatness": 0.59795344688149665, "f_river_proximity": 0.9576032908361376, "f_drain_proximity": 0.89049990498700904, "f_drain_area": 0.5905704030378951, "f_clim_rain": 0.36009394542003104, "f_extreme_rain": 0.084437885240509686, "diagnostic_mean": 0.59700730445961425, "terrain_component": 0.64792285084785861, "drainage_component": 0.74053515401245207, "river_component": 0.9576032908361376, "rainfall_component": 0.22226591533027035, "flood_susceptibility": 0.6420818027566797, "flood_susceptibility_100": 64.208180275667971, "susceptibility_class": "High", "susceptibility_percentile": 75.948717948717942, "population_hab": 893.0, "households": 214.0, "population_exposure": 573.37904986171498, "household_exposure": 137.40550578992946, "population_exposure_percentile": 73.948717948717942, "household_exposure_percentile": 76.051282051282058, "exposure_percentile": 73.948717948717942, "exposure_class": "High", "v_remoteness": 0.8529411764705882, "v_water_service": 1.0, "v_household_size": 0.513877169913736, "vulnerability_data_complete": true, "vulnerability_diagnostic": 0.78893944879477473, "vulnerability_feature_count": 3, "vulnerability_completeness_pct": 100.0, "vulnerability_score": 0.81964576306666925, "vulnerability_100": 81.964576306666928, "vulnerability_percentile": 97.521551724137936, "vulnerability_class": "Very High", "flood_priority_score": 0.8492110292718521, "flood_priority_100": 84.921102927185217, "priority_status": "Eligible", "priority_percentile": 98.114224137931032, "priority_class": "Very High", "priority_reason": "high coping vulnerability", "ls_mean": 34.078521728515625, "ls_median": 29.163240432739258, "ls_p90": 67.262382507324219, "ls_max": 92.932716369628906, "ls_pct_ge40": 32.484882576290254, "ls_pct_ge60": 13.683026297285894, "ls_pct_ge80": 2.5734777105892279, "ls_valid_pixels": 7111, "landslide_percentile": 56.769230769230774, "landslide_class": "Moderate", "multihazard_susceptibility": 0.65662396360915642, "multihazard_susceptibility_100": 65.662396360915636, "dominant_hazard": "Flood-dominant", "multihazard_priority": 0.74673443203129108, "multihazard_priority_100_hab": 74.673443203129111, "multihazard_priority_percentile": 99.03017241379311, "multihazard_priority_class": "Very High", "village": "Palasgaon Bk", "subdistric": "Mangaon", "population": 893.0, "multihazard_priority_100": 74.673443203129111, "recommendation_rank": 1, "recommendation_status": "Suitable Candidate", "patch_id": 3588, "area_ha": 47.716434449771562, "required_area_ha": 8.93, "estimated_capacity_people": 4771.6434449771568, "capacity_ratio": 5.3433857166597498, "distance_km": 19.086770703540392, "site_flood": 39.505401611328125, "site_landslide": 11.250994682312012, "site_slope_deg": 2.4479162693023682, "site_road_dist_m": 1125.5762939453125, "final_feasibility_score": 69.56417144450127, "recommendation_reason": "47.7 ha available; capacity ratio 5.3x; 19.1 km from habitation; flood score 39.5; landslide score 11.3; mean slope 2.4°" }, "geometry": { "type": "MultiPolygon", "coordinates": [ [ [ [ 73.373204220726791, 18.252932310781297 ], [ 73.373718975229792, 18.249975900537876 ], [ 73.374088510331319, 18.247307049442107 ], [ 73.374130504886367, 18.245826883839484 ], [ 73.374464082658605, 18.244452700503917 ], [ 73.375385773780948, 18.243105443181879 ], [ 73.376233371858746, 18.240920518149682 ], [ 73.376588535428752, 18.238805271706322 ], [ 73.376707423163509, 18.236018479733136 ], [ 73.376477111225711, 18.235825566784222 ], [ 73.37556448395145, 18.234549820677202 ], [ 73.37526771152244, 18.232516619167242 ], [ 73.375288537477147, 18.231805234934473 ], [ 73.372105628167347, 18.23153205604676 ], [ 73.368238503430206, 18.231203673993278 ], [ 73.362585850682336, 18.231098382114489 ], [ 73.360983852841585, 18.230849921165468 ], [ 73.356952867998956, 18.235534171618379 ], [ 73.355092063860667, 18.237849036630166 ], [ 73.352880501915166, 18.239257845112729 ], [ 73.350016620641668, 18.240369102059812 ], [ 73.343045813692768, 18.243064769440991 ], [ 73.339874537372083, 18.244959231782211 ], [ 73.3388065567312, 18.245974937609727 ], [ 73.337922423262739, 18.247176818010324 ], [ 73.336769380835435, 18.24822659790863 ], [ 73.337380187284268, 18.248725036808569 ], [ 73.338937955140111, 18.249320817161621 ], [ 73.340853845890891, 18.250107598530878 ], [ 73.342154743219666, 18.25016896362791 ], [ 73.343626467838618, 18.25049951980829 ], [ 73.345263671174948, 18.251534336678674 ], [ 73.346085777375166, 18.25192133821276 ], [ 73.347469341458677, 18.252073607209912 ], [ 73.350437450893978, 18.251777987989751 ], [ 73.351927260973497, 18.2514126443564 ], [ 73.353698805133078, 18.250886256974468 ], [ 73.355654870865223, 18.250368385592996 ], [ 73.357226896217327, 18.250354990845381 ], [ 73.358509684988789, 18.250763540234221 ], [ 73.360144646472079, 18.251798387047039 ], [ 73.361150304841928, 18.252193984851569 ], [ 73.364550483104452, 18.252876072551608 ], [ 73.368331097991728, 18.253140249347702 ], [ 73.371295325433394, 18.25284312920995 ], [ 73.373204220726791, 18.252932310781297 ] ] ] ] } },
{ "type": "Feature", "properties": { "id": 3417, "objectid_1": 3417.0, "objectid": 66260.0, "village_hab": "Unegaon", "vlcode": "554672", "gram_panch": null, "gram_pan_1": null, "block": "Mangaon", "bkcode": "232", "subdistric_hab": "Mangaon", "sdcode": "4181", "sub_distri": "Mangaon", "district": "Raigad", "dtcode": "491", "district_h": "ALIBAG", "state": "MH", "stcode": "27", "uqcode": null, "country": "India", "total_urba": "Rural", "total_hous": 288.0, "total_popu": 1338.0, "avg_househ": 4.64583333, "total_geog": 331.0, "total_male": 665.0, "total_fema": 673.0, "tapwater_t": "Not Available", "tapwater_u": "Available", "covered_we": "Not Available", "covered__1": "Not Available", "covered__2": "Not Available", "uncovered_": "Available", "uncovere_1": "Available", "uncovere_2": "Available", "handpump_s": "Available", "hand_pump_": "Available", "hand_pum_1": "Available", "tubewell_b": "Available", "tube_wells": "Available", "tube_wel_1": "Available", "spring_sta": "Not Available", "spring_fun": "Not Available", "spring_f_1": "Not Available", "river_cana": "Available", "tank_pond_": "Not Available", "others_sta": "Not Available", "closed_dra": "Not Available", "open_drain": "Available", "village_pi": "Available", "forest_are": 48.0, "area_under": 2.0, "barren_unc": 26.0, "permanent_": 26.0, "land_under": 0.0, "culturable": 12.0, "fallows_la": 0.0, "current_fa": 0.0, "net_area_s": 217.0, "total_unir": 208.0, "area_irrig": 9.0, "canals_are": 4.0, "wells_tube": 0.0, "tanks_lake": 0.0, "waterfall_": 0.0, "other_sour": 204.0, "nearest_to": "MAHAD", "nearest__1": 30.0, "shape_leng": 7081.2965563693961, "shape_le_1": 7081.2965563693961, "shape_area": 3040583.3704358749, "ds_name": "Administrative Boundary", "src_agency": "Survey of India (SOI)", "state_name": "Maharashtra\n", "source_district": "Raigad", "source_dtcode": "491", "source_subdistrict": "Mangaon", "source_sdcode": "4181", "verified_subdistrict": "MANGAON", "verified_sdcode": "4181", "subdistrict_name_match": true, "subdistrict_code_match": true, "admin_mismatch": false, "record_type": "habitation", "is_habitation": true, "review_status": "accepted", "raksha_id": "RAI-0353", "elev_min_m": 2.5, "elev_max_m": 215.27275085449219, "elev_mean_m": 37.671443522326676, "elev_p10_m": 7.573606014251709, "elev_p90_m": 98.286544799804688, "slope_mean_deg": 8.1742739470108692, "slope_max_deg": 36.417270660400391, "slope_p90_deg": 20.523731231689453, "pct_slope_ge15": 20.828437132784959, "pct_slope_ge25": 5.904817861339601, "pct_slope_ge35": 0.23501762632197415, "annual_rain_mm": 3811.8278035670519, "max_1day_mm": 150.94670104980469, "rain_days_ge50": 25, "rain_days_ge100": 4, "rain_days_ge150": 1, "wet_days_ge1": 124, "imd_lat": 18.25, "imd_lon": 73.25, "years_available": 30, "clim_mean_annual_mm": 3666.5318098383023, "clim_median_annual_mm": 3664.199877589941, "clim_std_annual_mm": 869.77599169042571, "clim_min_annual_mm": 1081.8939343392849, "clim_max_annual_mm": 5834.229748532176, "clim_mean_days_ge50": 23.066666666666666, "clim_mean_days_ge100": 6.9666666666666668, "clim_mean_days_ge150": 2.2, "hist_max_1day_mm": 312.31134033203125, "annual_cv_pct": 23.722035885699398, "rain_2024_anomaly_mm": 145.29599372874964, "rain_2024_anomaly_pct": 3.9627637578073358, "dist_river_m": 583.80548886493204, "nearest_river": "Dhavri R", "nearest_river_uid": "8995", "river_within_250m": false, "river_within_500m": false, "river_within_1km": true, "river_within_2km": true, "dem_drain_min_m": 0.0, "dem_drain_mean_m": 569.21298472385433, "dem_drain_p10_m": 67.800880432128906, "pct_area_drain_100m": 13.954171562867215, "pct_area_drain_250m": 27.614571092831962, "pct_area_drain_500m": 42.861339600470032, "f_elevation": 0.86757183203577481, "f_flatness": 0.54435201439612402, "f_river_proximity": 0.9518792856876569, "f_drain_proximity": 0.7764875678761729, "f_drain_area": 0.44483569363355596, "f_clim_rain": 0.36009394542003104, "f_extreme_rain": 0.084437885240509686, "diagnostic_mean": 0.57566546061283219, "terrain_component": 0.70596192321594942, "drainage_component": 0.61066163075486446, "river_component": 0.9518792856876569, "rainfall_component": 0.22226591533027035, "flood_susceptibility": 0.62269218874718535, "flood_susceptibility_100": 62.269218874718533, "susceptibility_class": "High", "susceptibility_percentile": 71.230769230769226, "population_hab": 1338.0, "households": 288.0, "population_exposure": 833.16214854373402, "household_exposure": 179.33535035918939, "population_exposure_percentile": 84.769230769230774, "household_exposure_percentile": 83.589743589743591, "exposure_percentile": 84.769230769230774, "exposure_class": "Very High", "v_remoteness": 0.76470588235294112, "v_water_service": 0.66666666666666674, "v_household_size": 0.73044415968277165, "vulnerability_data_complete": true, "vulnerability_diagnostic": 0.7206055695674598, "vulnerability_feature_count": 3, "vulnerability_completeness_pct": 100.0, "vulnerability_score": 0.72182672619520283, "vulnerability_100": 72.182672619520289, "vulnerability_percentile": 89.60129310344827, "vulnerability_class": "Very High", "flood_priority_score": 0.87151779627886494, "flood_priority_100": 87.151779627886498, "priority_status": "Eligible", "priority_percentile": 98.760775862068968, "priority_class": "Very High", "priority_reason": "high exposed population; high coping vulnerability", "ls_mean": 32.694126129150391, "ls_median": 27.347877502441406, "ls_p90": 68.790672302246094, "ls_max": 88.836738586425781, "ls_pct_ge40": 37.455934195064629, "ls_pct_ge60": 18.008225616921269, "ls_pct_ge80": 2.6439482961222094, "ls_valid_pixels": 3404, "landslide_percentile": 52.61538461538462, "landslide_class": "Moderate", "multihazard_susceptibility": 0.61219558308816857, "multihazard_susceptibility_100": 61.219558308816858, "dominant_hazard": "Flood-dominant", "multihazard_priority": 0.73043777658651765, "multihazard_priority_100_hab": 73.043777658651763, "multihazard_priority_percentile": 98.491379310344826, "multihazard_priority_class": "Very High", "village": "Unegaon", "subdistric": "Mangaon", "population": 1338.0, "multihazard_priority_100": 73.043777658651763, "recommendation_rank": 1, "recommendation_status": "Suitable Candidate", "patch_id": 3639, "area_ha": 31.535138759679722, "required_area_ha": 13.38, "estimated_capacity_people": 3153.5138759679721, "capacity_ratio": 2.3568863049087985, "distance_km": 23.153786078041342, "site_flood": 38.779018402099609, "site_landslide": 17.533565521240234, "site_slope_deg": 4.6813359260559082, "site_road_dist_m": 575.30950927734375, "final_feasibility_score": 59.529783969893238, "recommendation_reason": "31.5 ha available; capacity ratio 2.4x; 23.2 km from habitation; flood score 38.8; landslide score 17.5; mean slope 4.7°" }, "geometry": { "type": "MultiPolygon", "coordinates": [ [ [ [ 73.290056019201614, 18.206658790347895 ], [ 73.291693238810112, 18.206431449928932 ], [ 73.292177490609831, 18.206529912599365 ], [ 73.292250297466722, 18.205515645745429 ], [ 73.2925137925277, 18.204005540398608 ], [ 73.292866360672491, 18.201969949623013 ], [ 73.292979918696773, 18.200717501781021 ], [ 73.293452364184503, 18.19934926323522 ], [ 73.294210614001088, 18.197927930881509 ], [ 73.294669800873521, 18.196956075053162 ], [ 73.294786564990716, 18.195637293641429 ], [ 73.294929110377808, 18.193591292895007 ], [ 73.295277915477584, 18.191810255669058 ], [ 73.294274969833268, 18.191654685372217 ], [ 73.292622931874746, 18.191578904459956 ], [ 73.291058132454594, 18.191156065372663 ], [ 73.288974649117918, 18.19049874129799 ], [ 73.286282006055814, 18.190023753606365 ], [ 73.284786288484455, 18.189744199715804 ], [ 73.283520855164213, 18.189334930204708 ], [ 73.281725967411887, 18.188829706322071 ], [ 73.281116391943456, 18.190162361989412 ], [ 73.279880380646205, 18.1926688584347 ], [ 73.279454501737888, 18.194999125774398 ], [ 73.279437700567527, 18.197134765292066 ], [ 73.278795154035109, 18.199134170899928 ], [ 73.277515281059522, 18.203025883318478 ], [ 73.276971042548126, 18.205563443537592 ], [ 73.2773513477064, 18.207931139840746 ], [ 73.277848495227801, 18.210067726413307 ], [ 73.278305725363737, 18.209929640005235 ], [ 73.280545345121595, 18.209377869486286 ], [ 73.282573501275436, 18.209097843492739 ], [ 73.284298949370012, 18.208803284818469 ], [ 73.285734263604567, 18.208118728379134 ], [ 73.287584788036412, 18.207077314122042 ], [ 73.288502409715974, 18.206813909740003 ], [ 73.290056019201614, 18.206658790347895 ] ] ] ] } },
{ "type": "Feature", "properties": { "id": 3461, "objectid_1": 3461.0, "objectid": 66304.0, "village_hab": "Divil", "vlcode": "555152", "gram_panch": null, "gram_pan_1": null, "block": "Poladpur", "bkcode": "237", "subdistric_hab": "Poladpur", "sdcode": "4186", "sub_distri": "Poladpur", "district": "Raigad", "dtcode": "491", "district_h": "ALIBAG", "state": "MH", "stcode": "27", "uqcode": null, "country": "India", "total_urba": "Rural", "total_hous": 222.0, "total_popu": 999.0, "avg_househ": 4.5, "total_geog": 497.0, "total_male": 493.0, "total_fema": 506.0, "tapwater_t": "Available", "tapwater_u": "Not Available", "covered_we": "Not Available", "covered__1": "Not Available", "covered__2": "Not Available", "uncovered_": "Available", "uncovere_1": "Available", "uncovere_2": "Available", "handpump_s": "Available", "hand_pump_": "Available", "hand_pum_1": "Available", "tubewell_b": "Available", "tube_wells": "Available", "tube_wel_1": "Available", "spring_sta": "Not Available", "spring_fun": "Not Available", "spring_f_1": "Not Available", "river_cana": "Available", "tank_pond_": "Available", "others_sta": "Not Available", "closed_dra": "Not Available", "open_drain": "Available", "village_pi": "Available", "forest_are": 0.0, "area_under": 9.0, "barren_unc": 67.0, "permanent_": 0.0, "land_under": 0.0, "culturable": 2.0, "fallows_la": 2.0, "current_fa": 17.0, "net_area_s": 400.0, "total_unir": 297.0, "area_irrig": 102.0, "canals_are": 0.0, "wells_tube": 0.0, "tanks_lake": 0.0, "waterfall_": 0.0, "other_sour": 297.0, "nearest_to": "MAHAD", "nearest__1": 17.0, "shape_leng": 9168.0628070283528, "shape_le_1": 9168.0628070283528, "shape_area": 4614970.9394862102, "ds_name": "Administrative Boundary", "src_agency": "Survey of India (SOI)", "state_name": "Maharashtra\n", "source_district": "Raigad", "source_dtcode": "491", "source_subdistrict": "Poladpur", "source_sdcode": "4186", "verified_subdistrict": "POLADPUR", "verified_sdcode": "4186", "subdistrict_name_match": true, "subdistrict_code_match": true, "admin_mismatch": false, "record_type": "habitation", "is_habitation": true, "review_status": "accepted", "raksha_id": "RAI-0396", "elev_min_m": 10.0, "elev_max_m": 316.03225708007812, "elev_mean_m": 96.784162879520409, "elev_p10_m": 23.327407836914062, "elev_p90_m": 192.89266967773438, "slope_mean_deg": 10.681935614484626, "slope_max_deg": 38.622367858886719, "slope_p90_deg": 22.378927230834961, "pct_slope_ge15": 30.516341133243085, "pct_slope_ge25": 6.0529878166698898, "pct_slope_ge35": 0.50280409978727514, "annual_rain_mm": 6175.9500243961811, "max_1day_mm": 269.58023071289062, "rain_days_ge50": 45, "rain_days_ge100": 18, "rain_days_ge150": 3, "wet_days_ge1": 138, "imd_lat": 18.0, "imd_lon": 73.5, "years_available": 30, "clim_mean_annual_mm": 4915.4247316318251, "clim_median_annual_mm": 4937.4113233983517, "clim_std_annual_mm": 1376.7205637036618, "clim_min_annual_mm": 1081.3000047206879, "clim_max_annual_mm": 8379.3208775818348, "clim_mean_days_ge50": 31.133333333333333, "clim_mean_days_ge100": 13.333333333333334, "clim_mean_days_ge150": 5.1333333333333337, "hist_max_1day_mm": 465.6016845703125, "annual_cv_pct": 28.008170989663743, "rain_2024_anomaly_mm": 1260.525292764356, "rain_2024_anomaly_pct": 25.644280231830262, "dist_river_m": 669.46173056271584, "nearest_river": "Jagdhar Nala", "nearest_river_uid": "8722", "river_within_250m": false, "river_within_500m": false, "river_within_1km": true, "river_within_2km": true, "dem_drain_min_m": 0.0, "dem_drain_mean_m": 1023.0487333204409, "dem_drain_p10_m": 385.92935180664062, "pct_area_drain_100m": 2.6687294527170757, "pct_area_drain_250m": 6.1303422935602399, "pct_area_drain_500m": 13.421001740475729, "f_elevation": 0.64622161612374929, "f_flatness": 0.39267118051080796, "f_river_proximity": 0.94152613462874601, "f_drain_proximity": 0.48590625918698527, "f_drain_area": 0.09875203410546006, "f_clim_rain": 1.0, "f_extreme_rain": 0.75494031575305309, "diagnostic_mean": 0.61714536290125732, "terrain_component": 0.51944639831727857, "drainage_component": 0.29232914664622267, "river_component": 0.94152613462874601, "rainfall_component": 0.87747015787652649, "flood_susceptibility": 0.65769295936719341, "flood_susceptibility_100": 65.769295936719345, "susceptibility_class": "High", "susceptibility_percentile": 79.025641025641022, "population_hab": 999.0, "households": 222.0, "population_exposure": 657.03526640782627, "household_exposure": 146.00783697951692, "population_exposure_percentile": 78.871794871794876, "household_exposure_percentile": 78.051282051282058, "exposure_percentile": 78.871794871794876, "exposure_class": "High", "v_remoteness": 0.38235294117647056, "v_water_service": 0.66666666666666674, "v_household_size": 0.66366413742882702, "vulnerability_data_complete": true, "vulnerability_diagnostic": 0.57089458175732144, "vulnerability_feature_count": 3, "vulnerability_completeness_pct": 100.0, "vulnerability_score": 0.55219054416112834, "vulnerability_100": 55.219054416112833, "vulnerability_percentile": 55.980603448275865, "vulnerability_class": "Moderate", "flood_priority_score": 0.66447653622770664, "flood_priority_100": 66.447653622770659, "priority_status": "Eligible", "priority_percentile": 85.237068965517238, "priority_class": "Very High", "priority_reason": "combined exposure and vulnerability", "ls_mean": 57.005241394042969, "ls_median": 60.951255798339844, "ls_p90": 83.268714904785156, "ls_max": 95.181365966796875, "ls_pct_ge40": 77.393154128795203, "ls_pct_ge60": 51.344034035969834, "ls_pct_ge80": 15.702958808741055, "ls_valid_pixels": 5171, "landslide_percentile": 93.07692307692308, "landslide_class": "Very High", "multihazard_susceptibility": 0.85763998920573459, "multihazard_susceptibility_100": 85.763998920573457, "dominant_hazard": "Landslide-dominant", "multihazard_priority": 0.75490505983056844, "multihazard_priority_100_hab": 75.490505983056849, "multihazard_priority_percentile": 99.191810344827587, "multihazard_priority_class": "Very High", "village": "Divil", "subdistric": "Poladpur", "population": 999.0, "multihazard_priority_100": 75.490505983056849, "recommendation_rank": 1, "recommendation_status": "Suitable Candidate", "patch_id": 4165, "area_ha": 49.371339690821166, "required_area_ha": 9.99, "estimated_capacity_people": 4937.133969082116, "capacity_ratio": 4.9420760451272434, "distance_km": 16.272614563054859, "site_flood": 43.629325866699219, "site_landslide": 15.431212425231934, "site_slope_deg": 2.1298568248748779, "site_road_dist_m": 1340.3326416015625, "final_feasibility_score": 71.112691966155154, "recommendation_reason": "49.4 ha available; capacity ratio 4.9x; 16.3 km from habitation; flood score 43.6; landslide score 15.4; mean slope 2.1°" }, "geometry": { "type": "MultiPolygon", "coordinates": [ [ [ [ 73.480933132502344, 18.041695255541914 ], [ 73.481862583324101, 18.041301568664949 ], [ 73.482940616197581, 18.041673862985419 ], [ 73.485062967779783, 18.04318816582861 ], [ 73.485971077258355, 18.043275380670455 ], [ 73.487264842037092, 18.042878513127018 ], [ 73.489897341161168, 18.041024716218931 ], [ 73.492260212090542, 18.039074643367467 ], [ 73.494129617962557, 18.037995286891658 ], [ 73.495891130597911, 18.037302466881791 ], [ 73.498499887387453, 18.036770607449554 ], [ 73.499236698493974, 18.03558986516629 ], [ 73.501822794942385, 18.032661658130127 ], [ 73.5039403383321, 18.031464118218139 ], [ 73.501299394995158, 18.03025195206062 ], [ 73.495361856050081, 18.028480395120273 ], [ 73.489332839491823, 18.026725068781062 ], [ 73.485727638526186, 18.025813894610835 ], [ 73.484177555749525, 18.025838611617971 ], [ 73.483095945953224, 18.025566701926554 ], [ 73.482300472637476, 18.025001019284815 ], [ 73.481418016559459, 18.024340714553581 ], [ 73.480270420528313, 18.023492625383259 ], [ 73.477746592364639, 18.022863303892407 ], [ 73.475076125245096, 18.022527961671937 ], [ 73.475023890658008, 18.023724153448871 ], [ 73.474272001681356, 18.026335881026043 ], [ 73.472823531998756, 18.029682658059524 ], [ 73.472547794514611, 18.030319122235316 ], [ 73.471593183360824, 18.035415269640783 ], [ 73.471668275436926, 18.037806328520201 ], [ 73.472155625126234, 18.039138748092615 ], [ 73.474538922658652, 18.040927037997129 ], [ 73.477296267195527, 18.042523013177821 ], [ 73.478571281023278, 18.043581535027258 ], [ 73.480933132502344, 18.041695255541914 ] ] ] ] } },
{ "type": "Feature", "properties": { "id": 3477, "objectid_1": 3477.0, "objectid": 66320.0, "village_hab": "Wazarwadi", "vlcode": "555168", "gram_panch": null, "gram_pan_1": null, "block": "Poladpur", "bkcode": "237", "subdistric_hab": "Poladpur", "sdcode": "4186", "sub_distri": "Poladpur", "district": "Raigad", "dtcode": "491", "district_h": "ALIBAG", "state": "MH", "stcode": "27", "uqcode": null, "country": "India", "total_urba": "Rural", "total_hous": 210.0, "total_popu": 799.0, "avg_househ": 3.8047619, "total_geog": 676.0, "total_male": 346.0, "total_fema": 453.0, "tapwater_t": "Not Available", "tapwater_u": "Available", "covered_we": "Not Available", "covered__1": "Not Available", "covered__2": "Not Available", "uncovered_": "Available", "uncovere_1": "Available", "uncovere_2": "Available", "handpump_s": "Not Available", "hand_pump_": "Not Available", "hand_pum_1": "Not Available", "tubewell_b": "Available", "tube_wells": "Not Available", "tube_wel_1": "Not Available", "spring_sta": "Not Available", "spring_fun": "Not Available", "spring_f_1": "Not Available", "river_cana": "Not Available", "tank_pond_": "Not Available", "others_sta": "Not Available", "closed_dra": "Not Available", "open_drain": "Not Available", "village_pi": "Available", "forest_are": 0.0, "area_under": 127.0, "barren_unc": 0.0, "permanent_": 0.0, "land_under": 0.0, "culturable": 0.0, "fallows_la": 0.0, "current_fa": 0.0, "net_area_s": 549.0, "total_unir": 0.0, "area_irrig": 549.0, "canals_are": 0.0, "wells_tube": 0.0, "tanks_lake": 0.0, "waterfall_": 0.0, "other_sour": 0.0, "nearest_to": "MAHAD", "nearest__1": 39.0, "shape_leng": 12584.413511331932, "shape_le_1": 12584.413511331932, "shape_area": 6932778.38725043, "ds_name": "Administrative Boundary", "src_agency": "Survey of India (SOI)", "state_name": "Maharashtra\n", "source_district": "Raigad", "source_dtcode": "491", "source_subdistrict": "Poladpur", "source_sdcode": "4186", "verified_subdistrict": "POLADPUR", "verified_sdcode": "4186", "subdistrict_name_match": true, "subdistrict_code_match": true, "admin_mismatch": false, "record_type": "habitation", "is_habitation": true, "review_status": "accepted", "raksha_id": "RAI-0414", "elev_min_m": 26.438449859619141, "elev_max_m": 536.59149169921875, "elev_mean_m": 182.15353822314049, "elev_p10_m": 48.564468383789062, "elev_p90_m": 365.78286743164062, "slope_mean_deg": 15.156853289643594, "slope_max_deg": 43.021980285644531, "slope_p90_deg": 28.503961563110352, "pct_slope_ge15": 48.463326446280988, "pct_slope_ge25": 17.807334710743802, "pct_slope_ge35": 2.0661157024793391, "annual_rain_mm": 6175.9500243961811, "max_1day_mm": 269.58023071289062, "rain_days_ge50": 45, "rain_days_ge100": 18, "rain_days_ge150": 3, "wet_days_ge1": 138, "imd_lat": 18.0, "imd_lon": 73.5, "years_available": 30, "clim_mean_annual_mm": 4915.4247316318251, "clim_median_annual_mm": 4937.4113233983517, "clim_std_annual_mm": 1376.7205637036618, "clim_min_annual_mm": 1081.3000047206879, "clim_max_annual_mm": 8379.3208775818348, "clim_mean_days_ge50": 31.133333333333333, "clim_mean_days_ge100": 13.333333333333334, "clim_mean_days_ge150": 5.1333333333333337, "hist_max_1day_mm": 465.6016845703125, "annual_cv_pct": 28.008170989663743, "rain_2024_anomaly_mm": 1260.525292764356, "rain_2024_anomaly_pct": 25.644280231830262, "dist_river_m": 694.99229862605375, "nearest_river": "Kundalika", "nearest_river_uid": "8960", "river_within_250m": false, "river_within_500m": false, "river_within_1km": true, "river_within_2km": true, "dem_drain_min_m": 0.0, "dem_drain_mean_m": 952.29364669421489, "dem_drain_p10_m": 171.52415466308594, "pct_area_drain_100m": 6.1466942148760335, "pct_area_drain_250m": 14.12706611570248, "pct_area_drain_500m": 26.988636363636363, "f_elevation": 0.3265521800011929, "f_flatness": 0.12199700889496889, "f_river_proximity": 0.9384402902986605, "f_drain_proximity": 0.53120922558362627, "f_drain_area": 0.22756910594265364, "f_clim_rain": 1.0, "f_extreme_rain": 0.75494031575305309, "diagnostic_mean": 0.55724401806773638, "terrain_component": 0.2242745944480809, "drainage_component": 0.37938916576313997, "river_component": 0.9384402902986605, "rainfall_component": 0.87747015787652649, "flood_susceptibility": 0.60489355209660189, "flood_susceptibility_100": 60.489355209660189, "susceptibility_class": "High", "susceptibility_percentile": 67.641025641025649, "population_hab": 799.0, "households": 210.0, "population_exposure": 483.30994812518492, "household_exposure": 127.02764594028639, "population_exposure_percentile": 67.692307692307693, "household_exposure_percentile": 73.333333333333329, "exposure_percentile": 67.692307692307693, "exposure_class": "High", "v_remoteness": 1.0, "v_water_service": 0.66666666666666674, "v_household_size": 0.34530059330767077, "vulnerability_data_complete": true, "vulnerability_diagnostic": 0.67065575332477911, "vulnerability_feature_count": 3, "vulnerability_completeness_pct": 100.0, "vulnerability_score": 0.71965848166025104, "vulnerability_100": 71.965848166025097, "vulnerability_percentile": 89.439655172413794, "vulnerability_class": "Very High", "flood_priority_score": 0.77809875066246792, "flood_priority_100": 77.809875066246789, "priority_status": "Eligible", "priority_percentile": 94.77370689655173, "priority_class": "Very High", "priority_reason": "high coping vulnerability", "ls_mean": 65.986473083496094, "ls_median": 69.618301391601562, "ls_p90": 88.793174743652344, "ls_max": 96.581024169921875, "ls_pct_ge40": 88.63636363636364, "ls_pct_ge60": 66.038223140495873, "ls_pct_ge80": 30.074896694214875, "ls_valid_pixels": 7744, "landslide_percentile": 96.051282051282044, "landslide_class": "Very High", "multihazard_susceptibility": 0.80604014987369921, "multihazard_susceptibility_100": 80.604014987369922, "dominant_hazard": "Landslide-dominant", "multihazard_priority": 0.79194623150849941, "multihazard_priority_100_hab": 79.194623150849935, "multihazard_priority_percentile": 99.730603448275872, "multihazard_priority_class": "Very High", "village": "Wazarwadi", "subdistric": "Poladpur", "population": 799.0, "multihazard_priority_100": 79.194623150849935, "recommendation_rank": 1, "recommendation_status": "Suitable Candidate", "patch_id": 4165, "area_ha": 49.371339690821166, "required_area_ha": 7.99, "estimated_capacity_people": 4937.133969082116, "capacity_ratio": 6.1791413880877544, "distance_km": 18.055538591469329, "site_flood": 43.629325866699219, "site_landslide": 15.431212425231934, "site_slope_deg": 2.1298568248748779, "site_road_dist_m": 1340.3326416015625, "final_feasibility_score": 69.508060340582119, "recommendation_reason": "49.4 ha available; capacity ratio 6.2x; 18.1 km from habitation; flood score 43.6; landslide score 15.4; mean slope 2.1°" }, "geometry": { "type": "MultiPolygon", "coordinates": [ [ [ [ 73.479635529301149, 18.011201034148158 ], [ 73.48063857249636, 18.011178917399935 ], [ 73.481798416096396, 18.011734412476788 ], [ 73.482854305759446, 18.012583187545296 ], [ 73.483840246578936, 18.012949900682578 ], [ 73.484578103153538, 18.012740884572668 ], [ 73.485258732913124, 18.011757698370751 ], [ 73.485761317461694, 18.010680650236562 ], [ 73.486963472128366, 18.01026722944038 ], [ 73.488226979055781, 18.010531954382113 ], [ 73.488657283446827, 18.011105506758067 ], [ 73.488610604734475, 18.012174027247969 ], [ 73.489036740553374, 18.012844821431173 ], [ 73.489766014605124, 18.012830532887843 ], [ 73.490702996537465, 18.012229723260962 ], [ 73.493053837677678, 18.010531690439898 ], [ 73.495760595766768, 18.009018930660815 ], [ 73.497960449600043, 18.008684010806405 ], [ 73.500871970066072, 18.008726772042266 ], [ 73.503107512441076, 18.009662843244527 ], [ 73.50434097352516, 18.010618343273595 ], [ 73.505918043645082, 18.012057913665171 ], [ 73.506613429616465, 18.012828615930701 ], [ 73.507068962851022, 18.012821714248727 ], [ 73.508083637317526, 18.012513321700144 ], [ 73.509023831113169, 18.011814842498516 ], [ 73.509570387642157, 18.011806735975977 ], [ 73.510377707236941, 18.012088477641573 ], [ 73.512096734373543, 18.012928542106664 ], [ 73.512501763927077, 18.011372933385562 ], [ 73.513218130831206, 18.009500541836957 ], [ 73.514567533379918, 18.00771453208548 ], [ 73.516193792215958, 18.005823352425296 ], [ 73.51785235070956, 18.003868817886207 ], [ 73.517653942720557, 18.003537697365338 ], [ 73.517023269273395, 18.002138200451359 ], [ 73.516156176568259, 18.000213590585677 ], [ 73.514961210407535, 17.998363333903768 ], [ 73.512787040190787, 17.99604174426501 ], [ 73.510199331181127, 17.994915368837123 ], [ 73.50752504591685, 17.993696832597188 ], [ 73.505371168253376, 17.993059755365614 ], [ 73.503377714532135, 17.992912042259899 ], [ 73.501913557244677, 17.992195187074586 ], [ 73.499824084902272, 17.992691463216232 ], [ 73.495709409431399, 17.993190060515179 ], [ 73.489254468809236, 17.993070565584695 ], [ 73.486980301735912, 17.993035889126205 ], [ 73.48586454360327, 17.993554222114003 ], [ 73.484891779296063, 17.994944699727711 ], [ 73.483215612969531, 17.997811362193143 ], [ 73.482182661363041, 18.000559071657733 ], [ 73.480468965640469, 18.004289357128496 ], [ 73.47881162803067, 18.00675179528934 ], [ 73.477466551115128, 18.008332297737468 ], [ 73.475968942849519, 18.009237759306224 ], [ 73.473646972539626, 18.009718119472595 ], [ 73.473886282024623, 18.01015064004293 ], [ 73.474191744077018, 18.011495759133673 ], [ 73.474282921107047, 18.01356547596929 ], [ 73.47747444372375, 18.012699084713223 ], [ 73.478403347343288, 18.012292062154092 ], [ 73.478980210269526, 18.011602458356194 ], [ 73.479635529301149, 18.011201034148158 ] ] ] ] } },
{ "type": "Feature", "properties": { "id": 3479, "objectid_1": 3479.0, "objectid": 66322.0, "village_hab": "Sakhar", "vlcode": "555174", "gram_panch": null, "gram_pan_1": null, "block": "Poladpur", "bkcode": "237", "subdistric_hab": "Poladpur", "sdcode": "4186", "sub_distri": "Poladpur", "district": "Raigad", "dtcode": "491", "district_h": "ALIBAG", "state": "MH", "stcode": "27", "uqcode": null, "country": "India", "total_urba": "Rural", "total_hous": 193.0, "total_popu": 879.0, "avg_househ": 4.55440415, "total_geog": 476.0, "total_male": 449.0, "total_fema": 430.0, "tapwater_t": "Not Available", "tapwater_u": "Available", "covered_we": "Not Available", "covered__1": "Not Available", "covered__2": "Not Available", "uncovered_": "Available", "uncovere_1": "Available", "uncovere_2": "Available", "handpump_s": "Available", "hand_pump_": "Available", "hand_pum_1": "Available", "tubewell_b": "Not Available", "tube_wells": "Not Available", "tube_wel_1": "Not Available", "spring_sta": "Not Available", "spring_fun": "Not Available", "spring_f_1": "Not Available", "river_cana": "Available", "tank_pond_": "Not Available", "others_sta": "Not Available", "closed_dra": "Not Available", "open_drain": "Not Available", "village_pi": "Available", "forest_are": 0.0, "area_under": 4.0, "barren_unc": 125.0, "permanent_": 0.0, "land_under": 78.0, "culturable": 89.0, "fallows_la": 59.0, "current_fa": 69.0, "net_area_s": 50.0, "total_unir": 0.0, "area_irrig": 50.0, "canals_are": 0.0, "wells_tube": 0.0, "tanks_lake": 0.0, "waterfall_": 0.0, "other_sour": 0.0, "nearest_to": "MAHAD", "nearest__1": 32.0, "shape_leng": 10356.245944084058, "shape_le_1": 10356.245944084058, "shape_area": 4686981.7173728347, "ds_name": "Administrative Boundary", "src_agency": "Survey of India (SOI)", "state_name": "Maharashtra\n", "source_district": "Raigad", "source_dtcode": "491", "source_subdistrict": "Poladpur", "source_sdcode": "4186", "verified_subdistrict": "POLADPUR", "verified_sdcode": "4186", "subdistrict_name_match": true, "subdistrict_code_match": true, "admin_mismatch": false, "record_type": "habitation", "is_habitation": true, "review_status": "accepted", "raksha_id": "RAI-0416", "elev_min_m": 94.7276611328125, "elev_max_m": 436.20428466796875, "elev_mean_m": 195.11524552721735, "elev_p10_m": 113.87004089355469, "elev_p90_m": 306.926513671875, "slope_mean_deg": 13.475755079463266, "slope_max_deg": 46.134220123291016, "slope_p90_deg": 26.252117156982422, "pct_slope_ge15": 37.4571754853445, "pct_slope_ge25": 12.257327750285498, "pct_slope_ge35": 2.6456033498287019, "annual_rain_mm": 6175.9500243961811, "max_1day_mm": 269.58023071289062, "rain_days_ge50": 45, "rain_days_ge100": 18, "rain_days_ge150": 3, "wet_days_ge1": 138, "imd_lat": 18.0, "imd_lon": 73.5, "years_available": 30, "clim_mean_annual_mm": 4915.4247316318251, "clim_median_annual_mm": 4937.4113233983517, "clim_std_annual_mm": 1376.7205637036618, "clim_min_annual_mm": 1081.3000047206879, "clim_max_annual_mm": 8379.3208775818348, "clim_mean_days_ge50": 31.133333333333333, "clim_mean_days_ge100": 13.333333333333334, "clim_mean_days_ge150": 5.1333333333333337, "hist_max_1day_mm": 465.6016845703125, "annual_cv_pct": 28.008170989663743, "rain_2024_anomaly_mm": 1260.525292764356, "rain_2024_anomaly_pct": 25.644280231830262, "dist_river_m": 697.74294457524843, "nearest_river": "Pej", "nearest_river_uid": "9023", "river_within_250m": false, "river_within_500m": false, "river_within_1km": true, "river_within_2km": true, "dem_drain_min_m": 0.0, "dem_drain_mean_m": 636.3212790255044, "dem_drain_p10_m": 109.32563018798828, "pct_area_drain_100m": 9.6307575180814613, "pct_area_drain_250m": 24.095926912828322, "pct_area_drain_500m": 45.736581652074612, "f_elevation": 0.27801648850290051, "f_flatness": 0.22368153104190769, "f_river_proximity": 0.93810782354017175, "f_drain_proximity": 0.73351956449086342, "f_drain_area": 0.38815480153496801, "f_clim_rain": 1.0, "f_extreme_rain": 0.75494031575305309, "diagnostic_mean": 0.6166315035519806, "terrain_component": 0.2508490097724041, "drainage_component": 0.56083718301291574, "river_component": 0.93810782354017175, "rainfall_component": 0.87747015787652649, "flood_susceptibility": 0.6568160435505046, "flood_susceptibility_100": 65.681604355050467, "susceptibility_class": "High", "susceptibility_percentile": 78.871794871794876, "population_hab": 879.0, "households": 193.0, "population_exposure": 577.3413022808935, "household_exposure": 126.76549640524739, "population_exposure_percentile": 74.358974358974365, "household_exposure_percentile": 73.230769230769226, "exposure_percentile": 74.358974358974365, "exposure_class": "High", "v_remoteness": 0.82352941176470584, "v_water_service": 0.66666666666666674, "v_household_size": 0.68857689466825178, "vulnerability_data_complete": true, "vulnerability_diagnostic": 0.72625765769987483, "vulnerability_feature_count": 3, "vulnerability_completeness_pct": 100.0, "vulnerability_score": 0.73488932170627863, "vulnerability_100": 73.488932170627862, "vulnerability_percentile": 91.702586206896555, "vulnerability_class": "Very High", "flood_priority_score": 0.82576693179191041, "flood_priority_100": 82.576693179191039, "priority_status": "Eligible", "priority_percentile": 97.090517241379317, "priority_class": "Very High", "priority_reason": "high coping vulnerability", "ls_mean": 61.983493804931641, "ls_median": 63.673927307128906, "ls_p90": 86.370399475097656, "ls_max": 97.38079833984375, "ls_pct_ge40": 87.285877426722507, "ls_pct_ge60": 59.021697754092116, "ls_pct_ge80": 19.41377997716026, "ls_valid_pixels": 5254, "landslide_percentile": 94.717948717948715, "landslide_class": "Very High", "multihazard_susceptibility": 0.86432485917965107, "multihazard_susceptibility_100": 86.43248591796511, "dominant_hazard": "Landslide-dominant", "multihazard_priority": 0.84482595073556754, "multihazard_priority_100_hab": 84.482595073556752, "multihazard_priority_percentile": 100.0, "multihazard_priority_class": "Very High", "village": "Sakhar", "subdistric": "Poladpur", "population": 879.0, "multihazard_priority_100": 84.482595073556752, "recommendation_rank": 1, "recommendation_status": "Suitable Candidate", "patch_id": 4165, "area_ha": 49.371339690821166, "required_area_ha": 8.79, "estimated_capacity_people": 4937.133969082116, "capacity_ratio": 5.6167621946326687, "distance_km": 16.327355076209162, "site_flood": 43.629325866699219, "site_landslide": 15.431212425231934, "site_slope_deg": 2.1298568248748779, "site_road_dist_m": 1340.3326416015625, "final_feasibility_score": 71.063425504316285, "recommendation_reason": "49.4 ha available; capacity ratio 5.6x; 16.3 km from habitation; flood score 43.6; landslide score 15.4; mean slope 2.1°" }, "geometry": { "type": "MultiPolygon", "coordinates": [ [ [ [ 73.546715664995148, 18.005708888184138 ], [ 73.549173540080488, 18.005435304241509 ], [ 73.551058857979811, 18.00570352486028 ], [ 73.553895322157175, 18.006649130722717 ], [ 73.556343435432808, 18.00813846023182 ], [ 73.55806386882152, 18.009494007789723 ], [ 73.559450768157078, 18.009972651796208 ], [ 73.561381078312692, 18.010288393657667 ], [ 73.560831680124565, 18.005852478269432 ], [ 73.560632380213548, 17.999680330865221 ], [ 73.560711188380083, 17.995870305580446 ], [ 73.561150266491069, 17.991958594951932 ], [ 73.557143363994101, 17.989989870493837 ], [ 73.554337802809457, 17.988434033524442 ], [ 73.552667356050847, 17.987641531394459 ], [ 73.551502623516683, 17.986779396107305 ], [ 73.550731614559481, 17.986585081905663 ], [ 73.548811704852497, 17.986670334635527 ], [ 73.547318033698559, 17.986552129509533 ], [ 73.546141593260984, 17.985963542299174 ], [ 73.545585349776687, 17.984833208943712 ], [ 73.545191109110547, 17.984169186590623 ], [ 73.544491727837496, 17.9836433519189 ], [ 73.54269897054661, 17.983468663415994 ], [ 73.541675677345509, 17.983551117110544 ], [ 73.54032968270964, 17.983676914375579 ], [ 73.540960433427017, 17.984159479049271 ], [ 73.541641549424, 17.985255894589127 ], [ 73.541929362372215, 17.987162002536042 ], [ 73.541442053492673, 17.99037983362151 ], [ 73.540895144950028, 17.992790065163664 ], [ 73.540205979556632, 17.994197798274207 ], [ 73.53932340266303, 17.995905177161131 ], [ 73.537999683960265, 17.997038354743076 ], [ 73.537419018386771, 17.998217881347514 ], [ 73.537663407283944, 17.998912656701556 ], [ 73.538735922961877, 17.999301153390125 ], [ 73.540628036444019, 17.999584274516764 ], [ 73.54188507906423, 17.999874000892618 ], [ 73.542038857452425, 18.000570891323967 ], [ 73.54200747820515, 18.00136845535723 ], [ 73.541337670175352, 18.002269150288267 ], [ 73.540379841178805, 18.003568769243195 ], [ 73.539744857792542, 18.005858316457154 ], [ 73.53942918061594, 18.006952050819834 ], [ 73.539590835731076, 18.007447415597177 ], [ 73.540655188536661, 18.008670372633414 ], [ 73.54158058501001, 18.00955193887275 ], [ 73.543332167681015, 18.00766764688969 ], [ 73.544852606764877, 18.006386307566935 ], [ 73.546715664995148, 18.005708888184138 ] ] ] ] } },
{ "type": "Feature", "properties": { "id": 3481, "objectid_1": 3481.0, "objectid": 66324.0, "village_hab": "Borawale", "vlcode": "555185", "gram_panch": null, "gram_pan_1": null, "block": "Poladpur", "bkcode": "237", "subdistric_hab": "Poladpur", "sdcode": "4186", "sub_distri": "Poladpur", "district": "Raigad", "dtcode": "491", "district_h": "ALIBAG", "state": "MH", "stcode": "27", "uqcode": null, "country": "India", "total_urba": "Rural", "total_hous": 166.0, "total_popu": 591.0, "avg_househ": 3.56024096, "total_geog": 432.0, "total_male": 268.0, "total_fema": 323.0, "tapwater_t": "Not Available", "tapwater_u": "Available", "covered_we": "Not Available", "covered__1": "Not Available", "covered__2": "Not Available", "uncovered_": "Available", "uncovere_1": "Available", "uncovere_2": "Available", "handpump_s": "Available", "hand_pump_": "Available", "hand_pum_1": "Available", "tubewell_b": "Not Available", "tube_wells": "Not Available", "tube_wel_1": "Not Available", "spring_sta": "Not Available", "spring_fun": "Not Available", "spring_f_1": "Not Available", "river_cana": "Available", "tank_pond_": "Not Available", "others_sta": "Not Available", "closed_dra": "Not Available", "open_drain": "Not Available", "village_pi": "Available", "forest_are": 0.0, "area_under": 82.0, "barren_unc": 0.0, "permanent_": 0.0, "land_under": 0.0, "culturable": 0.0, "fallows_la": 0.0, "current_fa": 0.0, "net_area_s": 350.0, "total_unir": 0.0, "area_irrig": 350.0, "canals_are": 0.0, "wells_tube": 0.0, "tanks_lake": 0.0, "waterfall_": 0.0, "other_sour": 0.0, "nearest_to": "MAHAD", "nearest__1": 27.0, "shape_leng": 8541.0966586759787, "shape_le_1": 8541.0966586759787, "shape_area": 3188767.5419436931, "ds_name": "Administrative Boundary", "src_agency": "Survey of India (SOI)", "state_name": "Maharashtra\n", "source_district": "Raigad", "source_dtcode": "491", "source_subdistrict": "Poladpur", "source_sdcode": "4186", "verified_subdistrict": "POLADPUR", "verified_sdcode": "4186", "subdistrict_name_match": true, "subdistrict_code_match": true, "admin_mismatch": false, "record_type": "habitation", "is_habitation": true, "review_status": "accepted", "raksha_id": "RAI-0418", "elev_min_m": 89.190544128417969, "elev_max_m": 402.65286254882812, "elev_mean_m": 182.44945652173914, "elev_p10_m": 108.89632415771484, "elev_p90_m": 277.85330200195312, "slope_mean_deg": 14.084600718793828, "slope_max_deg": 42.107975006103516, "slope_p90_deg": 24.434965133666992, "pct_slope_ge15": 40.140252454417954, "pct_slope_ge25": 8.6676016830294529, "pct_slope_ge35": 0.44880785413744745, "annual_rain_mm": 6175.9500243961811, "max_1day_mm": 269.58023071289062, "rain_days_ge50": 45, "rain_days_ge100": 18, "rain_days_ge150": 3, "wet_days_ge1": 138, "imd_lat": 18.0, "imd_lon": 73.5, "years_available": 30, "clim_mean_annual_mm": 4915.4247316318251, "clim_median_annual_mm": 4937.4113233983517, "clim_std_annual_mm": 1376.7205637036618, "clim_min_annual_mm": 1081.3000047206879, "clim_max_annual_mm": 8379.3208775818348, "clim_mean_days_ge50": 31.133333333333333, "clim_mean_days_ge100": 13.333333333333334, "clim_mean_days_ge150": 5.1333333333333337, "hist_max_1day_mm": 465.6016845703125, "annual_cv_pct": 28.008170989663743, "rain_2024_anomaly_mm": 1260.525292764356, "rain_2024_anomaly_pct": 25.644280231830262, "dist_river_m": 698.41083162918505, "nearest_river": "Bhogeshwar", "nearest_river_uid": "8626", "river_within_250m": false, "river_within_500m": false, "river_within_1km": true, "river_within_2km": true, "dem_drain_min_m": 0.0, "dem_drain_mean_m": 564.08951612903229, "dem_drain_p10_m": 60.642948150634766, "pct_area_drain_100m": 14.389901823281908, "pct_area_drain_250m": 26.311360448807854, "pct_area_drain_500m": 47.966339410939689, "f_elevation": 0.3254441007248644, "f_flatness": 0.18685430850269946, "f_river_proximity": 0.93802709695886677, "f_drain_proximity": 0.77976801507301707, "f_drain_area": 0.42384262411108287, "f_clim_rain": 1.0, "f_extreme_rain": 0.75494031575305309, "diagnostic_mean": 0.62983949444622633, "terrain_component": 0.25614920461378193, "drainage_component": 0.60180531959204997, "river_component": 0.93802709695886677, "rainfall_component": 0.87747015787652649, "flood_susceptibility": 0.66836294476030633, "flood_susceptibility_100": 66.836294476030631, "susceptibility_class": "Very High", "susceptibility_percentile": 80.717948717948715, "population_hab": 591.0, "households": 166.0, "population_exposure": 395.00250035334102, "household_exposure": 110.94824883021086, "population_exposure_percentile": 59.897435897435905, "household_exposure_percentile": 67.743589743589737, "exposure_percentile": 59.897435897435905, "exposure_class": "Moderate", "v_remoteness": 0.67647058823529416, "v_water_service": 0.66666666666666674, "v_household_size": 0.23332952459000897, "vulnerability_data_complete": true, "vulnerability_diagnostic": 0.52548892649732326, "vulnerability_feature_count": 3, "vulnerability_completeness_pct": 100.0, "vulnerability_score": 0.56225394977495324, "vulnerability_100": 56.225394977495327, "vulnerability_percentile": 58.997844827586206, "vulnerability_class": "Moderate", "flood_priority_score": 0.59445938706081636, "flood_priority_100": 59.445938706081634, "priority_status": "Eligible", "priority_percentile": 75.59267241379311, "priority_class": "High", "priority_reason": "combined exposure and vulnerability", "ls_mean": 66.930503845214844, "ls_median": 68.44256591796875, "ls_p90": 85.517051696777344, "ls_max": 95.499519348144531, "ls_pct_ge40": 95.764375876577844, "ls_pct_ge60": 70.070126227208974, "ls_pct_ge80": 21.1781206171108, "ls_valid_pixels": 3565, "landslide_percentile": 96.256410256410248, "landslide_class": "Very High", "multihazard_susceptibility": 0.88145447907709651, "multihazard_susceptibility_100": 88.145447907709652, "dominant_hazard": "Landslide-dominant", "multihazard_priority": 0.72387076840702858, "multihazard_priority_100_hab": 72.387076840702861, "multihazard_priority_percentile": 98.329741379310349, "multihazard_priority_class": "Very High", "village": "Borawale", "subdistric": "Poladpur", "population": 591.0, "multihazard_priority_100": 72.387076840702861, "recommendation_rank": 1, "recommendation_status": "Suitable Candidate", "patch_id": 4165, "area_ha": 49.371339690821166, "required_area_ha": 5.91, "estimated_capacity_people": 4937.133969082116, "capacity_ratio": 8.3538645838952892, "distance_km": 17.332319890584696, "site_flood": 43.629325866699219, "site_landslide": 15.431212425231934, "site_slope_deg": 2.1298568248748779, "site_road_dist_m": 1340.3326416015625, "final_feasibility_score": 70.158957171378304, "recommendation_reason": "49.4 ha available; capacity ratio 8.4x; 17.3 km from habitation; flood score 43.6; landslide score 15.4; mean slope 2.1°" }, "geometry": { "type": "MultiPolygon", "coordinates": [ [ [ [ 73.537999683960265, 17.997038354743076 ], [ 73.53932340266303, 17.995905177161131 ], [ 73.540205979556632, 17.994197798274207 ], [ 73.540895144950028, 17.992790065163664 ], [ 73.541442053492673, 17.99037983362151 ], [ 73.541929362372215, 17.987162002536042 ], [ 73.541641549424, 17.985255894589127 ], [ 73.540960433427017, 17.984159479049271 ], [ 73.54032968270964, 17.983676914375579 ], [ 73.539027339213135, 17.982681946944027 ], [ 73.538428732195356, 17.981786953898315 ], [ 73.537539443447727, 17.979508851119753 ], [ 73.536680143457986, 17.980487676781262 ], [ 73.535857154362915, 17.981183725624255 ], [ 73.535300435993094, 17.981330671521629 ], [ 73.534565174553833, 17.981345565372013 ], [ 73.533808874408393, 17.980343265344416 ], [ 73.532863401522178, 17.979481816698986 ], [ 73.532069415300029, 17.979432193675983 ], [ 73.531306799903646, 17.980127903702808 ], [ 73.530775606177869, 17.981156225623625 ], [ 73.530860182642897, 17.98210211864599 ], [ 73.531040399046375, 17.983722083306539 ], [ 73.530823872959729, 17.984537944670443 ], [ 73.530495453403319, 17.985085266164607 ], [ 73.529073418366565, 17.985384535756371 ], [ 73.528315235729565, 17.985940045080781 ], [ 73.527794193970877, 17.986692456118771 ], [ 73.52768631696523, 17.987840063189704 ], [ 73.527188201256834, 17.989532809048505 ], [ 73.526285849435524, 17.992104229710481 ], [ 73.525385843901944, 17.994603373614627 ], [ 73.524777927987515, 17.995954283340506 ], [ 73.523948698854653, 17.996704827395895 ], [ 73.522641294579614, 17.997128330844568 ], [ 73.521697072578903, 17.997679337013981 ], [ 73.521300541763821, 17.998354368442421 ], [ 73.521272896344868, 17.999022892586151 ], [ 73.521491228508879, 17.999687246991417 ], [ 73.521514081050853, 18.000621711460038 ], [ 73.521042149757577, 18.001630107283486 ], [ 73.519812600185858, 18.003115730090045 ], [ 73.518396435271129, 18.004776889294856 ], [ 73.518589378604659, 18.005098936946176 ], [ 73.521301015671298, 18.004052529457478 ], [ 73.526099983212532, 18.002452013567304 ], [ 73.530843954653179, 18.000585562908057 ], [ 73.534653393348322, 17.998930966855998 ], [ 73.537999683960265, 17.997038354743076 ] ] ] ] } },
{ "type": "Feature", "properties": { "id": 3490, "objectid_1": 3490.0, "objectid": 66333.0, "village_hab": "Boraj", "vlcode": "555182", "gram_panch": null, "gram_pan_1": null, "block": "Poladpur", "bkcode": "237", "subdistric_hab": "Poladpur", "sdcode": "4186", "sub_distri": "Poladpur", "district": "Raigad", "dtcode": "491", "district_h": "ALIBAG", "state": "MH", "stcode": "27", "uqcode": null, "country": "India", "total_urba": "Rural", "total_hous": 75.0, "total_popu": 319.0, "avg_househ": 4.25333333, "total_geog": 189.0, "total_male": 150.0, "total_fema": 169.0, "tapwater_t": "Not Available", "tapwater_u": "Available", "covered_we": "Not Available", "covered__1": "Not Available", "covered__2": "Not Available", "uncovered_": "Not Available", "uncovere_1": "Not Available", "uncovere_2": "Not Available", "handpump_s": "Available", "hand_pump_": "Available", "hand_pum_1": "Available", "tubewell_b": "Not Available", "tube_wells": "Not Available", "tube_wel_1": "Not Available", "spring_sta": "Not Available", "spring_fun": "Not Available", "spring_f_1": "Not Available", "river_cana": "Available", "tank_pond_": "Not Available", "others_sta": "Not Available", "closed_dra": "Not Available", "open_drain": "Not Available", "village_pi": "Available", "forest_are": 0.0, "area_under": 3.0, "barren_unc": 38.0, "permanent_": 0.0, "land_under": 34.0, "culturable": 35.0, "fallows_la": 30.0, "current_fa": 33.0, "net_area_s": 16.0, "total_unir": 0.0, "area_irrig": 16.0, "canals_are": 0.0, "wells_tube": 0.0, "tanks_lake": 0.0, "waterfall_": 0.0, "other_sour": 0.0, "nearest_to": "MAHAD", "nearest__1": 31.0, "shape_leng": 6428.480749550431, "shape_le_1": 6428.480749550431, "shape_area": 1869475.274460936, "ds_name": "Administrative Boundary", "src_agency": "Survey of India (SOI)", "state_name": "Maharashtra\n", "source_district": "Raigad", "source_dtcode": "491", "source_subdistrict": "Poladpur", "source_sdcode": "4186", "verified_subdistrict": "POLADPUR", "verified_sdcode": "4186", "subdistrict_name_match": true, "subdistrict_code_match": true, "admin_mismatch": false, "record_type": "habitation", "is_habitation": true, "review_status": "accepted", "raksha_id": "RAI-0427", "elev_min_m": 92.161865234375, "elev_max_m": 346.93588256835938, "elev_mean_m": 166.78223920863309, "elev_p10_m": 105.78696441650391, "elev_p90_m": 264.26666259765625, "slope_mean_deg": 12.359800284772183, "slope_max_deg": 40.676357269287109, "slope_p90_deg": 22.489236831665039, "pct_slope_ge15": 34.388489208633096, "pct_slope_ge25": 6.666666666666667, "pct_slope_ge35": 0.19184652278177458, "annual_rain_mm": 6175.9500243961811, "max_1day_mm": 269.58023071289062, "rain_days_ge50": 45, "rain_days_ge100": 18, "rain_days_ge150": 3, "wet_days_ge1": 138, "imd_lat": 18.0, "imd_lon": 73.5, "years_available": 30, "clim_mean_annual_mm": 4915.4247316318251, "clim_median_annual_mm": 4937.4113233983517, "clim_std_annual_mm": 1376.7205637036618, "clim_min_annual_mm": 1081.3000047206879, "clim_max_annual_mm": 8379.3208775818348, "clim_mean_days_ge50": 31.133333333333333, "clim_mean_days_ge100": 13.333333333333334, "clim_mean_days_ge150": 5.1333333333333337, "hist_max_1day_mm": 465.6016845703125, "annual_cv_pct": 28.008170989663743, "rain_2024_anomaly_mm": 1260.525292764356, "rain_2024_anomaly_pct": 25.644280231830262, "dist_river_m": 712.6410945963554, "nearest_river": "Kundalika", "nearest_river_uid": "8960", "river_within_250m": false, "river_within_500m": false, "river_within_1km": true, "river_within_2km": true, "dem_drain_min_m": 0.0, "dem_drain_mean_m": 386.34196642685851, "dem_drain_p10_m": 60.642948150634766, "pct_area_drain_100m": 16.258992805755394, "pct_area_drain_250m": 37.649880095923258, "pct_area_drain_500m": 66.714628297362111, "f_elevation": 0.3841106952024641, "f_flatness": 0.29118224536577564, "f_river_proximity": 0.93630710482301105, "f_drain_proximity": 0.89357596380441096, "f_drain_area": 0.6064917854921017, "f_clim_rain": 1.0, "f_extreme_rain": 0.75494031575305309, "diagnostic_mean": 0.69522973006297384, "terrain_component": 0.33764647028411987, "drainage_component": 0.75003387464825633, "river_component": 0.93630710482301105, "rainfall_component": 0.87747015787652649, "flood_susceptibility": 0.72536440190797835, "flood_susceptibility_100": 72.536440190797833, "susceptibility_class": "Very High", "susceptibility_percentile": 89.743589743589752, "population_hab": 319.0, "households": 75.0, "population_exposure": 231.39124420864511, "household_exposure": 54.402330143098375, "population_exposure_percentile": 36.769230769230774, "household_exposure_percentile": 36.102564102564102, "exposure_percentile": 36.769230769230774, "exposure_class": "Low", "v_remoteness": 0.79411764705882348, "v_water_service": 0.66666666666666674, "v_household_size": 0.55071049567967145, "vulnerability_data_complete": true, "vulnerability_diagnostic": 0.67049826980172067, "vulnerability_feature_count": 3, "vulnerability_completeness_pct": 100.0, "vulnerability_score": 0.68865801607678068, "vulnerability_100": 68.865801607678065, "vulnerability_percentile": 84.859913793103445, "vulnerability_class": "Very High", "flood_priority_score": 0.55859052563712985, "flood_priority_100": 55.859052563712986, "priority_status": "Eligible", "priority_percentile": 70.204741379310349, "priority_class": "High", "priority_reason": "high physical flood susceptibility; high coping vulnerability", "ls_mean": 65.687782287597656, "ls_median": 69.499069213867188, "ls_p90": 86.362770080566406, "ls_max": 96.584197998046875, "ls_pct_ge40": 89.1127098321343, "ls_pct_ge60": 68.153477218225419, "ls_pct_ge80": 22.829736211031175, "ls_valid_pixels": 2085, "landslide_percentile": 95.897435897435898, "landslide_class": "Very High", "multihazard_susceptibility": 0.92769500077566891, "multihazard_susceptibility_100": 92.769500077566889, "dominant_hazard": "Mixed", "multihazard_priority": 0.71986223551053052, "multihazard_priority_100_hab": 71.986223551053058, "multihazard_priority_percentile": 98.168103448275872, "multihazard_priority_class": "Very High", "village": "Boraj", "subdistric": "Poladpur", "population": 319.0, "multihazard_priority_100": 71.986223551053058, "recommendation_rank": 1, "recommendation_status": "Suitable Candidate", "patch_id": 4165, "area_ha": 49.371339690821166, "required_area_ha": 3.19, "estimated_capacity_people": 4937.133969082116, "capacity_ratio": 15.476908993987823, "distance_km": 17.977611847826687, "site_flood": 43.629325866699219, "site_landslide": 15.431212425231934, "site_slope_deg": 2.1298568248748779, "site_road_dist_m": 1340.3326416015625, "final_feasibility_score": 69.578194409860501, "recommendation_reason": "49.4 ha available; capacity ratio 15.5x; 18.0 km from habitation; flood score 43.6; landslide score 15.4; mean slope 2.1°" }, "geometry": { "type": "MultiPolygon", "coordinates": [ [ [ [ 73.558966402123161, 17.987065481614032 ], [ 73.559925924364322, 17.98531022332768 ], [ 73.560414475739094, 17.98335159991538 ], [ 73.561327297571836, 17.98015116778074 ], [ 73.559746515267094, 17.980274386560307 ], [ 73.556851518048418, 17.979844613638154 ], [ 73.553874520051195, 17.978853354716101 ], [ 73.550036084800226, 17.976633686655376 ], [ 73.546461200928931, 17.974984607888537 ], [ 73.546232778558831, 17.975544254671757 ], [ 73.544018687800147, 17.979129928907902 ], [ 73.543185491612178, 17.979649549577644 ], [ 73.541455161394452, 17.979982534621744 ], [ 73.539554547588494, 17.980017035058122 ], [ 73.537539443447727, 17.979508851119753 ], [ 73.538428732195356, 17.981786953898315 ], [ 73.539027339213135, 17.982681946944027 ], [ 73.54032968270964, 17.983676914375579 ], [ 73.541675677345509, 17.983551117110544 ], [ 73.54269897054661, 17.983468663415994 ], [ 73.544491727837496, 17.9836433519189 ], [ 73.545191109110547, 17.984169186590623 ], [ 73.545585349776687, 17.984833208943712 ], [ 73.546141593260984, 17.985963542299174 ], [ 73.547318033698559, 17.986552129509533 ], [ 73.548811704852497, 17.986670334635527 ], [ 73.550731614559481, 17.986585081905663 ], [ 73.551502623516683, 17.986779396107305 ], [ 73.552667356050847, 17.987641531394459 ], [ 73.554627181746383, 17.988030390377062 ], [ 73.557201241186192, 17.987948223551392 ], [ 73.558966402123161, 17.987065481614032 ] ] ] ] } },
{ "type": "Feature", "properties": { "id": 3491, "objectid_1": 3491.0, "objectid": 66334.0, "village_hab": "Karanje", "vlcode": "555187", "gram_panch": null, "gram_pan_1": null, "block": "Poladpur", "bkcode": "237", "subdistric_hab": "Poladpur", "sdcode": "4186", "sub_distri": "Poladpur", "district": "Raigad", "dtcode": "491", "district_h": "ALIBAG", "state": "MH", "stcode": "27", "uqcode": null, "country": "India", "total_urba": "Rural", "total_hous": 185.0, "total_popu": 690.0, "avg_househ": 3.72972973, "total_geog": 1084.0, "total_male": 308.0, "total_fema": 382.0, "tapwater_t": "Not Available", "tapwater_u": "Available", "covered_we": "Not Available", "covered__1": "Not Available", "covered__2": "Not Available", "uncovered_": "Available", "uncovere_1": "Available", "uncovere_2": "Available", "handpump_s": "Available", "hand_pump_": "Available", "hand_pum_1": "Available", "tubewell_b": "Not Available", "tube_wells": "Not Available", "tube_wel_1": "Not Available", "spring_sta": "Not Available", "spring_fun": "Not Available", "spring_f_1": "Not Available", "river_cana": "Available", "tank_pond_": "Not Available", "others_sta": "Not Available", "closed_dra": "Not Available", "open_drain": "Available", "village_pi": "Available", "forest_are": 418.0, "area_under": 4.0, "barren_unc": 221.0, "permanent_": 0.0, "land_under": 180.0, "culturable": 109.0, "fallows_la": 90.0, "current_fa": 30.0, "net_area_s": 32.0, "total_unir": 0.0, "area_irrig": 32.0, "canals_are": 0.0, "wells_tube": 0.0, "tanks_lake": 0.0, "waterfall_": 0.0, "other_sour": 0.0, "nearest_to": "MAHAD", "nearest__1": 35.0, "shape_leng": 19578.500949853573, "shape_le_1": 19578.500949853573, "shape_area": 11034295.565180385, "ds_name": "Administrative Boundary", "src_agency": "Survey of India (SOI)", "state_name": "Maharashtra\n", "source_district": "Raigad", "source_dtcode": "491", "source_subdistrict": "Poladpur", "source_sdcode": "4186", "verified_subdistrict": "POLADPUR", "verified_sdcode": "4186", "subdistrict_name_match": true, "subdistrict_code_match": true, "admin_mismatch": false, "record_type": "habitation", "is_habitation": true, "review_status": "accepted", "raksha_id": "RAI-0428", "elev_min_m": 0.0, "elev_max_m": 1322.552001953125, "elev_mean_m": 426.30872700753588, "elev_p10_m": 192.1334228515625, "elev_p90_m": 789.17901611328125, "slope_mean_deg": 25.537089275585448, "slope_max_deg": 87.487907409667969, "slope_p90_deg": 44.615421295166016, "pct_slope_ge15": 72.093023255813947, "pct_slope_ge25": 48.642735596791184, "pct_slope_ge35": 25.362612430111014, "annual_rain_mm": 6175.9500243961811, "max_1day_mm": 269.58023071289062, "rain_days_ge50": 45, "rain_days_ge100": 18, "rain_days_ge150": 3, "wet_days_ge1": 138, "imd_lat": 18.0, "imd_lon": 73.5, "years_available": 30, "clim_mean_annual_mm": 4915.4247316318251, "clim_median_annual_mm": 4937.4113233983517, "clim_std_annual_mm": 1376.7205637036618, "clim_min_annual_mm": 1081.3000047206879, "clim_max_annual_mm": 8379.3208775818348, "clim_mean_days_ge50": 31.133333333333333, "clim_mean_days_ge100": 13.333333333333334, "clim_mean_days_ge150": 5.1333333333333337, "hist_max_1day_mm": 465.6016845703125, "annual_cv_pct": 28.008170989663743, "rain_2024_anomaly_mm": 1260.525292764356, "rain_2024_anomaly_pct": 25.644280231830262, "dist_river_m": 712.84925202375052, "nearest_river": "Kamta", "nearest_river_uid": "9065", "river_within_250m": false, "river_within_500m": false, "river_within_1km": true, "river_within_2km": true, "dem_drain_min_m": 0.0, "dem_drain_mean_m": 892.42792318288627, "dem_drain_p10_m": 95.884918212890625, "pct_area_drain_100m": 10.153148043108338, "pct_area_drain_250m": 22.186208573049186, "pct_area_drain_500m": 36.544850498338874, "f_elevation": 0.0, "f_flatness": 0.0, "f_river_proximity": 0.93628194512364604, "f_drain_proximity": 0.56953996602736789, "f_drain_area": 0.35739166277519613, "f_clim_rain": 1.0, "f_extreme_rain": 0.75494031575305309, "diagnostic_mean": 0.51687912709703754, "terrain_component": 0.0, "drainage_component": 0.46346581440128198, "river_component": 0.93628194512364604, "rainfall_component": 0.87747015787652649, "flood_susceptibility": 0.56930447935036366, "flood_susceptibility_100": 56.930447935036369, "susceptibility_class": "Moderate", "susceptibility_percentile": 58.307692307692307, "population_hab": 690.0, "households": 185.0, "population_exposure": 392.82009075175091, "household_exposure": 105.32132867981727, "population_exposure_percentile": 59.743589743589745, "household_exposure_percentile": 65.692307692307693, "exposure_percentile": 59.743589743589745, "exposure_class": "Moderate", "v_remoteness": 0.91176470588235292, "v_water_service": 0.66666666666666674, "v_household_size": 0.31094184978613315, "vulnerability_data_complete": true, "vulnerability_diagnostic": 0.62979107411171764, "vulnerability_feature_count": 3, "vulnerability_completeness_pct": 100.0, "vulnerability_score": 0.67577467813280789, "vulnerability_100": 67.577467813280791, "vulnerability_percentile": 82.974137931034491, "vulnerability_class": "Very High", "flood_priority_score": 0.70407193211203589, "flood_priority_100": 70.407193211203591, "priority_status": "Eligible", "priority_percentile": 88.793103448275872, "priority_class": "Very High", "priority_reason": "high coping vulnerability", "ls_mean": 75.214004516601562, "ls_median": 80.369293212890625, "ls_p90": 94.477890014648438, "ls_max": 98.669517517089844, "ls_pct_ge40": 94.666994347505522, "ls_pct_ge60": 78.274760383386578, "ls_pct_ge80": 50.634881625296956, "ls_valid_pixels": 12207, "landslide_percentile": 98.615384615384613, "landslide_class": "Very High", "multihazard_susceptibility": 0.75828988539730502, "multihazard_susceptibility_100": 75.828988539730503, "dominant_hazard": "Landslide-dominant", "multihazard_priority": 0.73067819504395692, "multihazard_priority_100_hab": 73.067819504395686, "multihazard_priority_percentile": 98.545258620689651, "multihazard_priority_class": "Very High", "village": "Karanje", "subdistric": "Poladpur", "population": 690.0, "multihazard_priority_100": 73.067819504395686, "recommendation_rank": 1, "recommendation_status": "Suitable Candidate", "patch_id": 4165, "area_ha": 49.371339690821166, "required_area_ha": 6.9, "estimated_capacity_people": 4937.133969082116, "capacity_ratio": 7.1552666218581393, "distance_km": 18.061540062716269, "site_flood": 43.629325866699219, "site_landslide": 15.431212425231934, "site_slope_deg": 2.1298568248748779, "site_road_dist_m": 1340.3326416015625, "final_feasibility_score": 69.502659016459887, "recommendation_reason": "49.4 ha available; capacity ratio 7.2x; 18.1 km from habitation; flood score 43.6; landslide score 15.4; mean slope 2.1°" }, "geometry": { "type": "MultiPolygon", "coordinates": [ [ [ [ 73.62327930329198, 17.984614149363992 ], [ 73.6242654132501, 17.983948559130646 ], [ 73.627106526630698, 17.985341702006494 ], [ 73.627782768956919, 17.985709489628434 ], [ 73.628618201230125, 17.985562936719017 ], [ 73.629025844018969, 17.985503577230457 ], [ 73.629330311564104, 17.985347676174797 ], [ 73.629832364465628, 17.984916433622349 ], [ 73.630845757121989, 17.984012673051453 ], [ 73.631305967156663, 17.983651206184263 ], [ 73.631565655407016, 17.983560785788647 ], [ 73.632580634215685, 17.983310024235735 ], [ 73.632959114466161, 17.983169406588125 ], [ 73.633310097089677, 17.983039007149458 ], [ 73.633931872045224, 17.982798309305267 ], [ 73.634384059881143, 17.982623255109136 ], [ 73.634782963580008, 17.982467401411551 ], [ 73.636048147166122, 17.981658609344574 ], [ 73.637236918567226, 17.9808340819656 ], [ 73.637292572900705, 17.980525249873782 ], [ 73.637227125740566, 17.979812415966475 ], [ 73.63711378970855, 17.978643971087848 ], [ 73.637299924816119, 17.978312873630539 ], [ 73.638519181727133, 17.977276250069959 ], [ 73.639132108779719, 17.976749066436934 ], [ 73.639206025902169, 17.976463000137393 ], [ 73.639111584779684, 17.976121939316684 ], [ 73.638849196951838, 17.975630387964461 ], [ 73.638719715159169, 17.975387835702001 ], [ 73.638429269425231, 17.974836075627664 ], [ 73.638117797523847, 17.974314996884075 ], [ 73.638016271612869, 17.974014502980197 ], [ 73.638146201824824, 17.973272074745999 ], [ 73.638314629772992, 17.972813087132426 ], [ 73.638528066388375, 17.971754577529651 ], [ 73.638360117882186, 17.971460600772126 ], [ 73.638049027067822, 17.971267764920125 ], [ 73.637501352734475, 17.970886006116569 ], [ 73.637100458678788, 17.970658724400352 ], [ 73.636760311885865, 17.970465879695414 ], [ 73.636442891579023, 17.97024386521343 ], [ 73.63604028002068, 17.969962257207758 ], [ 73.635061854902901, 17.969358958190607 ], [ 73.632527487269016, 17.969470615083356 ], [ 73.627457443742202, 17.971039706284561 ], [ 73.623149625079435, 17.971922431253898 ], [ 73.620172599100371, 17.972399269318188 ], [ 73.618386482572845, 17.97249311909275 ], [ 73.617511658475479, 17.972393922616842 ], [ 73.616599265370681, 17.971916023384171 ], [ 73.61544814372273, 17.971125506919801 ], [ 73.61439482361699, 17.970636163162716 ], [ 73.612301955156184, 17.970180995625622 ], [ 73.610591996213074, 17.96950441295014 ], [ 73.609421234168749, 17.969148880815283 ], [ 73.607796476832945, 17.969079852139529 ], [ 73.606571072251086, 17.96871848361365 ], [ 73.605355161145596, 17.967969605612065 ], [ 73.604126919847843, 17.967448483224352 ], [ 73.60203311489181, 17.967191805426673 ], [ 73.59968169176463, 17.966530591707567 ], [ 73.596803708849862, 17.965446327700782 ], [ 73.59372145121776, 17.964107679862906 ], [ 73.591539839965165, 17.963358138058943 ], [ 73.590003819368945, 17.963112020848207 ], [ 73.58778853062114, 17.963587195498466 ], [ 73.585822815424962, 17.964147868221808 ], [ 73.58277168769304, 17.965333338362356 ], [ 73.581225963323718, 17.965799183380671 ], [ 73.580631312622884, 17.965980001954485 ], [ 73.577805766081497, 17.9664001989367 ], [ 73.576279896597597, 17.966736090910484 ], [ 73.573984197540909, 17.96707556045526 ], [ 73.571537586377232, 17.96749665370152 ], [ 73.567275380932458, 17.967773024203517 ], [ 73.564330801921642, 17.967443322891256 ], [ 73.564761269498888, 17.968230899505127 ], [ 73.56474191451602, 17.970487878855934 ], [ 73.563713412479458, 17.974383117014145 ], [ 73.561972976876831, 17.978132255436481 ], [ 73.561438002706467, 17.979762117638174 ], [ 73.561327297571836, 17.98015116778074 ], [ 73.562964275020192, 17.980024869687885 ], [ 73.567362567779156, 17.980232026564121 ], [ 73.571023810492846, 17.981248790437014 ], [ 73.574650651886344, 17.98295549211181 ], [ 73.575644865993709, 17.982954760054032 ], [ 73.576748839528847, 17.982611266053706 ], [ 73.578280843167832, 17.98123670904771 ], [ 73.581513563121973, 17.979051507600179 ], [ 73.585119652124817, 17.976970170545254 ], [ 73.586417053305027, 17.976678684047446 ], [ 73.587691532540262, 17.97639555891362 ], [ 73.590640212041194, 17.97664152731052 ], [ 73.594219507739041, 17.978301721796402 ], [ 73.597844150738069, 17.979904151672841 ], [ 73.598473811273337, 17.980079505355576 ], [ 73.602101667988009, 17.981084271219625 ], [ 73.604577254791721, 17.981160124105152 ], [ 73.606308577208495, 17.980758878776754 ], [ 73.608035054050205, 17.980019178640621 ], [ 73.610655651430463, 17.979521544123177 ], [ 73.612538296208569, 17.979335370473059 ], [ 73.612877945830448, 17.979408243046148 ], [ 73.614222059812704, 17.97969468400262 ], [ 73.615268839840439, 17.98070578173331 ], [ 73.616394623605913, 17.982269263104538 ], [ 73.618033644890275, 17.983715771031331 ], [ 73.619573093132516, 17.985152228341516 ], [ 73.621170515068457, 17.985571232795095 ], [ 73.62327930329198, 17.984614149363992 ] ] ] ] } },
{ "type": "Feature", "properties": { "id": 3496, "objectid_1": 3496.0, "objectid": 66339.0, "village_hab": "Deole", "vlcode": "555186", "gram_panch": null, "gram_pan_1": null, "block": "Poladpur", "bkcode": "237", "subdistric_hab": "Poladpur", "sdcode": "4186", "sub_distri": "Poladpur", "district": "Raigad", "dtcode": "491", "district_h": "ALIBAG", "state": "MH", "stcode": "27", "uqcode": null, "country": "India", "total_urba": "Rural", "total_hous": 152.0, "total_popu": 600.0, "avg_househ": 3.94736842, "total_geog": 293.0, "total_male": 266.0, "total_fema": 334.0, "tapwater_t": "Not Available", "tapwater_u": "Available", "covered_we": "Not Available", "covered__1": "Not Available", "covered__2": "Not Available", "uncovered_": "Available", "uncovere_1": "Available", "uncovere_2": "Available", "handpump_s": "Available", "hand_pump_": "Available", "hand_pum_1": "Available", "tubewell_b": "Not Available", "tube_wells": "Not Available", "tube_wel_1": "Not Available", "spring_sta": "Not Available", "spring_fun": "Not Available", "spring_f_1": "Not Available", "river_cana": "Available", "tank_pond_": "Not Available", "others_sta": "Not Available", "closed_dra": "Not Available", "open_drain": "Available", "village_pi": "Available", "forest_are": 1.0, "area_under": 7.0, "barren_unc": 61.0, "permanent_": 0.0, "land_under": 75.0, "culturable": 15.0, "fallows_la": 70.0, "current_fa": 35.0, "net_area_s": 28.0, "total_unir": 0.0, "area_irrig": 28.0, "canals_are": 0.0, "wells_tube": 0.0, "tanks_lake": 0.0, "waterfall_": 0.0, "other_sour": 0.0, "nearest_to": "MAHAD", "nearest__1": 33.0, "shape_leng": 5774.2184436679781, "shape_le_1": 5774.2184436679781, "shape_area": 2380232.0199196204, "ds_name": "Administrative Boundary", "src_agency": "Survey of India (SOI)", "state_name": "Maharashtra\n", "source_district": "Raigad", "source_dtcode": "491", "source_subdistrict": "Poladpur", "source_sdcode": "4186", "verified_subdistrict": "POLADPUR", "verified_sdcode": "4186", "subdistrict_name_match": true, "subdistrict_code_match": true, "admin_mismatch": false, "record_type": "habitation", "is_habitation": true, "review_status": "accepted", "raksha_id": "RAI-0432", "elev_min_m": 104.99790954589844, "elev_max_m": 399.13937377929688, "elev_mean_m": 195.5781367481203, "elev_p10_m": 120.84727478027344, "elev_p90_m": 307.39382934570312, "slope_mean_deg": 15.583884515977443, "slope_max_deg": 43.896102905273438, "slope_p90_deg": 28.355922698974609, "pct_slope_ge15": 48.872180451127818, "pct_slope_ge25": 18.533834586466167, "pct_slope_ge35": 1.9548872180451129, "annual_rain_mm": 6175.9500243961811, "max_1day_mm": 269.58023071289062, "rain_days_ge50": 45, "rain_days_ge100": 18, "rain_days_ge150": 3, "wet_days_ge1": 138, "imd_lat": 18.0, "imd_lon": 73.5, "years_available": 30, "clim_mean_annual_mm": 4915.4247316318251, "clim_median_annual_mm": 4937.4113233983517, "clim_std_annual_mm": 1376.7205637036618, "clim_min_annual_mm": 1081.3000047206879, "clim_max_annual_mm": 8379.3208775818348, "clim_mean_days_ge50": 31.133333333333333, "clim_mean_days_ge100": 13.333333333333334, "clim_mean_days_ge150": 5.1333333333333337, "hist_max_1day_mm": 465.6016845703125, "annual_cv_pct": 28.008170989663743, "rain_2024_anomaly_mm": 1260.525292764356, "rain_2024_anomaly_pct": 25.644280231830262, "dist_river_m": 720.79263132545555, "nearest_river": "Chand", "nearest_river_uid": "8637", "river_within_250m": false, "river_within_500m": false, "river_within_1km": true, "river_within_2km": true, "dem_drain_min_m": 0.0, "dem_drain_mean_m": 519.06146616541355, "dem_drain_p10_m": 60.642948150634766, "pct_area_drain_100m": 15.0, "pct_area_drain_250m": 30.112781954887218, "pct_area_drain_500m": 51.84210526315789, "f_elevation": 0.27628317166678074, "f_flatness": 0.096167187693195766, "f_river_proximity": 0.93532183989139761, "f_drain_proximity": 0.80859851096632551, "f_drain_area": 0.48507870004960335, "f_clim_rain": 1.0, "f_extreme_rain": 0.75494031575305309, "diagnostic_mean": 0.62234138943147943, "terrain_component": 0.18622517967998825, "drainage_component": 0.64683860550796446, "river_component": 0.93532183989139761, "rainfall_component": 0.87747015787652649, "flood_susceptibility": 0.66146394573896927, "flood_susceptibility_100": 66.146394573896927, "susceptibility_class": "High", "susceptibility_percentile": 79.641025641025635, "population_hab": 600.0, "households": 152.0, "population_exposure": 396.87836744338153, "household_exposure": 100.54251975232333, "population_exposure_percentile": 60.15384615384616, "household_exposure_percentile": 63.84615384615384, "exposure_percentile": 60.15384615384616, "exposure_class": "High", "v_remoteness": 0.8529411764705882, "v_water_service": 0.66666666666666674, "v_household_size": 0.41060299420023494, "vulnerability_data_complete": true, "vulnerability_diagnostic": 0.64340361244582989, "vulnerability_feature_count": 3, "vulnerability_completeness_pct": 100.0, "vulnerability_score": 0.67716055247162732, "vulnerability_100": 67.716055247162728, "vulnerability_percentile": 83.135775862068968, "vulnerability_class": "Very High", "flood_priority_score": 0.70717301073270133, "flood_priority_100": 70.717301073270136, "priority_status": "Eligible", "priority_percentile": 89.170258620689651, "priority_class": "Very High", "priority_reason": "high coping vulnerability", "ls_mean": 70.386054992675781, "ls_median": 73.69683837890625, "ls_p90": 89.723381042480469, "ls_max": 97.038650512695312, "ls_pct_ge40": 93.684210526315795, "ls_pct_ge60": 74.774436090225564, "ls_pct_ge80": 34.81203007518797, "ls_valid_pixels": 2660, "landslide_percentile": 97.282051282051285, "landslide_class": "Very High", "multihazard_susceptibility": 0.88020692683967316, "multihazard_susceptibility_100": 88.020692683967312, "dominant_hazard": "Landslide-dominant", "multihazard_priority": 0.78896044420553191, "multihazard_priority_100_hab": 78.896044420553196, "multihazard_priority_percentile": 99.676724137931032, "multihazard_priority_class": "Very High", "village": "Deole", "subdistric": "Poladpur", "population": 600.0, "multihazard_priority_100": 78.896044420553196, "recommendation_rank": 1, "recommendation_status": "Suitable Candidate", "patch_id": 4165, "area_ha": 49.371339690821166, "required_area_ha": 6.0, "estimated_capacity_people": 4937.133969082116, "capacity_ratio": 8.2285566151368599, "distance_km": 18.69404176075092, "site_flood": 43.629325866699219, "site_landslide": 15.431212425231934, "site_slope_deg": 2.1298568248748779, "site_road_dist_m": 1340.3326416015625, "final_feasibility_score": 68.933407488228696, "recommendation_reason": "49.4 ha available; capacity ratio 8.2x; 18.7 km from habitation; flood score 43.6; landslide score 15.4; mean slope 2.1°" }, "geometry": { "type": "MultiPolygon", "coordinates": [ [ [ [ 73.561327297571836, 17.98015116778074 ], [ 73.561438002706467, 17.979762117638174 ], [ 73.561972976876831, 17.978132255436481 ], [ 73.563713412479458, 17.974383117014145 ], [ 73.56474191451602, 17.970487878855934 ], [ 73.564761269498888, 17.968230899505127 ], [ 73.564330801921642, 17.967443322891256 ], [ 73.564203080969548, 17.967209582776377 ], [ 73.563116303752039, 17.966379605306781 ], [ 73.561872308750083, 17.965844884587415 ], [ 73.558344238631548, 17.964732128178106 ], [ 73.55531196293164, 17.964577581822759 ], [ 73.553514189100113, 17.964816014910863 ], [ 73.550302083697304, 17.966108101572008 ], [ 73.54978393662455, 17.966576728849052 ], [ 73.54903192646124, 17.968106460153585 ], [ 73.547954073624297, 17.971315382376925 ], [ 73.546461200928931, 17.974984607888537 ], [ 73.550036084800226, 17.976633686655376 ], [ 73.553874520051195, 17.978853354716101 ], [ 73.556851518048418, 17.979844613638154 ], [ 73.559746515267094, 17.980274386560307 ], [ 73.561327297571836, 17.98015116778074 ] ] ] ] } },
{ "type": "Feature", "properties": { "id": 3497, "objectid_1": 3497.0, "objectid": 66340.0, "village_hab": "Wakan", "vlcode": "555194", "gram_panch": null, "gram_pan_1": null, "block": "Poladpur", "bkcode": "237", "subdistric_hab": "Poladpur", "sdcode": "4186", "sub_distri": "Poladpur", "district": "Raigad", "dtcode": "491", "district_h": "ALIBAG", "state": "MH", "stcode": "27", "uqcode": null, "country": "India", "total_urba": "Rural", "total_hous": 386.0, "total_popu": 1661.0, "avg_househ": 4.30310881, "total_geog": 890.0, "total_male": 810.0, "total_fema": 851.0, "tapwater_t": "Not Available", "tapwater_u": "Available", "covered_we": "Not Available", "covered__1": "Not Available", "covered__2": "Not Available", "uncovered_": "Available", "uncovere_1": "Available", "uncovere_2": "Available", "handpump_s": "Available", "hand_pump_": "Available", "hand_pum_1": "Available", "tubewell_b": "Available", "tube_wells": "Available", "tube_wel_1": "Available", "spring_sta": "Not Available", "spring_fun": "Not Available", "spring_f_1": "Not Available", "river_cana": "Available", "tank_pond_": "Not Available", "others_sta": "Not Available", "closed_dra": "Not Available", "open_drain": "Available", "village_pi": "Available", "forest_are": 0.0, "area_under": 6.0, "barren_unc": 164.0, "permanent_": 0.0, "land_under": 8.0, "culturable": 114.0, "fallows_la": 280.0, "current_fa": 230.0, "net_area_s": 89.0, "total_unir": 0.0, "area_irrig": 89.0, "canals_are": 0.0, "wells_tube": 0.0, "tanks_lake": 0.0, "waterfall_": 0.0, "other_sour": 0.0, "nearest_to": "MAHAD", "nearest__1": 25.0, "shape_leng": 18732.112370301678, "shape_le_1": 18732.112370301678, "shape_area": 11672202.904893044, "ds_name": "Administrative Boundary", "src_agency": "Survey of India (SOI)", "state_name": "Maharashtra\n", "source_district": "Raigad", "source_dtcode": "491", "source_subdistrict": "Poladpur", "source_sdcode": "4186", "verified_subdistrict": "POLADPUR", "verified_sdcode": "4186", "subdistrict_name_match": true, "subdistrict_code_match": true, "admin_mismatch": false, "record_type": "habitation", "is_habitation": true, "review_status": "accepted", "raksha_id": "RAI-0434", "elev_min_m": 59.5, "elev_max_m": 476.71401977539062, "elev_mean_m": 187.35804646170359, "elev_p10_m": 84.502151489257812, "elev_p90_m": 342.60671997070312, "slope_mean_deg": 13.982895518669018, "slope_max_deg": 43.722377777099609, "slope_p90_deg": 26.211872100830078, "pct_slope_ge15": 40.619489381277312, "pct_slope_ge25": 12.535459633519896, "pct_slope_ge35": 1.510388714252856, "annual_rain_mm": 6175.9500243961811, "max_1day_mm": 269.58023071289062, "rain_days_ge50": 45, "rain_days_ge100": 18, "rain_days_ge150": 3, "wet_days_ge1": 138, "imd_lat": 18.0, "imd_lon": 73.5, "years_available": 30, "clim_mean_annual_mm": 4915.4247316318251, "clim_median_annual_mm": 4937.4113233983517, "clim_std_annual_mm": 1376.7205637036618, "clim_min_annual_mm": 1081.3000047206879, "clim_max_annual_mm": 8379.3208775818348, "clim_mean_days_ge50": 31.133333333333333, "clim_mean_days_ge100": 13.333333333333334, "clim_mean_days_ge150": 5.1333333333333337, "hist_max_1day_mm": 465.6016845703125, "annual_cv_pct": 28.008170989663743, "rain_2024_anomaly_mm": 1260.525292764356, "rain_2024_anomaly_pct": 25.644280231830262, "dist_river_m": 723.77008862250852, "nearest_river": "Kund N", "nearest_river_uid": "8959", "river_within_250m": false, "river_within_500m": false, "river_within_1km": true, "river_within_2km": true, "dem_drain_min_m": 0.0, "dem_drain_mean_m": 664.37652380587292, "dem_drain_p10_m": 67.800880432128906, "pct_area_drain_100m": 13.34048915126888, "pct_area_drain_250m": 28.114697538909759, "pct_area_drain_500m": 46.001686728513377, "f_elevation": 0.3070636666177925, "f_flatness": 0.19300614699251661, "f_river_proximity": 0.9349619587600656, "f_drain_proximity": 0.71555639219982026, "f_drain_area": 0.45289209595092711, "f_clim_rain": 1.0, "f_extreme_rain": 0.75494031575305309, "diagnostic_mean": 0.62263151089631064, "terrain_component": 0.25003490680515456, "drainage_component": 0.58422424407537366, "river_component": 0.9349619587600656, "rainfall_component": 0.87747015787652649, "flood_susceptibility": 0.66167281687928003, "flood_susceptibility_100": 66.167281687928011, "susceptibility_class": "High", "susceptibility_percentile": 79.794871794871796, "population_hab": 1661.0, "households": 386.0, "population_exposure": 1099.0385488364841, "household_exposure": 255.40570731540208, "population_exposure_percentile": 89.435897435897431, "household_exposure_percentile": 89.897435897435898, "exposure_percentile": 89.435897435897431, "exposure_class": "Very High", "v_remoteness": 0.61764705882352944, "v_water_service": 0.66666666666666674, "v_household_size": 0.57350369159792047, "vulnerability_data_complete": true, "vulnerability_diagnostic": 0.61927247236270555, "vulnerability_feature_count": 3, "vulnerability_completeness_pct": 100.0, "vulnerability_score": 0.62376807976222526, "vulnerability_100": 62.376807976222523, "vulnerability_percentile": 73.653017241379317, "vulnerability_class": "High", "flood_priority_score": 0.81161713238721034, "flood_priority_100": 81.161713238721035, "priority_status": "Eligible", "priority_percentile": 96.713362068965509, "priority_class": "Very High", "priority_reason": "high exposed population", "ls_mean": 68.527473449707031, "ls_median": 71.101486206054688, "ls_p90": 89.501670837402344, "ls_max": 97.945777893066406, "ls_pct_ge40": 94.786475504101816, "ls_pct_ge60": 69.370543586598174, "ls_pct_ge80": 30.759794525799279, "ls_valid_pixels": 13043, "landslide_percentile": 96.717948717948715, "landslide_class": "Very High", "multihazard_susceptibility": 0.8784985098571142, "multihazard_susceptibility_100": 87.849850985711413, "dominant_hazard": "Landslide-dominant", "multihazard_priority": 0.84439590322115399, "multihazard_priority_100_hab": 84.439590322115393, "multihazard_priority_percentile": 99.946120689655174, "multihazard_priority_class": "Very High", "village": "Wakan", "subdistric": "Poladpur", "population": 1661.0, "multihazard_priority_100": 84.439590322115393, "recommendation_rank": 1, "recommendation_status": "Suitable Candidate", "patch_id": 4165, "area_ha": 49.371339690821166, "required_area_ha": 16.61, "estimated_capacity_people": 4937.133969082116, "capacity_ratio": 2.9723864955340851, "distance_km": 20.933744723017799, "site_flood": 43.629325866699219, "site_landslide": 15.431212425231934, "site_slope_deg": 2.1298568248748779, "site_road_dist_m": 1340.3326416015625, "final_feasibility_score": 66.917674822188516, "recommendation_reason": "49.4 ha available; capacity ratio 3.0x; 20.9 km from habitation; flood score 43.6; landslide score 15.4; mean slope 2.1°" }, "geometry": { "type": "MultiPolygon", "coordinates": [ [ [ [ 73.530921502098892, 17.976284355377185 ], [ 73.531658585742065, 17.975963781038143 ], [ 73.53289896001256, 17.976636107869545 ], [ 73.534572799082014, 17.977803322212832 ], [ 73.536955711853665, 17.979362289752519 ], [ 73.537539443447727, 17.979508851119753 ], [ 73.539554547588494, 17.980017035058122 ], [ 73.541455161394452, 17.979982534621744 ], [ 73.543185491612178, 17.979649549577644 ], [ 73.544018687800147, 17.979129928907902 ], [ 73.546232778558831, 17.975544254671757 ], [ 73.546461200928931, 17.974984607888537 ], [ 73.547954073624297, 17.971315382376925 ], [ 73.54903192646124, 17.968106460153585 ], [ 73.54978393662455, 17.966576728849052 ], [ 73.548709515559565, 17.965286118200748 ], [ 73.548229889198481, 17.964104540119781 ], [ 73.54774967132964, 17.962236767725379 ], [ 73.54768088266249, 17.961969234340305 ], [ 73.547415054144523, 17.960661759253671 ], [ 73.545803011436874, 17.958914659418948 ], [ 73.543373865463323, 17.956321705569707 ], [ 73.541676819440212, 17.954230915253003 ], [ 73.54046545217507, 17.952786411021155 ], [ 73.539351089122547, 17.952290775434044 ], [ 73.534944925651644, 17.95271539307782 ], [ 73.53245712705187, 17.952230086832326 ], [ 73.533592866244604, 17.950156939462921 ], [ 73.536212427715284, 17.942858694883938 ], [ 73.536959526386511, 17.940175434627413 ], [ 73.53687228840603, 17.939819233243949 ], [ 73.536253299085672, 17.939733359761952 ], [ 73.535310307980012, 17.93990620260605 ], [ 73.534233792048241, 17.940686081095755 ], [ 73.531713467000614, 17.943334761148222 ], [ 73.526532451348203, 17.946933301005615 ], [ 73.522031303632559, 17.949168787272853 ], [ 73.518630380529373, 17.95016059303574 ], [ 73.515862237439137, 17.95099955584983 ], [ 73.514559515555476, 17.951882516395436 ], [ 73.51224080006854, 17.952275998462387 ], [ 73.51170325003136, 17.954700127382569 ], [ 73.510664043438993, 17.957606009476297 ], [ 73.509277902455452, 17.960252699202602 ], [ 73.5082742399605, 17.961155488006682 ], [ 73.506817779395931, 17.962736370234357 ], [ 73.50520193358733, 17.963857963964795 ], [ 73.504393809854648, 17.964417859862358 ], [ 73.504315167477628, 17.964973794036037 ], [ 73.50452550758331, 17.965624702584734 ], [ 73.505386660659568, 17.966514199165257 ], [ 73.505660546675315, 17.967096960645357 ], [ 73.505639258969723, 17.967559066623306 ], [ 73.505316674524991, 17.968032341772314 ], [ 73.504460681534823, 17.968327732563406 ], [ 73.504083810763376, 17.96867085849064 ], [ 73.504171090504101, 17.969391361643709 ], [ 73.5049548405499, 17.970678482109012 ], [ 73.506218179816429, 17.972015095927205 ], [ 73.506893908550524, 17.973044228503849 ], [ 73.507648144969977, 17.974676164922471 ], [ 73.509486968839411, 17.973438592116985 ], [ 73.514018295192585, 17.971396047874684 ], [ 73.517081367984176, 17.969695121929089 ], [ 73.518626579548467, 17.969542071735489 ], [ 73.519510950639472, 17.970012045857185 ], [ 73.519834324830569, 17.970901367369628 ], [ 73.519609749898351, 17.971908423036453 ], [ 73.51907445543003, 17.973823100620503 ], [ 73.518465800290713, 17.975338269416042 ], [ 73.518825236711848, 17.977520005468303 ], [ 73.51975534623601, 17.979087163281832 ], [ 73.520916402012446, 17.979744490239884 ], [ 73.522089156418559, 17.979620989729607 ], [ 73.523120538165543, 17.978794986759269 ], [ 73.523299221921945, 17.976692718111206 ], [ 73.523590026767948, 17.97408411001182 ], [ 73.523657775839652, 17.972480064637981 ], [ 73.524511320625095, 17.971551393990925 ], [ 73.524968454458275, 17.971436731654872 ], [ 73.526512329939777, 17.971288151789487 ], [ 73.527651909367719, 17.972157265841041 ], [ 73.527469767152866, 17.974371074982823 ], [ 73.526756677019819, 17.976295728136318 ], [ 73.526055878437319, 17.977916438658024 ], [ 73.526195924871615, 17.978912937198992 ], [ 73.526801948166494, 17.979597336652141 ], [ 73.527680246324465, 17.980275428365744 ], [ 73.529048850259173, 17.980041806716443 ], [ 73.530008385655535, 17.978715872770398 ], [ 73.530435883202927, 17.977100143932237 ], [ 73.530921502098892, 17.976284355377185 ] ] ] ] } },
{ "type": "Feature", "properties": { "id": 3501, "objectid_1": 3501.0, "objectid": 66344.0, "village_hab": "Naneghol", "vlcode": "555193", "gram_panch": null, "gram_pan_1": null, "block": "Poladpur", "bkcode": "237", "subdistric_hab": "Poladpur", "sdcode": "4186", "sub_distri": "Poladpur", "district": "Raigad", "dtcode": "491", "district_h": "ALIBAG", "state": "MH", "stcode": "27", "uqcode": null, "country": "India", "total_urba": "Rural", "total_hous": 89.0, "total_popu": 388.0, "avg_househ": 4.35955056, "total_geog": 279.0, "total_male": 192.0, "total_fema": 196.0, "tapwater_t": "Not Available", "tapwater_u": "Available", "covered_we": "Not Available", "covered__1": "Not Available", "covered__2": "Not Available", "uncovered_": "Available", "uncovere_1": "Available", "uncovere_2": "Available", "handpump_s": "Available", "hand_pump_": "Available", "hand_pum_1": "Available", "tubewell_b": "Not Available", "tube_wells": "Not Available", "tube_wel_1": "Not Available", "spring_sta": "Not Available", "spring_fun": "Not Available", "spring_f_1": "Not Available", "river_cana": "Not Available", "tank_pond_": "Not Available", "others_sta": "Not Available", "closed_dra": "Not Available", "open_drain": "Not Available", "village_pi": "Available", "forest_are": 0.0, "area_under": 7.0, "barren_unc": 42.0, "permanent_": 0.0, "land_under": 28.0, "culturable": 55.0, "fallows_la": 54.0, "current_fa": 74.0, "net_area_s": 19.0, "total_unir": 0.0, "area_irrig": 19.0, "canals_are": 0.0, "wells_tube": 0.0, "tanks_lake": 0.0, "waterfall_": 0.0, "other_sour": 0.0, "nearest_to": "MAHAD", "nearest__1": 25.0, "shape_leng": 4650.6300560691843, "shape_le_1": 4650.6300560691843, "shape_area": 1029874.8641341308, "ds_name": "Administrative Boundary", "src_agency": "Survey of India (SOI)", "state_name": "Maharashtra\n", "source_district": "Raigad", "source_dtcode": "491", "source_subdistrict": "Poladpur", "source_sdcode": "4186", "verified_subdistrict": "POLADPUR", "verified_sdcode": "4186", "subdistrict_name_match": true, "subdistrict_code_match": true, "admin_mismatch": false, "record_type": "habitation", "is_habitation": true, "review_status": "accepted", "raksha_id": "RAI-0438", "elev_min_m": 114.17596435546875, "elev_max_m": 300.80032348632812, "elev_mean_m": 177.24470569070374, "elev_p10_m": 133.393310546875, "elev_p90_m": 243.38496398925781, "slope_mean_deg": 12.678643910186794, "slope_max_deg": 31.639080047607422, "slope_p90_deg": 24.021322250366211, "pct_slope_ge15": 32.580364900086884, "pct_slope_ge25": 8.2536924413553425, "pct_slope_ge35": 0.0, "annual_rain_mm": 6175.9500243961811, "max_1day_mm": 269.58023071289062, "rain_days_ge50": 45, "rain_days_ge100": 18, "rain_days_ge150": 3, "wet_days_ge1": 138, "imd_lat": 18.0, "imd_lon": 73.5, "years_available": 30, "clim_mean_annual_mm": 4915.4247316318251, "clim_median_annual_mm": 4937.4113233983517, "clim_std_annual_mm": 1376.7205637036618, "clim_min_annual_mm": 1081.3000047206879, "clim_max_annual_mm": 8379.3208775818348, "clim_mean_days_ge50": 31.133333333333333, "clim_mean_days_ge100": 13.333333333333334, "clim_mean_days_ge150": 5.1333333333333337, "hist_max_1day_mm": 465.6016845703125, "annual_cv_pct": 28.008170989663743, "rain_2024_anomaly_mm": 1260.525292764356, "rain_2024_anomaly_pct": 25.644280231830262, "dist_river_m": 728.26348844021459, "nearest_river": "Savitri", "nearest_river_uid": "8975", "river_within_250m": false, "river_within_500m": false, "river_within_1km": true, "river_within_2km": true, "dem_drain_min_m": 0.0, "dem_drain_mean_m": 209.60405354039966, "dem_drain_p10_m": 42.881038665771484, "pct_area_drain_100m": 26.064291920069504, "pct_area_drain_250m": 65.160729800173769, "pct_area_drain_500m": 96.785403996524764, "f_elevation": 0.34493352250660447, "f_flatness": 0.271896363378902, "f_river_proximity": 0.93441884776011153, "f_drain_proximity": 1.0, "f_drain_area": 1.0, "f_clim_rain": 1.0, "f_extreme_rain": 0.75494031575305309, "diagnostic_mean": 0.75802700705695314, "terrain_component": 0.30841494294275323, "drainage_component": 1.0, "river_component": 0.93441884776011153, "rainfall_component": 0.87747015787652649, "flood_susceptibility": 0.78007598714484772, "flood_susceptibility_100": 78.007598714484772, "susceptibility_class": "Very High", "susceptibility_percentile": 94.92307692307692, "population_hab": 388.0, "households": 89.0, "population_exposure": 302.66948301220089, "household_exposure": 69.42676285589144, "population_exposure_percentile": 48.410256410256409, "household_exposure_percentile": 47.692307692307693, "exposure_percentile": 48.410256410256409, "exposure_class": "Moderate", "v_remoteness": 0.61764705882352944, "v_water_service": 0.66666666666666674, "v_household_size": 0.5993495069616076, "vulnerability_data_complete": true, "vulnerability_diagnostic": 0.62788774415060133, "vulnerability_feature_count": 3, "vulnerability_completeness_pct": 100.0, "vulnerability_score": 0.63022953360314704, "vulnerability_100": 63.022953360314702, "vulnerability_percentile": 75.0, "vulnerability_class": "High", "flood_priority_score": 0.6025586470020351, "flood_priority_100": 60.25586470020351, "priority_status": "Eligible", "priority_percentile": 76.778017241379317, "priority_class": "High", "priority_reason": "high physical flood susceptibility", "ls_mean": 69.452293395996094, "ls_median": 70.370758056640625, "ls_p90": 88.932914733886719, "ls_max": 94.61297607421875, "ls_pct_ge40": 95.56907037358819, "ls_pct_ge60": 74.456993918331875, "ls_pct_ge80": 27.01998262380539, "ls_valid_pixels": 1151, "landslide_percentile": 97.025641025641036, "landslide_class": "Very High", "multihazard_susceptibility": 0.95968601045278201, "multihazard_susceptibility_100": 95.968601045278206, "dominant_hazard": "Mixed", "multihazard_priority": 0.76043875756382195, "multihazard_priority_100_hab": 76.043875756382192, "multihazard_priority_percentile": 99.353448275862064, "multihazard_priority_class": "Very High", "village": "Naneghol", "subdistric": "Poladpur", "population": 388.0, "multihazard_priority_100": 76.043875756382192, "recommendation_rank": 1, "recommendation_status": "Suitable Candidate", "patch_id": 4165, "area_ha": 49.371339690821166, "required_area_ha": 3.88, "estimated_capacity_people": 4937.133969082116, "capacity_ratio": 12.724572085263183, "distance_km": 19.912980773454507, "site_flood": 43.629325866699219, "site_landslide": 15.431212425231934, "site_slope_deg": 2.1298568248748779, "site_road_dist_m": 1340.3326416015625, "final_feasibility_score": 67.836362376795464, "recommendation_reason": "49.4 ha available; capacity ratio 12.7x; 19.9 km from habitation; flood score 43.6; landslide score 15.4; mean slope 2.1°" }, "geometry": { "type": "MultiPolygon", "coordinates": [ [ [ [ 73.553514189100113, 17.964816014910863 ], [ 73.55531196293164, 17.964577581822759 ], [ 73.558344238631548, 17.964732128178106 ], [ 73.561872308750083, 17.965844884587415 ], [ 73.563116303752039, 17.966379605306781 ], [ 73.562309509177794, 17.963607465285776 ], [ 73.561766523667913, 17.96118961678577 ], [ 73.560797904515297, 17.958937431715025 ], [ 73.559875721980887, 17.957332007576703 ], [ 73.558378615125889, 17.956144441350855 ], [ 73.556566565412353, 17.955686956759905 ], [ 73.553805090153332, 17.958673226076268 ], [ 73.551480653029031, 17.960823341633599 ], [ 73.550041656347958, 17.9617422574896 ], [ 73.54774967132964, 17.962236767725379 ], [ 73.548229889198481, 17.964104540119781 ], [ 73.548709515559565, 17.965286118200748 ], [ 73.54978393662455, 17.966576728849052 ], [ 73.550302083697304, 17.966108101572008 ], [ 73.553514189100113, 17.964816014910863 ] ] ] ] } },
{ "type": "Feature", "properties": { "id": 3511, "objectid_1": 3511.0, "objectid": 66354.0, "village_hab": "Kapade Kh", "vlcode": "555195", "gram_panch": null, "gram_pan_1": null, "block": "Poladpur", "bkcode": "237", "subdistric_hab": "Poladpur", "sdcode": "4186", "sub_distri": "Poladpur", "district": "Raigad", "dtcode": "491", "district_h": "ALIBAG", "state": "MH", "stcode": "27", "uqcode": null, "country": "India", "total_urba": "Rural", "total_hous": 234.0, "total_popu": 1013.0, "avg_househ": 4.32905983, "total_geog": 818.0, "total_male": 498.0, "total_fema": 515.0, "tapwater_t": "Not Available", "tapwater_u": "Available", "covered_we": "Not Available", "covered__1": "Not Available", "covered__2": "Not Available", "uncovered_": "Available", "uncovere_1": "Available", "uncovere_2": "Available", "handpump_s": "Not Available", "hand_pump_": "Not Available", "hand_pum_1": "Not Available", "tubewell_b": "Not Available", "tube_wells": "Not Available", "tube_wel_1": "Not Available", "spring_sta": "Not Available", "spring_fun": "Not Available", "spring_f_1": "Not Available", "river_cana": "Available", "tank_pond_": "Not Available", "others_sta": "Not Available", "closed_dra": "Not Available", "open_drain": "Available", "village_pi": "Available", "forest_are": 0.0, "area_under": 207.0, "barren_unc": 0.0, "permanent_": 0.0, "land_under": 0.0, "culturable": 0.0, "fallows_la": 0.0, "current_fa": 0.0, "net_area_s": 611.0, "total_unir": 0.0, "area_irrig": 611.0, "canals_are": 0.0, "wells_tube": 0.0, "tanks_lake": 0.0, "waterfall_": 0.0, "other_sour": 0.0, "nearest_to": "MAHAD", "nearest__1": 27.0, "shape_leng": 17180.138858849776, "shape_le_1": 17180.138858849776, "shape_area": 9164369.8614136167, "ds_name": "Administrative Boundary", "src_agency": "Survey of India (SOI)", "state_name": "Maharashtra\n", "source_district": "Raigad", "source_dtcode": "491", "source_subdistrict": "Poladpur", "source_sdcode": "4186", "verified_subdistrict": "POLADPUR", "verified_sdcode": "4186", "subdistrict_name_match": true, "subdistrict_code_match": true, "admin_mismatch": false, "record_type": "habitation", "is_habitation": true, "review_status": "accepted", "raksha_id": "RAI-0447", "elev_min_m": 90.976829528808594, "elev_max_m": 776.73065185546875, "elev_mean_m": 305.22581352299301, "elev_p10_m": 152.53231811523438, "elev_p90_m": 474.72967529296875, "slope_mean_deg": 18.403266270459859, "slope_max_deg": 47.0281982421875, "slope_p90_deg": 29.472803115844727, "pct_slope_ge15": 63.961418550272796, "pct_slope_ge25": 23.762665627435698, "pct_slope_ge35": 1.9583008573655494, "annual_rain_mm": 6175.9500243961811, "max_1day_mm": 269.58023071289062, "rain_days_ge50": 45, "rain_days_ge100": 18, "rain_days_ge150": 3, "wet_days_ge1": 138, "imd_lat": 18.0, "imd_lon": 73.5, "years_available": 30, "clim_mean_annual_mm": 4915.4247316318251, "clim_median_annual_mm": 4937.4113233983517, "clim_std_annual_mm": 1376.7205637036618, "clim_min_annual_mm": 1081.3000047206879, "clim_max_annual_mm": 8379.3208775818348, "clim_mean_days_ge50": 31.133333333333333, "clim_mean_days_ge100": 13.333333333333334, "clim_mean_days_ge150": 5.1333333333333337, "hist_max_1day_mm": 465.6016845703125, "annual_cv_pct": 28.008170989663743, "rain_2024_anomaly_mm": 1260.525292764356, "rain_2024_anomaly_pct": 25.644280231830262, "dist_river_m": 734.88062180064105, "nearest_river": "Amba", "nearest_river_uid": "8583", "river_within_250m": false, "river_within_500m": false, "river_within_1km": true, "river_within_2km": true, "dem_drain_min_m": 0.0, "dem_drain_mean_m": 673.2763542478566, "dem_drain_p10_m": 109.32563018798828, "pct_area_drain_100m": 9.9863600935307861, "pct_area_drain_250m": 24.006235385814499, "pct_area_drain_500m": 43.59898674980515, "f_elevation": 0.0, "f_flatness": 0.0, "f_river_proximity": 0.93361904403420004, "f_drain_proximity": 0.70985802140170517, "f_drain_area": 0.38670998486560454, "f_clim_rain": 1.0, "f_extreme_rain": 0.75494031575305309, "diagnostic_mean": 0.54073248086493753, "terrain_component": 0.0, "drainage_component": 0.54828400313365488, "river_component": 0.93361904403420004, "rainfall_component": 0.87747015787652649, "flood_susceptibility": 0.5898433012610953, "flood_susceptibility_100": 58.984330126109526, "susceptibility_class": "High", "susceptibility_percentile": 63.641025641025642, "population_hab": 1013.0, "households": 234.0, "population_exposure": 597.51126417748958, "household_exposure": 138.0233324950963, "population_exposure_percentile": 75.538461538461547, "household_exposure_percentile": 76.307692307692307, "exposure_percentile": 75.538461538461547, "exposure_class": "High", "v_remoteness": 0.67647058823529416, "v_water_service": 0.66666666666666674, "v_household_size": 0.58538718690802971, "vulnerability_data_complete": true, "vulnerability_diagnostic": 0.64284148060333024, "vulnerability_feature_count": 3, "vulnerability_completeness_pct": 100.0, "vulnerability_score": 0.65026836535445842, "vulnerability_100": 65.026836535445838, "vulnerability_percentile": 78.125, "vulnerability_class": "High", "flood_priority_score": 0.76820845528361037, "flood_priority_100": 76.820845528361033, "priority_status": "Eligible", "priority_percentile": 93.911637931034491, "priority_class": "Very High", "priority_reason": "combined exposure and vulnerability", "ls_mean": 73.003547668457031, "ls_median": 76.7777099609375, "ls_p90": 90.011039733886719, "ls_max": 96.607009887695312, "ls_pct_ge40": 97.359703819173816, "ls_pct_ge60": 79.335541699142624, "ls_pct_ge80": 41.572486360093528, "ls_valid_pixels": 10264, "landslide_percentile": 97.846153846153854, "landslide_class": "Very High", "multihazard_susceptibility": 0.78911530119487716, "multihazard_susceptibility_100": 78.911530119487722, "dominant_hazard": "Landslide-dominant", "multihazard_priority": 0.77859170723273019, "multihazard_priority_100_hab": 77.859170723273024, "multihazard_priority_percentile": 99.568965517241381, "multihazard_priority_class": "Very High", "village": "Kapade Kh", "subdistric": "Poladpur", "population": 1013.0, "multihazard_priority_100": 77.859170723273024, "recommendation_rank": 1, "recommendation_status": "Suitable Candidate", "patch_id": 4165, "area_ha": 49.371339690821166, "required_area_ha": 10.13, "estimated_capacity_people": 4937.133969082116, "capacity_ratio": 4.873774895441378, "distance_km": 23.127217552237767, "site_flood": 43.629325866699219, "site_landslide": 15.431212425231934, "site_slope_deg": 2.1298568248748779, "site_road_dist_m": 1340.3326416015625, "final_feasibility_score": 64.943549275890533, "recommendation_reason": "49.4 ha available; capacity ratio 4.9x; 23.1 km from habitation; flood score 43.6; landslide score 15.4; mean slope 2.1°" }, "geometry": { "type": "MultiPolygon", "coordinates": [ [ [ [ 73.535310307980012, 17.93990620260605 ], [ 73.536253299085672, 17.939733359761952 ], [ 73.53687228840603, 17.939819233243949 ], [ 73.536959526386511, 17.940175434627413 ], [ 73.536212427715284, 17.942858694883938 ], [ 73.533592866244604, 17.950156939462921 ], [ 73.53245712705187, 17.952230086832326 ], [ 73.534944925651644, 17.95271539307782 ], [ 73.539351089122547, 17.952290775434044 ], [ 73.54046545217507, 17.952786411021155 ], [ 73.541365189372627, 17.9493372126691 ], [ 73.543813148137161, 17.945502068954546 ], [ 73.547327210155572, 17.940868341636413 ], [ 73.549989157925381, 17.939171831687094 ], [ 73.552781144055288, 17.936485871928141 ], [ 73.554899822586407, 17.934933437471567 ], [ 73.557121826719495, 17.933007821822159 ], [ 73.559810130395832, 17.932049358846161 ], [ 73.561552092068894, 17.931616583540574 ], [ 73.562473703849008, 17.931083752543682 ], [ 73.562610306094285, 17.930781082264819 ], [ 73.562986042589046, 17.929928807095752 ], [ 73.563506380699479, 17.925870690992049 ], [ 73.564244645975236, 17.920938268363443 ], [ 73.556532496113931, 17.923936299574958 ], [ 73.555342861286775, 17.92375397727314 ], [ 73.553161719051872, 17.922995790409335 ], [ 73.552188590243176, 17.922045858957727 ], [ 73.551388467717359, 17.921965397324467 ], [ 73.549354121121041, 17.922325060305027 ], [ 73.547349441103847, 17.923801488042528 ], [ 73.542759611560058, 17.925449899085152 ], [ 73.536075077533766, 17.92753452618896 ], [ 73.529793804672281, 17.9289559063463 ], [ 73.527071408119269, 17.929385465477203 ], [ 73.526207395928537, 17.929923779917289 ], [ 73.524942638449104, 17.931919847671789 ], [ 73.523548620009578, 17.932607296327731 ], [ 73.521413894809541, 17.933459837650926 ], [ 73.519996315452843, 17.934499336361792 ], [ 73.517572632850673, 17.936660728552582 ], [ 73.513799874882423, 17.940372115638798 ], [ 73.513563576286941, 17.943249831117441 ], [ 73.512911229390369, 17.948114532688709 ], [ 73.51224080006854, 17.952275998462387 ], [ 73.514559515555476, 17.951882516395436 ], [ 73.515862237439137, 17.95099955584983 ], [ 73.518630380529373, 17.95016059303574 ], [ 73.522031303632559, 17.949168787272853 ], [ 73.526532451348203, 17.946933301005615 ], [ 73.531713467000614, 17.943334761148222 ], [ 73.534233792048241, 17.940686081095755 ], [ 73.535310307980012, 17.93990620260605 ] ] ] ] } },
{ "type": "Feature", "properties": { "id": 3566, "objectid_1": 3566.0, "objectid": 66409.0, "village_hab": "Cholai", "vlcode": "555172", "gram_panch": null, "gram_pan_1": null, "block": "Poladpur", "bkcode": "237", "subdistric_hab": "Poladpur", "sdcode": "4186", "sub_distri": "Poladpur", "district": "Raigad", "dtcode": "491", "district_h": "ALIBAG", "state": "MH", "stcode": "27", "uqcode": null, "country": "India", "total_urba": "Rural", "total_hous": 80.0, "total_popu": 398.0, "avg_househ": 4.975, "total_geog": 68.0, "total_male": 199.0, "total_fema": 199.0, "tapwater_t": "Not Available", "tapwater_u": "Available", "covered_we": "Not Available", "covered__1": "Not Available", "covered__2": "Not Available", "uncovered_": "Available", "uncovere_1": "Available", "uncovere_2": "Available", "handpump_s": "Not Available", "hand_pump_": "Not Available", "hand_pum_1": "Not Available", "tubewell_b": "Not Available", "tube_wells": "Not Available", "tube_wel_1": "Not Available", "spring_sta": "Not Available", "spring_fun": "Not Available", "spring_f_1": "Not Available", "river_cana": "Available", "tank_pond_": "Not Available", "others_sta": "Not Available", "closed_dra": "Not Available", "open_drain": "Not Available", "village_pi": "Available", "forest_are": 0.0, "area_under": 6.0, "barren_unc": 36.0, "permanent_": 0.0, "land_under": 2.0, "culturable": 5.0, "fallows_la": 3.0, "current_fa": 5.0, "net_area_s": 11.0, "total_unir": 0.0, "area_irrig": 11.0, "canals_are": 0.0, "wells_tube": 0.0, "tanks_lake": 0.0, "waterfall_": 0.0, "other_sour": 0.0, "nearest_to": "MAHAD", "nearest__1": 19.0, "shape_leng": 5254.0872188434614, "shape_le_1": 5254.0872188434614, "shape_area": 1186674.7806310221, "ds_name": "Administrative Boundary", "src_agency": "Survey of India (SOI)", "state_name": "Maharashtra\n", "source_district": "Raigad", "source_dtcode": "491", "source_subdistrict": "Poladpur", "source_sdcode": "4186", "verified_subdistrict": "POLADPUR", "verified_sdcode": "4186", "subdistrict_name_match": true, "subdistrict_code_match": true, "admin_mismatch": false, "record_type": "habitation", "is_habitation": true, "review_status": "accepted", "raksha_id": "RAI-0486", "elev_min_m": 23.5, "elev_max_m": 109.12079620361328, "elev_mean_m": 54.464049606151541, "elev_p10_m": 32.939178466796875, "elev_p90_m": 94.288955688476562, "slope_mean_deg": 8.8594072346211554, "slope_max_deg": 25.937711715698242, "slope_p90_deg": 17.526456832885742, "pct_slope_ge15": 17.329332333083272, "pct_slope_ge25": 0.30007501875468867, "pct_slope_ge35": 0.0, "annual_rain_mm": 6175.9500243961811, "max_1day_mm": 269.58023071289062, "rain_days_ge50": 45, "rain_days_ge100": 18, "rain_days_ge150": 3, "wet_days_ge1": 138, "imd_lat": 18.0, "imd_lon": 73.5, "years_available": 30, "clim_mean_annual_mm": 4915.4247316318251, "clim_median_annual_mm": 4937.4113233983517, "clim_std_annual_mm": 1376.7205637036618, "clim_min_annual_mm": 1081.3000047206879, "clim_max_annual_mm": 8379.3208775818348, "clim_mean_days_ge50": 31.133333333333333, "clim_mean_days_ge100": 13.333333333333334, "clim_mean_days_ge150": 5.1333333333333337, "hist_max_1day_mm": 465.6016845703125, "annual_cv_pct": 28.008170989663743, "rain_2024_anomaly_mm": 1260.525292764356, "rain_2024_anomaly_pct": 25.644280231830262, "dist_river_m": 807.2309807856933, "nearest_river": "Savitri", "nearest_river_uid": "8975", "river_within_250m": false, "river_within_500m": false, "river_within_1km": true, "river_within_2km": true, "dem_drain_min_m": 0.0, "dem_drain_mean_m": 161.06909930607651, "dem_drain_p10_m": 30.321474075317383, "pct_area_drain_100m": 37.659414853713429, "pct_area_drain_250m": 78.919729932483122, "pct_area_drain_500m": 99.024756189047253, "f_elevation": 0.80469116907862603, "f_flatness": 0.50291038383835907, "f_river_proximity": 0.92487415655266059, "f_drain_proximity": 1.0, "f_drain_area": 1.0, "f_clim_rain": 1.0, "f_extreme_rain": 0.75494031575305309, "diagnostic_mean": 0.85534514646038562, "terrain_component": 0.65380077645849255, "drainage_component": 1.0, "river_component": 0.92487415655266059, "rainfall_component": 0.87747015787652649, "flood_susceptibility": 0.86403627272191996, "flood_susceptibility_100": 86.403627272191997, "susceptibility_class": "Very High", "susceptibility_percentile": 99.230769230769226, "population_hab": 398.0, "households": 80.0, "population_exposure": 343.88643654332412, "household_exposure": 69.122901817753601, "population_exposure_percentile": 54.512820512820511, "household_exposure_percentile": 47.487179487179489, "exposure_percentile": 54.512820512820511, "exposure_class": "Moderate", "v_remoteness": 0.44117647058823528, "v_water_service": 0.66666666666666674, "v_household_size": 0.88117621488480802, "vulnerability_data_complete": true, "vulnerability_diagnostic": 0.66300645071323672, "vulnerability_feature_count": 3, "vulnerability_completeness_pct": 100.0, "vulnerability_score": 0.63009797528982947, "vulnerability_100": 63.009797528982944, "vulnerability_percentile": 74.892241379310349, "vulnerability_class": "High", "flood_priority_score": 0.63895127452045786, "flood_priority_100": 63.895127452045784, "priority_status": "Eligible", "priority_percentile": 81.734913793103445, "priority_class": "Very High", "priority_reason": "high physical flood susceptibility", "ls_mean": 60.994976043701172, "ls_median": 60.374000549316406, "ls_p90": 83.696266174316406, "ls_max": 93.797225952148438, "ls_pct_ge40": 90.772693173293334, "ls_pct_ge60": 50.787696924231064, "ls_pct_ge80": 17.179294823705927, "ls_valid_pixels": 1333, "landslide_percentile": 94.615384615384613, "landslide_class": "Very High", "multihazard_susceptibility": 0.96895600501001611, "multihazard_susceptibility_100": 96.89560050100161, "dominant_hazard": "Mixed", "multihazard_priority": 0.78683903967418967, "multihazard_priority_100_hab": 78.683903967418971, "multihazard_priority_percentile": 99.622844827586206, "multihazard_priority_class": "Very High", "village": "Cholai", "subdistric": "Poladpur", "population": 398.0, "multihazard_priority_100": 78.683903967418971, "recommendation_rank": 1, "recommendation_status": "Suitable Candidate", "patch_id": 4165, "area_ha": 49.371339690821166, "required_area_ha": 3.98, "estimated_capacity_people": 4937.133969082116, "capacity_ratio": 12.404859218799286, "distance_km": 22.339328197882651, "site_flood": 43.629325866699219, "site_landslide": 15.431212425231934, "site_slope_deg": 2.1298568248748779, "site_road_dist_m": 1340.3326416015625, "final_feasibility_score": 65.652649694810123, "recommendation_reason": "49.4 ha available; capacity ratio 12.4x; 22.3 km from habitation; flood score 43.6; landslide score 15.4; mean slope 2.1°" }, "geometry": { "type": "MultiPolygon", "coordinates": [ [ [ [ 73.474756431658221, 17.982526075518329 ], [ 73.472098783338666, 17.981162793610238 ], [ 73.471298773166112, 17.980703549941584 ], [ 73.469816367485052, 17.979198249816296 ], [ 73.468629921231269, 17.977197270739531 ], [ 73.467029881289676, 17.975133257755569 ], [ 73.464653083406787, 17.969888153026062 ], [ 73.462492363149067, 17.971050124632786 ], [ 73.457913216774429, 17.973512624994836 ], [ 73.461309142205977, 17.977397415264338 ], [ 73.463473220027879, 17.980035892993932 ], [ 73.465405628605893, 17.98171498587185 ], [ 73.466162365787511, 17.982533299180506 ], [ 73.467315096360579, 17.983724040670225 ], [ 73.468078729691072, 17.985121598799232 ], [ 73.471344849270679, 17.985500825420807 ], [ 73.474269849127722, 17.985649393510204 ], [ 73.47450002604937, 17.984175436654752 ], [ 73.474756431658221, 17.982526075518329 ] ] ] ] } },
{ "type": "Feature", "properties": { "id": 3809, "objectid_1": 3809.0, "objectid": 66652.0, "village_hab": "Bhivghar", "vlcode": "555044", "gram_panch": null, "gram_pan_1": null, "block": "Mahad", "bkcode": "236", "subdistric_hab": "Mahad", "sdcode": "4185", "sub_distri": "Mahad", "district": "Raigad", "dtcode": "491", "district_h": "ALIBAG", "state": "MH", "stcode": "27", "uqcode": null, "country": "India", "total_urba": "Rural", "total_hous": 90.0, "total_popu": 444.0, "avg_househ": 4.93333333, "total_geog": 122.0, "total_male": 225.0, "total_fema": 219.0, "tapwater_t": "Not Available", "tapwater_u": "Available", "covered_we": "Not Available", "covered__1": "Not Available", "covered__2": "Not Available", "uncovered_": "Available", "uncovere_1": "Available", "uncovere_2": "Available", "handpump_s": "Available", "hand_pump_": "Available", "hand_pum_1": "Available", "tubewell_b": "Available", "tube_wells": "Available", "tube_wel_1": "Available", "spring_sta": "Not Available", "spring_fun": "Not Available", "spring_f_1": "Not Available", "river_cana": "Available", "tank_pond_": "Not Available", "others_sta": "Not Available", "closed_dra": "Not Available", "open_drain": "Not Available", "village_pi": "Available", "forest_are": 25.0, "area_under": 2.0, "barren_unc": 0.0, "permanent_": 0.0, "land_under": 0.0, "culturable": 42.0, "fallows_la": 20.0, "current_fa": 0.0, "net_area_s": 32.0, "total_unir": 5.0, "area_irrig": 27.0, "canals_are": 0.0, "wells_tube": 5.0, "tanks_lake": 0.0, "waterfall_": 0.0, "other_sour": 0.0, "nearest_to": "MAHAD", "nearest__1": 14.0, "shape_leng": 8554.6659216585576, "shape_le_1": 8554.6659216585576, "shape_area": 3296176.3239692431, "ds_name": "Administrative Boundary", "src_agency": "Survey of India (SOI)", "state_name": "Maharashtra\n", "source_district": "Raigad", "source_dtcode": "491", "source_subdistrict": "Mahad", "source_sdcode": "4185", "verified_subdistrict": "MAHAD", "verified_sdcode": "4185", "subdistrict_name_match": true, "subdistrict_code_match": true, "admin_mismatch": false, "record_type": "habitation", "is_habitation": true, "review_status": "accepted", "raksha_id": "RAI-0542", "elev_min_m": 17.537269592285156, "elev_max_m": 182.86172485351562, "elev_mean_m": 56.838397696476967, "elev_p10_m": 23.169828414916992, "elev_p90_m": 143.10369873046875, "slope_mean_deg": 9.1126778455284558, "slope_max_deg": 38.473236083984375, "slope_p90_deg": 23.729663848876953, "pct_slope_ge15": 28.075880758807585, "pct_slope_ge25": 7.6693766937669388, "pct_slope_ge35": 0.13550135501355012, "annual_rain_mm": 6175.9500243961811, "max_1day_mm": 269.58023071289062, "rain_days_ge50": 45, "rain_days_ge100": 18, "rain_days_ge150": 3, "wet_days_ge1": 138, "imd_lat": 18.0, "imd_lon": 73.5, "years_available": 30, "clim_mean_annual_mm": 4915.4247316318251, "clim_median_annual_mm": 4937.4113233983517, "clim_std_annual_mm": 1376.7205637036618, "clim_min_annual_mm": 1081.3000047206879, "clim_max_annual_mm": 8379.3208775818348, "clim_mean_days_ge50": 31.133333333333333, "clim_mean_days_ge100": 13.333333333333334, "clim_mean_days_ge150": 5.1333333333333337, "hist_max_1day_mm": 465.6016845703125, "annual_cv_pct": 28.008170989663743, "rain_2024_anomaly_mm": 1260.525292764356, "rain_2024_anomaly_pct": 25.644280231830262, "dist_river_m": 903.89630891696504, "nearest_river": "Ghod Nala", "nearest_river_uid": "8697", "river_within_250m": false, "river_within_500m": false, "river_within_1km": true, "river_within_2km": true, "dem_drain_min_m": 0.0, "dem_drain_mean_m": 247.87190040650407, "dem_drain_p10_m": 30.321474075317383, "pct_area_drain_100m": 26.693766937669377, "pct_area_drain_250m": 56.693766937669373, "pct_area_drain_500m": 88.888888888888886, "f_elevation": 0.79580031668410012, "f_flatness": 0.48759081423319628, "f_river_proximity": 0.91319035249512004, "f_drain_proximity": 0.98223538105591357, "f_drain_area": 0.91326463321255902, "f_clim_rain": 1.0, "f_extreme_rain": 0.75494031575305309, "diagnostic_mean": 0.83528883049056313, "terrain_component": 0.64169556545864825, "drainage_component": 0.94775000713423629, "river_component": 0.91319035249512004, "rainfall_component": 0.87747015787652649, "flood_susceptibility": 0.84502652074113271, "flood_susceptibility_100": 84.502652074113271, "susceptibility_class": "Very High", "susceptibility_percentile": 99.025641025641022, "population_hab": 444.0, "households": 90.0, "population_exposure": 375.19177520906294, "household_exposure": 76.052386866701937, "population_exposure_percentile": 57.487179487179482, "household_exposure_percentile": 51.794871794871803, "exposure_percentile": 57.487179487179482, "exposure_class": "Moderate", "v_remoteness": 0.29411764705882354, "v_water_service": 0.66666666666666674, "v_household_size": 0.8620962065640233, "vulnerability_data_complete": true, "vulnerability_diagnostic": 0.60762684009650458, "vulnerability_feature_count": 3, "vulnerability_completeness_pct": 100.0, "vulnerability_score": 0.56650444379786857, "vulnerability_100": 56.650444379786855, "vulnerability_percentile": 60.398706896551722, "vulnerability_class": "High", "flood_priority_score": 0.58924963336056602, "flood_priority_100": 58.924963336056599, "priority_status": "Eligible", "priority_percentile": 74.838362068965509, "priority_class": "High", "priority_reason": "high physical flood susceptibility", "ls_mean": 48.098499298095703, "ls_median": 47.385459899902344, "ls_p90": 83.944976806640625, "ls_max": 93.3731689453125, "ls_pct_ge40": 58.455284552845534, "ls_pct_ge60": 37.154471544715442, "ls_pct_ge80": 16.558265582655824, "ls_valid_pixels": 3690, "landslide_percentile": 86.512820512820511, "landslide_class": "Very High", "multihazard_susceptibility": 0.92558022387139827, "multihazard_susceptibility_100": 92.558022387139829, "dominant_hazard": "Flood-dominant", "multihazard_priority": 0.73851053314222403, "multihazard_priority_100_hab": 73.851053314222398, "multihazard_priority_percentile": 98.760775862068968, "multihazard_priority_class": "Very High", "village": "Bhivghar", "subdistric": "Mahad", "population": 444.0, "multihazard_priority_100": 73.851053314222398, "recommendation_rank": 1, "recommendation_status": "Strong Candidate", "patch_id": 4165, "area_ha": 49.371339690821166, "required_area_ha": 4.44, "estimated_capacity_people": 4937.133969082116, "capacity_ratio": 11.119671101536298, "distance_km": 10.429334861384714, "site_flood": 43.629325866699219, "site_landslide": 15.431212425231934, "site_slope_deg": 2.1298568248748779, "site_road_dist_m": 1340.3326416015625, "final_feasibility_score": 76.371643697658271, "recommendation_reason": "49.4 ha available; capacity ratio 11.1x; 10.4 km from habitation; flood score 43.6; landslide score 15.4; mean slope 2.1°" }, "geometry": { "type": "MultiPolygon", "coordinates": [ [ [ [ 73.512085857016629, 18.09063287898293 ], [ 73.51516818489273, 18.088755247425599 ], [ 73.516641850410593, 18.088389665963909 ], [ 73.518718655597013, 18.086698361709651 ], [ 73.519562677850743, 18.08522330450252 ], [ 73.520885222115638, 18.082909545857174 ], [ 73.522613759847076, 18.080827516013777 ], [ 73.523936986267728, 18.079094120981942 ], [ 73.524350481469128, 18.07855211477202 ], [ 73.525185241387106, 18.076073761947971 ], [ 73.525614891234866, 18.074546277989796 ], [ 73.526805359271989, 18.072257813302784 ], [ 73.52797934255787, 18.070350278368558 ], [ 73.528044820341307, 18.068814731880526 ], [ 73.528292213751698, 18.067279788046825 ], [ 73.528216459873633, 18.064779058391018 ], [ 73.528087762128322, 18.063766233517615 ], [ 73.526958740335189, 18.064384326745454 ], [ 73.525866778061371, 18.064376262235122 ], [ 73.524418934276753, 18.064174008462373 ], [ 73.522615206772997, 18.063778342880067 ], [ 73.520588681062534, 18.06434368856695 ], [ 73.517776684175644, 18.066249350868375 ], [ 73.51392636111369, 18.068816506255072 ], [ 73.513502267023156, 18.070107303243983 ], [ 73.513161899606018, 18.071142613065199 ], [ 73.512156459214353, 18.073075460552559 ], [ 73.511533637022296, 18.073546824979356 ], [ 73.511624111173674, 18.073876543666746 ], [ 73.512419223531992, 18.076552587582643 ], [ 73.512643194533723, 18.07979478855431 ], [ 73.511939214675081, 18.083406010740774 ], [ 73.511284260123617, 18.085871256100035 ], [ 73.509369142962612, 18.087942264593718 ], [ 73.508788415277436, 18.08869543579647 ], [ 73.508496557787751, 18.091155416181842 ], [ 73.509074851781563, 18.093277177796967 ], [ 73.51179612537689, 18.090809069606301 ], [ 73.512085857016629, 18.09063287898293 ] ] ] ] } },
{ "type": "Feature", "properties": { "id": 3810, "objectid_1": 3810.0, "objectid": 66653.0, "village_hab": "Kondiwate", "vlcode": "555066", "gram_panch": null, "gram_pan_1": null, "block": "Mahad", "bkcode": "236", "subdistric_hab": "Mahad", "sdcode": "4185", "sub_distri": "Mahad", "district": "Raigad", "dtcode": "491", "district_h": "ALIBAG", "state": "MH", "stcode": "27", "uqcode": null, "country": "India", "total_urba": "Rural", "total_hous": 195.0, "total_popu": 1078.0, "avg_househ": 5.52820513, "total_geog": 237.0, "total_male": 558.0, "total_fema": 520.0, "tapwater_t": "Available", "tapwater_u": "Not Available", "covered_we": "Not Available", "covered__1": "Not Available", "covered__2": "Not Available", "uncovered_": "Available", "uncovere_1": "Available", "uncovere_2": "Available", "handpump_s": "Available", "hand_pump_": "Available", "hand_pum_1": "Available", "tubewell_b": "Available", "tube_wells": "Available", "tube_wel_1": "Available", "spring_sta": "Not Available", "spring_fun": "Not Available", "spring_f_1": "Not Available", "river_cana": "Available", "tank_pond_": "Not Available", "others_sta": "Not Available", "closed_dra": "Not Available", "open_drain": "Available", "village_pi": "Available", "forest_are": 0.0, "area_under": 3.0, "barren_unc": 46.0, "permanent_": 5.0, "land_under": 2.0, "culturable": 60.0, "fallows_la": 0.0, "current_fa": 17.0, "net_area_s": 104.0, "total_unir": 4.0, "area_irrig": 101.0, "canals_are": 0.0, "wells_tube": 0.0, "tanks_lake": 0.0, "waterfall_": 0.0, "other_sour": 3.0, "nearest_to": "MAHAD", "nearest__1": 6.0, "shape_leng": 7172.8671255811305, "shape_le_1": 7172.8671255811305, "shape_area": 2105880.9719745372, "ds_name": "Administrative Boundary", "src_agency": "Survey of India (SOI)", "state_name": "Maharashtra\n", "source_district": "Raigad", "source_dtcode": "491", "source_subdistrict": "Mahad", "source_sdcode": "4185", "verified_subdistrict": "MAHAD", "verified_sdcode": "4185", "subdistrict_name_match": true, "subdistrict_code_match": true, "admin_mismatch": false, "record_type": "habitation", "is_habitation": true, "review_status": "accepted", "raksha_id": "RAI-0543", "elev_min_m": 8.3774576187133789, "elev_max_m": 242.01994323730469, "elev_mean_m": 44.344266857506362, "elev_p10_m": 10.227654457092285, "elev_p90_m": 155.13417053222656, "slope_mean_deg": 6.965687784934266, "slope_max_deg": 40.893634796142578, "slope_p90_deg": 22.954204559326172, "pct_slope_ge15": 20.525869380831214, "pct_slope_ge25": 8.3121289228159458, "pct_slope_ge35": 1.1450381679389312, "annual_rain_mm": 6175.9500243961811, "max_1day_mm": 269.58023071289062, "rain_days_ge50": 45, "rain_days_ge100": 18, "rain_days_ge150": 3, "wet_days_ge1": 138, "imd_lat": 18.0, "imd_lon": 73.5, "years_available": 30, "clim_mean_annual_mm": 4915.4247316318251, "clim_median_annual_mm": 4937.4113233983517, "clim_std_annual_mm": 1376.7205637036618, "clim_min_annual_mm": 1081.3000047206879, "clim_max_annual_mm": 8379.3208775818348, "clim_mean_days_ge50": 31.133333333333333, "clim_mean_days_ge100": 13.333333333333334, "clim_mean_days_ge150": 5.1333333333333337, "hist_max_1day_mm": 465.6016845703125, "annual_cv_pct": 28.008170989663743, "rain_2024_anomaly_mm": 1260.525292764356, "rain_2024_anomaly_pct": 25.644280231830262, "dist_river_m": 912.87541574108377, "nearest_river": "Savitri", "nearest_river_uid": "8975", "river_within_250m": false, "river_within_500m": false, "river_within_1km": true, "river_within_2km": true, "dem_drain_min_m": 151.60737609863281, "dem_drain_mean_m": 890.73685326547923, "dem_drain_p10_m": 421.2393798828125, "pct_area_drain_100m": 0.0, "pct_area_drain_250m": 1.9083969465648856, "pct_area_drain_500m": 15.012722646310433, "f_elevation": 0.8425851472402448, "f_flatness": 0.61745571864132676, "f_river_proximity": 0.91210506031463667, "f_drain_proximity": 0.57062272187285745, "f_drain_area": 0.030741852792119224, "f_clim_rain": 1.0, "f_extreme_rain": 0.75494031575305309, "diagnostic_mean": 0.67549297380203399, "terrain_component": 0.73002043294078578, "drainage_component": 0.30068228733248836, "river_component": 0.91210506031463667, "rainfall_component": 0.87747015787652649, "flood_susceptibility": 0.70506948461610941, "flood_susceptibility_100": 70.506948461610946, "susceptibility_class": "Very High", "susceptibility_percentile": 86.615384615384613, "population_hab": 1078.0, "households": 195.0, "population_exposure": 760.06490441616597, "household_exposure": 137.48854950014135, "population_exposure_percentile": 83.025641025641022, "household_exposure_percentile": 76.102564102564102, "exposure_percentile": 83.025641025641022, "exposure_class": "Very High", "v_remoteness": 0.058823529411764705, "v_water_service": 0.66666666666666674, "v_household_size": 1.0, "vulnerability_data_complete": true, "vulnerability_diagnostic": 0.57516339869281052, "vulnerability_feature_count": 3, "vulnerability_completeness_pct": 100.0, "vulnerability_score": 0.50686274509803919, "vulnerability_100": 50.686274509803923, "vulnerability_percentile": 43.669181034482754, "vulnerability_class": "Moderate", "flood_priority_score": 0.60213468164960371, "flood_priority_100": 60.213468164960368, "priority_status": "Eligible", "priority_percentile": 76.670258620689651, "priority_class": "High", "priority_reason": "high physical flood susceptibility; high exposed population", "ls_mean": 44.0225830078125, "ls_median": 36.957191467285156, "ls_p90": 83.597991943359375, "ls_max": 94.256484985351562, "ls_pct_ge40": 44.656488549618324, "ls_pct_ge60": 31.255301102629346, "ls_pct_ge80": 18.150975402883802, "ls_valid_pixels": 2358, "landslide_percentile": 80.871794871794862, "landslide_class": "Very High", "multihazard_susceptibility": 0.83694334440014528, "multihazard_susceptibility_100": 83.694334440014529, "dominant_hazard": "Mixed", "multihazard_priority": 0.70989619962297024, "multihazard_priority_100_hab": 70.989619962297027, "multihazard_priority_percentile": 97.89870689655173, "multihazard_priority_class": "Very High", "village": "Kondiwate", "subdistric": "Mahad", "population": 1078.0, "multihazard_priority_100": 70.989619962297027, "recommendation_rank": 1, "recommendation_status": "Suitable Candidate", "patch_id": 4165, "area_ha": 49.371339690821166, "required_area_ha": 10.78, "estimated_capacity_people": 4937.133969082116, "capacity_ratio": 4.5799016410780293, "distance_km": 15.517845952818169, "site_flood": 43.629325866699219, "site_landslide": 15.431212425231934, "site_slope_deg": 2.1298568248748779, "site_road_dist_m": 1340.3326416015625, "final_feasibility_score": 71.791983715368175, "recommendation_reason": "49.4 ha available; capacity ratio 4.6x; 15.5 km from habitation; flood score 43.6; landslide score 15.4; mean slope 2.1°" }, "geometry": { "type": "MultiPolygon", "coordinates": [ [ [ [ 73.467472883987909, 18.080893385022794 ], [ 73.467607703091232, 18.077716159873628 ], [ 73.467135378221371, 18.075968383205048 ], [ 73.465574858203212, 18.07408773758166 ], [ 73.462008330460932, 18.072200783815539 ], [ 73.458582895828812, 18.07125334854674 ], [ 73.457400334584506, 18.070559422629554 ], [ 73.456670336881089, 18.072237097879459 ], [ 73.456589424252968, 18.074102636602976 ], [ 73.457048497286465, 18.076156124350408 ], [ 73.457508226216007, 18.078208866204118 ], [ 73.457460701060597, 18.079326083956605 ], [ 73.45699771670651, 18.079988148441313 ], [ 73.456683571167645, 18.08043717351557 ], [ 73.453708735579681, 18.081714682810723 ], [ 73.449835961983027, 18.082609109284149 ], [ 73.446513702265108, 18.083355293904535 ], [ 73.447851731256421, 18.084500370813181 ], [ 73.448855508702138, 18.086334375994419 ], [ 73.449254885283707, 18.088283479922431 ], [ 73.451014458763126, 18.091465495211992 ], [ 73.452757560241025, 18.091196531594139 ], [ 73.454366818515382, 18.090631430164443 ], [ 73.455705597348228, 18.08962305244378 ], [ 73.456930405458564, 18.087879203770882 ], [ 73.457705197029512, 18.086567909669188 ], [ 73.45861210575444, 18.085549957084709 ], [ 73.459506901049508, 18.084824463685724 ], [ 73.460984948423985, 18.083933010030972 ], [ 73.461862797615737, 18.083940958102545 ], [ 73.462601265204228, 18.083506238818405 ], [ 73.463352052615875, 18.082776796546526 ], [ 73.464835214512846, 18.081757862969056 ], [ 73.465705271916363, 18.081617373499416 ], [ 73.466587705432659, 18.081181781709258 ], [ 73.467472883987909, 18.080893385022794 ] ] ] ] } },
{ "type": "Feature", "properties": { "id": 3811, "objectid_1": 3811.0, "objectid": 66654.0, "village_hab": "Matwan", "vlcode": "555144", "gram_panch": null, "gram_pan_1": null, "block": "Poladpur", "bkcode": "237", "subdistric_hab": "Poladpur", "sdcode": "4186", "sub_distri": "Poladpur", "district": "Raigad", "dtcode": "491", "district_h": "ALIBAG", "state": "MH", "stcode": "27", "uqcode": null, "country": "India", "total_urba": "Rural", "total_hous": 183.0, "total_popu": 944.0, "avg_househ": 5.15846995, "total_geog": 408.0, "total_male": 492.0, "total_fema": 452.0, "tapwater_t": "Not Available", "tapwater_u": "Available", "covered_we": "Not Available", "covered__1": "Not Available", "covered__2": "Not Available", "uncovered_": "Available", "uncovere_1": "Available", "uncovere_2": "Available", "handpump_s": "Available", "hand_pump_": "Available", "hand_pum_1": "Available", "tubewell_b": "Not Available", "tube_wells": "Not Available", "tube_wel_1": "Not Available", "spring_sta": "Not Available", "spring_fun": "Not Available", "spring_f_1": "Not Available", "river_cana": "Available", "tank_pond_": "Available", "others_sta": "Not Available", "closed_dra": "Not Available", "open_drain": "Available", "village_pi": "Available", "forest_are": 49.0, "area_under": 20.0, "barren_unc": 90.0, "permanent_": 101.0, "land_under": 4.0, "culturable": 7.0, "fallows_la": 7.0, "current_fa": 5.0, "net_area_s": 125.0, "total_unir": 0.0, "area_irrig": 125.0, "canals_are": 0.0, "wells_tube": 0.0, "tanks_lake": 0.0, "waterfall_": 0.0, "other_sour": 0.0, "nearest_to": "MAHAD", "nearest__1": 12.0, "shape_leng": 7296.5659070739084, "shape_le_1": 7296.5659070739084, "shape_area": 2386996.1843048525, "ds_name": "Administrative Boundary", "src_agency": "Survey of India (SOI)", "state_name": "Maharashtra\n", "source_district": "Raigad", "source_dtcode": "491", "source_subdistrict": "Poladpur", "source_sdcode": "4186", "verified_subdistrict": "MAHAD", "verified_sdcode": "4185", "subdistrict_name_match": false, "subdistrict_code_match": false, "admin_mismatch": true, "record_type": "habitation", "is_habitation": true, "review_status": "admin_boundary_review", "raksha_id": "RAI-0544", "elev_min_m": 13.391759872436523, "elev_max_m": 210.72384643554688, "elev_mean_m": 129.23882589955022, "elev_p10_m": 23.013051986694336, "elev_p90_m": 205.10481262207031, "slope_mean_deg": 8.8854493651611701, "slope_max_deg": 33.942005157470703, "slope_p90_deg": 18.677326202392578, "pct_slope_ge15": 17.466266866566716, "pct_slope_ge25": 2.0239880059970012, "pct_slope_ge35": 0.0, "annual_rain_mm": 6175.9500243961811, "max_1day_mm": 269.58023071289062, "rain_days_ge50": 45, "rain_days_ge100": 18, "rain_days_ge150": 3, "wet_days_ge1": 138, "imd_lat": 18.0, "imd_lon": 73.5, "years_available": 30, "clim_mean_annual_mm": 4915.4247316318251, "clim_median_annual_mm": 4937.4113233983517, "clim_std_annual_mm": 1376.7205637036618, "clim_min_annual_mm": 1081.3000047206879, "clim_max_annual_mm": 8379.3208775818348, "clim_mean_days_ge50": 31.133333333333333, "clim_mean_days_ge100": 13.333333333333334, "clim_mean_days_ge150": 5.1333333333333337, "hist_max_1day_mm": 465.6016845703125, "annual_cv_pct": 28.008170989663743, "rain_2024_anomaly_mm": 1260.525292764356, "rain_2024_anomaly_pct": 25.644280231830262, "dist_river_m": 918.13964819195621, "nearest_river": "Dhavli", "nearest_river_uid": "9032", "river_within_250m": false, "river_within_500m": false, "river_within_1km": true, "river_within_2km": true, "dem_drain_min_m": 575.30950927734375, "dem_drain_mean_m": 1300.741191904048, "dem_drain_p10_m": 900.3486328125, "pct_area_drain_100m": 0.0, "pct_area_drain_250m": 0.0, "pct_area_drain_500m": 0.0, "f_elevation": 0.52469368195062138, "f_flatness": 0.50133517449983656, "f_river_proximity": 0.91146877984408559, "f_drain_proximity": 0.30810572611335618, "f_drain_area": 0.0, "f_clim_rain": 1.0, "f_extreme_rain": 0.75494031575305309, "diagnostic_mean": 0.57150623973727899, "terrain_component": 0.51301442822522891, "drainage_component": 0.15405286305667809, "river_component": 0.91146877984408559, "rainfall_component": 0.87747015787652649, "flood_susceptibility": 0.61400155725062977, "flood_susceptibility_100": 61.40015572506298, "susceptibility_class": "High", "susceptibility_percentile": 70.0, "population_hab": 944.0, "households": 183.0, "population_exposure": 579.61747004459448, "household_exposure": 112.36228497686525, "population_exposure_percentile": 74.461538461538453, "household_exposure_percentile": 68.15384615384616, "exposure_percentile": 74.461538461538453, "exposure_class": "High", "v_remoteness": 0.23529411764705882, "v_water_service": 0.66666666666666674, "v_household_size": 0.96519080430637683, "vulnerability_data_complete": true, "vulnerability_diagnostic": 0.62238386287336744, "vulnerability_feature_count": 3, "vulnerability_completeness_pct": 100.0, "vulnerability_score": 0.56874868146875102, "vulnerability_100": 56.874868146875102, "vulnerability_percentile": 61.530172413793103, "vulnerability_class": "High", "flood_priority_score": 0.67687748520206725, "flood_priority_100": 67.687748520206725, "priority_status": "Eligible", "priority_percentile": 86.637931034482762, "priority_class": "Very High", "priority_reason": "combined exposure and vulnerability", "ls_mean": 53.552841186523438, "ls_median": 55.134117126464844, "ls_p90": 76.68218994140625, "ls_max": 90.999214172363281, "ls_pct_ge40": 78.860569715142432, "ls_pct_ge60": 38.793103448275865, "ls_pct_ge80": 6.1469265367316339, "ls_valid_pixels": 2668, "landslide_percentile": 90.871794871794876, "landslide_class": "Very High", "multihazard_susceptibility": 0.79756038273134156, "multihazard_susceptibility_100": 79.756038273134152, "dominant_hazard": "Landslide-dominant", "multihazard_priority": 0.73474530700099661, "multihazard_priority_100_hab": 73.474530700099663, "multihazard_priority_percentile": 98.653017241379317, "multihazard_priority_class": "Very High", "village": "Matwan", "subdistric": "Poladpur", "population": 944.0, "multihazard_priority_100": 73.474530700099663, "recommendation_rank": 1, "recommendation_status": "Strong Candidate", "patch_id": 4165, "area_ha": 49.371339690821166, "required_area_ha": 9.44, "estimated_capacity_people": 4937.133969082116, "capacity_ratio": 5.2300147977564784, "distance_km": 12.371855162297246, "site_flood": 43.629325866699219, "site_landslide": 15.431212425231934, "site_slope_deg": 2.1298568248748779, "site_road_dist_m": 1340.3326416015625, "final_feasibility_score": 74.623375426837001, "recommendation_reason": "49.4 ha available; capacity ratio 5.2x; 12.4 km from habitation; flood score 43.6; landslide score 15.4; mean slope 2.1°" }, "geometry": { "type": "MultiPolygon", "coordinates": [ [ [ [ 73.513502267023156, 18.070107303243983 ], [ 73.508809017823538, 18.069782583231145 ], [ 73.503486013487915, 18.070690257566216 ], [ 73.499153346648441, 18.071862177318948 ], [ 73.496499830434175, 18.072172339843124 ], [ 73.495255825734432, 18.074475129419646 ], [ 73.49380971345245, 18.075780147319364 ], [ 73.492261612529148, 18.076559012298631 ], [ 73.489040122453218, 18.0776976779531 ], [ 73.489094690051999, 18.078064879222808 ], [ 73.488782419538694, 18.079157354710485 ], [ 73.488308700601394, 18.080930983448891 ], [ 73.4882434231193, 18.082432480169928 ], [ 73.488574299153441, 18.083936007722134 ], [ 73.489019815675491, 18.085848926100294 ], [ 73.48949478847824, 18.087079903091151 ], [ 73.489981467771003, 18.088038325044661 ], [ 73.49101283477367, 18.088593387165485 ], [ 73.49275603531359, 18.087928472377708 ], [ 73.493886926230203, 18.087089742388436 ], [ 73.494391967671262, 18.086714930136448 ], [ 73.496173399008796, 18.085226364176485 ], [ 73.498353213244272, 18.083736868818903 ], [ 73.499748686348241, 18.082100690156338 ], [ 73.501143880987698, 18.0804617776325 ], [ 73.502790059634762, 18.079096797805743 ], [ 73.503430015995434, 18.078669187246042 ], [ 73.504423093422091, 18.078005009949646 ], [ 73.506217480896552, 18.076223451793012 ], [ 73.507434878234704, 18.07553989789163 ], [ 73.509185256870481, 18.074720160257826 ], [ 73.511066574042076, 18.073900074715322 ], [ 73.511533637022296, 18.073546824979356 ], [ 73.512156459214353, 18.073075460552559 ], [ 73.513161899606018, 18.071142613065199 ], [ 73.513502267023156, 18.070107303243983 ] ] ] ] } },
{ "type": "Feature", "properties": { "id": 3812, "objectid_1": 3812.0, "objectid": 66655.0, "village_hab": "Rupavali", "vlcode": "555037", "gram_panch": null, "gram_pan_1": null, "block": "Mahad", "bkcode": "236", "subdistric_hab": "Mahad", "sdcode": "4185", "sub_distri": "Mahad", "district": "Raigad", "dtcode": "491", "district_h": "ALIBAG", "state": "MH", "stcode": "27", "uqcode": null, "country": "India", "total_urba": "Rural", "total_hous": 195.0, "total_popu": 812.0, "avg_househ": 4.16410256, "total_geog": 876.0, "total_male": 406.0, "total_fema": 406.0, "tapwater_t": "Not Available", "tapwater_u": "Not Available", "covered_we": "Not Available", "covered__1": "Not Available", "covered__2": "Not Available", "uncovered_": "Available", "uncovere_1": "Available", "uncovere_2": "Available", "handpump_s": "Not Available", "hand_pump_": "Not Available", "hand_pum_1": "Not Available", "tubewell_b": "Not Available", "tube_wells": "Not Available", "tube_wel_1": "Not Available", "spring_sta": "Not Available", "spring_fun": "Not Available", "spring_f_1": "Not Available", "river_cana": "Not Available", "tank_pond_": "Available", "others_sta": "Not Available", "closed_dra": "Not Available", "open_drain": "Not Available", "village_pi": "Available", "forest_are": 47.0, "area_under": 3.0, "barren_unc": 0.0, "permanent_": 0.0, "land_under": 0.0, "culturable": 0.0, "fallows_la": 0.0, "current_fa": 208.0, "net_area_s": 618.0, "total_unir": 4.0, "area_irrig": 614.0, "canals_are": 0.0, "wells_tube": 4.0, "tanks_lake": 0.0, "waterfall_": 0.0, "other_sour": 0.0, "nearest_to": "MAHAD", "nearest__1": 21.0, "shape_leng": 12512.121763072111, "shape_le_1": 12512.121763072111, "shape_area": 7831626.4804038946, "ds_name": "Administrative Boundary", "src_agency": "Survey of India (SOI)", "state_name": "Maharashtra\n", "source_district": "Raigad", "source_dtcode": "491", "source_subdistrict": "Mahad", "source_sdcode": "4185", "verified_subdistrict": "MAHAD", "verified_sdcode": "4185", "subdistrict_name_match": true, "subdistrict_code_match": true, "admin_mismatch": false, "record_type": "habitation", "is_habitation": true, "review_status": "accepted", "raksha_id": "RAI-0545", "elev_min_m": 42.654727935791016, "elev_max_m": 765.95916748046875, "elev_mean_m": 244.95775852240337, "elev_p10_m": 82.021827697753906, "elev_p90_m": 479.093505859375, "slope_mean_deg": 16.200515192110363, "slope_max_deg": 56.377834320068359, "slope_p90_deg": 31.469184875488281, "pct_slope_ge15": 46.938775510204081, "pct_slope_ge25": 20.613385018811993, "pct_slope_ge35": 6.4644852354349567, "annual_rain_mm": 6175.9500243961811, "max_1day_mm": 269.58023071289062, "rain_days_ge50": 45, "rain_days_ge100": 18, "rain_days_ge150": 3, "wet_days_ge1": 138, "imd_lat": 18.0, "imd_lon": 73.5, "years_available": 30, "clim_mean_annual_mm": 4915.4247316318251, "clim_median_annual_mm": 4937.4113233983517, "clim_std_annual_mm": 1376.7205637036618, "clim_min_annual_mm": 1081.3000047206879, "clim_max_annual_mm": 8379.3208775818348, "clim_mean_days_ge50": 31.133333333333333, "clim_mean_days_ge100": 13.333333333333334, "clim_mean_days_ge150": 5.1333333333333337, "hist_max_1day_mm": 465.6016845703125, "annual_cv_pct": 28.008170989663743, "rain_2024_anomaly_mm": 1260.525292764356, "rain_2024_anomaly_pct": 25.644280231830262, "dist_river_m": 919.36134716521281, "nearest_river": "Jansai N", "nearest_river_uid": "9014", "river_within_250m": false, "river_within_500m": false, "river_within_1km": true, "river_within_2km": true, "dem_drain_min_m": 0.0, "dem_drain_mean_m": 955.34283434044005, "dem_drain_p10_m": 128.64312744140625, "pct_area_drain_100m": 7.6958157564701857, "pct_area_drain_250m": 18.595371109337588, "pct_area_drain_500m": 32.128605632197008, "f_elevation": 0.091378974055009721, "f_flatness": 0.058869071935286676, "f_river_proximity": 0.91132111478468136, "f_drain_proximity": 0.52925689604718285, "f_drain_area": 0.29954782849923545, "f_clim_rain": 1.0, "f_extreme_rain": 0.75494031575305309, "diagnostic_mean": 0.5207591715820642, "terrain_component": 0.075124022995148199, "drainage_component": 0.41440236227320915, "river_component": 0.91132111478468136, "rainfall_component": 0.87747015787652649, "flood_susceptibility": 0.56957941448239136, "flood_susceptibility_100": 56.957941448239133, "susceptibility_class": "Moderate", "susceptibility_percentile": 58.358974358974358, "population_hab": 812.0, "households": 195.0, "population_exposure": 462.49848455970181, "household_exposure": 111.06798582406631, "population_exposure_percentile": 65.794871794871796, "household_exposure_percentile": 67.84615384615384, "exposure_percentile": 65.794871794871796, "exposure_class": "High", "v_remoteness": 0.5, "v_water_service": 1.0, "v_household_size": 0.50984992693083619, "vulnerability_data_complete": true, "vulnerability_diagnostic": 0.66994997564361203, "vulnerability_feature_count": 3, "vulnerability_completeness_pct": 100.0, "vulnerability_score": 0.67746248173270907, "vulnerability_100": 67.746248173270914, "vulnerability_percentile": 83.243534482758619, "vulnerability_class": "Very High", "flood_priority_score": 0.74006740767615853, "flood_priority_100": 74.006740767615852, "priority_status": "Eligible", "priority_percentile": 91.756465517241381, "priority_class": "Very High", "priority_reason": "high coping vulnerability", "ls_mean": 65.513664245605469, "ls_median": 67.230400085449219, "ls_p90": 90.565139770507812, "ls_max": 98.8585205078125, "ls_pct_ge40": 89.317067609166571, "ls_pct_ge60": 61.520921217649075, "ls_pct_ge80": 30.578041272374872, "ls_valid_pixels": 8771, "landslide_percentile": 95.692307692307693, "landslide_class": "Very High", "multihazard_susceptibility": 0.74729545234575523, "multihazard_susceptibility_100": 74.729545234575525, "dominant_hazard": "Landslide-dominant", "multihazard_priority": 0.7436726485394668, "multihazard_priority_100_hab": 74.367264853946679, "multihazard_priority_percentile": 98.97629310344827, "multihazard_priority_class": "Very High", "village": "Rupavali", "subdistric": "Mahad", "population": 812.0, "multihazard_priority_100": 74.367264853946679, "recommendation_rank": 1, "recommendation_status": "Strong Candidate", "patch_id": 4165, "area_ha": 49.371339690821166, "required_area_ha": 8.12, "estimated_capacity_people": 4937.133969082116, "capacity_ratio": 6.0802142476380743, "distance_km": 8.675823065006135, "site_flood": 43.629325866699219, "site_landslide": 15.431212425231934, "site_slope_deg": 2.1298568248748779, "site_road_dist_m": 1340.3326416015625, "final_feasibility_score": 77.949804314399003, "recommendation_reason": "49.4 ha available; capacity ratio 6.1x; 8.7 km from habitation; flood score 43.6; landslide score 15.4; mean slope 2.1°" }, "geometry": { "type": "MultiPolygon", "coordinates": [ [ [ [ 73.544904371363685, 18.083141295911318 ], [ 73.546757870029197, 18.082412412924956 ], [ 73.548388166228378, 18.08263879525364 ], [ 73.550284323233512, 18.082835065171441 ], [ 73.550771580893255, 18.082308532230631 ], [ 73.552782772969977, 18.082164183039318 ], [ 73.55334558512186, 18.081793933119346 ], [ 73.553941425340099, 18.080656135801792 ], [ 73.555472502028493, 18.078964120876005 ], [ 73.558386555940046, 18.079040886480115 ], [ 73.56135051363853, 18.077969176617398 ], [ 73.564124504847072, 18.077088947612761 ], [ 73.566793667427575, 18.076707346743252 ], [ 73.567559727458573, 18.07383598349881 ], [ 73.567929696383828, 18.069394126860846 ], [ 73.567423018708794, 18.063940297096764 ], [ 73.567564455138253, 18.055559957149921 ], [ 73.567191563146594, 18.052161961341906 ], [ 73.564990947826843, 18.052794188828074 ], [ 73.563642003747304, 18.052536740840708 ], [ 73.563290927463044, 18.052469973039106 ], [ 73.560560242443046, 18.051559850610076 ], [ 73.557967289069751, 18.050517192570386 ], [ 73.557546591207611, 18.050292096541121 ], [ 73.553501751889272, 18.052124676912626 ], [ 73.549233468701601, 18.054195441024422 ], [ 73.546473482681364, 18.055534781253101 ], [ 73.546692876416429, 18.058426731625584 ], [ 73.545969050639073, 18.062675401825839 ], [ 73.543788037061915, 18.066890918806756 ], [ 73.541340056923076, 18.068781230127257 ], [ 73.540544351004385, 18.068967786006535 ], [ 73.54074503467136, 18.069927998370463 ], [ 73.541583393449969, 18.075903187254898 ], [ 73.541030291596627, 18.080306958226487 ], [ 73.539069944537729, 18.083528726615949 ], [ 73.538199192841617, 18.08406187492994 ], [ 73.538553167378538, 18.088795346081501 ], [ 73.541090202310073, 18.087085758239123 ], [ 73.542389169269029, 18.086536949996336 ], [ 73.543547511610996, 18.085029224870127 ], [ 73.544904371363685, 18.083141295911318 ] ] ] ] } },
{ "type": "Feature", "properties": { "id": 8280, "objectid_1": 8280.0, "objectid": 71123.0, "village_hab": "Varchiwadi", "vlcode": "554554", "gram_panch": null, "gram_pan_1": null, "block": "Mangaon", "bkcode": "232", "subdistric_hab": "Mangaon", "sdcode": "4181", "sub_distri": "Mangaon", "district": "Raigad", "dtcode": "491", "district_h": "ALIBAG", "state": "MH", "stcode": "27", "uqcode": null, "country": "India", "total_urba": "Rural", "total_hous": 193.0, "total_popu": 898.0, "avg_househ": 4.65284974, "total_geog": 449.0, "total_male": 424.0, "total_fema": 474.0, "tapwater_t": "Available", "tapwater_u": "Not Available", "covered_we": "Not Available", "covered__1": "Not Available", "covered__2": "Not Available", "uncovered_": "Available", "uncovere_1": "Available", "uncovere_2": "Available", "handpump_s": "Available", "hand_pump_": "Available", "hand_pum_1": "Available", "tubewell_b": "Not Available", "tube_wells": "Not Available", "tube_wel_1": "Not Available", "spring_sta": "Not Available", "spring_fun": "Not Available", "spring_f_1": "Not Available", "river_cana": "Available", "tank_pond_": "Available", "others_sta": "Not Available", "closed_dra": "Not Available", "open_drain": "Available", "village_pi": "Available", "forest_are": 24.0, "area_under": 59.0, "barren_unc": 190.0, "permanent_": 0.0, "land_under": 91.0, "culturable": 7.0, "fallows_la": 11.0, "current_fa": 3.0, "net_area_s": 64.0, "total_unir": 0.0, "area_irrig": 64.0, "canals_are": 0.0, "wells_tube": 0.0, "tanks_lake": 0.0, "waterfall_": 0.0, "other_sour": 0.0, "nearest_to": "ROHA ASHTAMI", "nearest__1": 34.0, "shape_leng": 9861.4843146633957, "shape_le_1": 9861.4843146633957, "shape_area": 4162341.7423050385, "ds_name": "Administrative Boundary", "src_agency": "Survey of India (SOI)", "state_name": "Maharashtra\n", "source_district": "Raigad", "source_dtcode": "491", "source_subdistrict": "Mangaon", "source_sdcode": "4181", "verified_subdistrict": "MANGAON", "verified_sdcode": "4181", "subdistrict_name_match": true, "subdistrict_code_match": true, "admin_mismatch": false, "record_type": "habitation", "is_habitation": true, "review_status": "accepted", "raksha_id": "RAI-1054", "elev_min_m": 65.687934875488281, "elev_max_m": 135.88433837890625, "elev_mean_m": 79.762577856529205, "elev_p10_m": 70.607078552246094, "elev_p90_m": 89.88995361328125, "slope_mean_deg": 3.4939485005906357, "slope_max_deg": 21.343891143798828, "slope_p90_deg": 7.1253705024719238, "pct_slope_ge15": 1.3101374570446735, "pct_slope_ge25": 0.0, "pct_slope_ge35": 0.0, "annual_rain_mm": 4128.1061298698187, "max_1day_mm": 198.35977172851562, "rain_days_ge50": 28, "rain_days_ge100": 9, "rain_days_ge150": 2, "wet_days_ge1": 124, "imd_lat": 18.5, "imd_lon": 73.25, "years_available": 30, "clim_mean_annual_mm": 3896.1451984201249, "clim_median_annual_mm": 3785.6424488574266, "clim_std_annual_mm": 923.17922358567807, "clim_min_annual_mm": 1675.6667126491666, "clim_max_annual_mm": 6012.8244500756264, "clim_mean_days_ge50": 24.933333333333334, "clim_mean_days_ge100": 8.0666666666666664, "clim_mean_days_ge150": 3.0, "hist_max_1day_mm": 368.4234619140625, "annual_cv_pct": 23.69468221974952, "rain_2024_anomaly_mm": 231.96093144969382, "rain_2024_anomaly_pct": 5.953600793516455, "dist_river_m": 2058.820855832621, "nearest_river": "Kal", "nearest_river_uid": "8979", "river_within_250m": false, "river_within_500m": false, "river_within_1km": false, "river_within_2km": false, "dem_drain_min_m": 0.0, "dem_drain_mean_m": 610.17074742268039, "dem_drain_p10_m": 90.964424133300781, "pct_area_drain_100m": 10.652920962199312, "pct_area_drain_250m": 24.140893470790378, "pct_area_drain_500m": 48.496563573883158, "f_elevation": 0.70995970093824012, "f_flatness": 0.82745067789440285, "f_river_proximity": 0.77359622533215655, "f_drain_proximity": 0.75026318973317796, "f_drain_area": 0.38887915571501741, "f_clim_rain": 0.47774294078396123, "f_extreme_rain": 0.32987613569863355, "diagnostic_mean": 0.60825257515651276, "terrain_component": 0.76870518941632149, "drainage_component": 0.56957117272409774, "river_component": 0.77359622533215655, "rainfall_component": 0.40380953824129739, "flood_susceptibility": 0.62892053142846827, "flood_susceptibility_100": 62.892053142846827, "susceptibility_class": "High", "susceptibility_percentile": 73.128205128205124, "population_hab": 898.0, "households": 193.0, "population_exposure": 564.77063722276455, "household_exposure": 121.38166256569437, "population_exposure_percentile": 73.333333333333329, "household_exposure_percentile": 71.641025641025649, "exposure_percentile": 73.333333333333329, "exposure_class": "High", "v_remoteness": 0.88235294117647056, "v_water_service": 0.66666666666666674, "v_household_size": 0.73365711529410393, "vulnerability_data_complete": true, "vulnerability_diagnostic": 0.76089224104574704, "vulnerability_feature_count": 3, "vulnerability_completeness_pct": 100.0, "vulnerability_score": 0.76968878862744761, "vulnerability_100": 76.968878862744759, "vulnerability_percentile": 94.827586206896555, "vulnerability_class": "Very High", "flood_priority_score": 0.83390784793679373, "flood_priority_100": 83.390784793679373, "priority_status": "Eligible", "priority_percentile": 97.521551724137936, "priority_class": "Very High", "priority_reason": "high coping vulnerability", "ls_mean": 38.533042907714844, "ls_median": 36.093490600585938, "ls_p90": 65.599990844726562, "ls_max": 94.783523559570312, "ls_pct_ge40": 41.000859106529205, "ls_pct_ge60": 13.359106529209622, "ls_pct_ge80": 5.3908934707903784, "ls_valid_pixels": 4656, "landslide_percentile": 69.384615384615387, "landslide_class": "High", "multihazard_susceptibility": 0.71231821446512034, "multihazard_susceptibility_100": 71.231821446512029, "dominant_hazard": "Mixed", "multihazard_priority": 0.77071898203611677, "multihazard_priority_100_hab": 77.071898203611681, "multihazard_priority_percentile": 99.46120689655173, "multihazard_priority_class": "Very High", "village": "Varchiwadi", "subdistric": "Mangaon", "population": 898.0, "multihazard_priority_100": 77.071898203611681, "recommendation_rank": 1, "recommendation_status": "Strong Candidate", "patch_id": 3588, "area_ha": 47.716434449771562, "required_area_ha": 8.98, "estimated_capacity_people": 4771.6434449771568, "capacity_ratio": 5.3136341258097524, "distance_km": 3.2049082300611733, "site_flood": 39.505401611328125, "site_landslide": 11.250994682312012, "site_slope_deg": 2.4479162693023682, "site_road_dist_m": 1125.5762939453125, "final_feasibility_score": 83.857847670632552, "recommendation_reason": "47.7 ha available; capacity ratio 5.3x; 3.2 km from habitation; flood score 39.5; landslide score 11.3; mean slope 2.4°" }, "geometry": { "type": "MultiPolygon", "coordinates": [ [ [ [ 73.370629504410914, 18.414378008845262 ], [ 73.37042665136461, 18.413434299920155 ], [ 73.369930906698727, 18.41182390979424 ], [ 73.369920050746245, 18.410891244230037 ], [ 73.370004033482019, 18.40987026830032 ], [ 73.370563919704011, 18.408779998892634 ], [ 73.370459763362504, 18.407842786120245 ], [ 73.370070290628476, 18.406891779619272 ], [ 73.368629010313811, 18.405610498259612 ], [ 73.367952745897696, 18.404647011997628 ], [ 73.366985808445392, 18.403205203564809 ], [ 73.364781052350835, 18.399855670283412 ], [ 73.362868264025366, 18.399692786676308 ], [ 73.360750722904967, 18.399007514354402 ], [ 73.359840573474969, 18.398453657755759 ], [ 73.359281212356038, 18.397341250110095 ], [ 73.358539078604537, 18.398479170990282 ], [ 73.358038387334389, 18.399427655126416 ], [ 73.357666713782862, 18.400686377368995 ], [ 73.357042986355196, 18.401993250212179 ], [ 73.356483252892559, 18.403303020986293 ], [ 73.356363986912086, 18.404269925746249 ], [ 73.356116611173832, 18.405169803544965 ], [ 73.355297892642824, 18.406771830387942 ], [ 73.354664410379243, 18.408079404121924 ], [ 73.353700546933965, 18.408702776564901 ], [ 73.352471197023377, 18.409010241102948 ], [ 73.34914735573409, 18.409222709956154 ], [ 73.34665467739741, 18.409537399653217 ], [ 73.345205024508616, 18.409900891974786 ], [ 73.344409344211726, 18.410720195612534 ], [ 73.343875703307674, 18.411612252780696 ], [ 73.343208393109862, 18.412499233384505 ], [ 73.342670435655634, 18.412814355392673 ], [ 73.343690011445986, 18.41297645399597 ], [ 73.344495748122242, 18.413475730694504 ], [ 73.34549805425948, 18.415286827438656 ], [ 73.346302330627566, 18.416624040632705 ], [ 73.347008540591602, 18.417398378905304 ], [ 73.34771612124888, 18.41780027369866 ], [ 73.348141681537882, 18.4178641196232 ], [ 73.34943427470796, 18.418058655467807 ], [ 73.351148027846875, 18.418225515422215 ], [ 73.35175314236173, 18.418717197551565 ], [ 73.352259053473432, 18.419483706883053 ], [ 73.352570314176901, 18.421358003944324 ], [ 73.352480592720497, 18.423494791144865 ], [ 73.352282772592986, 18.424417501363312 ], [ 73.35249038922035, 18.425357804787303 ], [ 73.353101272499003, 18.425756534781005 ], [ 73.354014367973065, 18.42598263111033 ], [ 73.354720991350078, 18.425921233176176 ], [ 73.355317839556861, 18.42520450382931 ], [ 73.35549870612455, 18.423352847920967 ], [ 73.355882682916814, 18.42188322020241 ], [ 73.356165354320211, 18.420409153310036 ], [ 73.356552130303044, 18.41949821080518 ], [ 73.35724245577758, 18.419345963875969 ], [ 73.35900654149367, 18.419155675740374 ], [ 73.360739958722988, 18.41859673404765 ], [ 73.362843867538658, 18.417873225890116 ], [ 73.366196658133518, 18.417682249476922 ], [ 73.368389811119229, 18.417428788412224 ], [ 73.369808355849912, 18.416759760916328 ], [ 73.370359887270254, 18.415483226847972 ], [ 73.370629504410914, 18.414378008845262 ] ] ] ] } },
{ "type": "Feature", "properties": { "id": 8297, "objectid_1": 8297.0, "objectid": 71140.0, "village_hab": "Warap", "vlcode": "553971", "gram_panch": null, "gram_pan_1": null, "block": "Pen", "bkcode": "227", "subdistric_hab": "Pen", "sdcode": "4176", "sub_distri": "Pen", "district": "Raigad", "dtcode": "491", "district_h": "ALIBAG", "state": "MH", "stcode": "27", "uqcode": null, "country": "India", "total_urba": "Rural", "total_hous": 224.0, "total_popu": 999.0, "avg_househ": 4.45982143, "total_geog": 572.0, "total_male": 492.0, "total_fema": 507.0, "tapwater_t": "Available", "tapwater_u": "Not Available", "covered_we": "Not Available", "covered__1": "Not Available", "covered__2": "Not Available", "uncovered_": "Available", "uncovere_1": "Available", "uncovere_2": "Available", "handpump_s": "Not Available", "hand_pump_": "Not Available", "hand_pum_1": "Not Available", "tubewell_b": "Not Available", "tube_wells": "Not Available", "tube_wel_1": "Not Available", "spring_sta": "Not Available", "spring_fun": "Not Available", "spring_f_1": "Not Available", "river_cana": "Available", "tank_pond_": "Not Available", "others_sta": "Not Available", "closed_dra": "Not Available", "open_drain": "Not Available", "village_pi": "Available", "forest_are": 262.0, "area_under": 2.0, "barren_unc": 0.0, "permanent_": 132.0, "land_under": 0.0, "culturable": 0.0, "fallows_la": 0.0, "current_fa": 0.0, "net_area_s": 177.0, "total_unir": 0.0, "area_irrig": 177.0, "canals_are": 0.0, "wells_tube": 0.0, "tanks_lake": 0.0, "waterfall_": 0.0, "other_sour": 0.0, "nearest_to": "PEN", "nearest__1": 25.0, "shape_leng": 11695.16921581504, "shape_le_1": 11695.16921581504, "shape_area": 5599985.209933456, "ds_name": "Administrative Boundary", "src_agency": "Survey of India (SOI)", "state_name": "Maharashtra\n", "source_district": "Raigad", "source_dtcode": "491", "source_subdistrict": "Pen", "source_sdcode": "4176", "verified_subdistrict": "PEN", "verified_sdcode": "4176", "subdistrict_name_match": true, "subdistrict_code_match": true, "admin_mismatch": false, "record_type": "habitation", "is_habitation": true, "review_status": "accepted", "raksha_id": "RAI-1071", "elev_min_m": 11.068199157714844, "elev_max_m": 253.91412353515625, "elev_mean_m": 70.99593018627607, "elev_p10_m": 20.315711975097656, "elev_p90_m": 128.8133544921875, "slope_mean_deg": 9.9390000597038686, "slope_max_deg": 35.383102416992188, "slope_p90_deg": 20.840547561645508, "pct_slope_ge15": 24.948256647030728, "pct_slope_ge25": 4.2986785543703236, "pct_slope_ge35": 0.031842063365706101, "annual_rain_mm": 4128.1061298698187, "max_1day_mm": 198.35977172851562, "rain_days_ge50": 28, "rain_days_ge100": 9, "rain_days_ge150": 2, "wet_days_ge1": 124, "imd_lat": 18.5, "imd_lon": 73.25, "years_available": 30, "clim_mean_annual_mm": 3896.1451984201249, "clim_median_annual_mm": 3785.6424488574266, "clim_std_annual_mm": 923.17922358567807, "clim_min_annual_mm": 1675.6667126491666, "clim_max_annual_mm": 6012.8244500756264, "clim_mean_days_ge50": 24.933333333333334, "clim_mean_days_ge100": 8.0666666666666664, "clim_mean_days_ge150": 3.0, "hist_max_1day_mm": 368.4234619140625, "annual_cv_pct": 23.69468221974952, "rain_2024_anomaly_mm": 231.96093144969382, "rain_2024_anomaly_pct": 5.953600793516455, "dist_river_m": 2104.15596309386, "nearest_river": "Savitri", "nearest_river_uid": "8975", "river_within_250m": false, "river_within_500m": false, "river_within_1km": false, "river_within_2km": false, "dem_drain_min_m": 0.0, "dem_drain_mean_m": 386.96927240885208, "dem_drain_p10_m": 60.642948150634766, "pct_area_drain_100m": 17.43352969272409, "pct_area_drain_250m": 38.879159369527144, "pct_area_drain_500m": 67.8872790956854, "f_elevation": 0.74278680440660794, "f_flatness": 0.43760909455792874, "f_river_proximity": 0.76811663383427653, "f_drain_proximity": 0.89317431322100072, "f_drain_area": 0.62629391446613747, "f_clim_rain": 0.47774294078396123, "f_extreme_rain": 0.32987613569863355, "diagnostic_mean": 0.61079997670979225, "terrain_component": 0.59019794948226834, "drainage_component": 0.75973411384356915, "river_component": 0.76811663383427653, "rainfall_component": 0.40380953824129739, "flood_susceptibility": 0.6304645588503528, "flood_susceptibility_100": 63.046455885035279, "susceptibility_class": "High", "susceptibility_percentile": 73.487179487179489, "population_hab": 999.0, "households": 224.0, "population_exposure": 629.83409429150242, "household_exposure": 141.22406118247903, "population_exposure_percentile": 77.384615384615387, "household_exposure_percentile": 77.179487179487182, "exposure_percentile": 77.384615384615387, "exposure_class": "High", "v_remoteness": 0.61764705882352944, "v_water_service": 0.66666666666666674, "v_household_size": 0.64526556010269986, "vulnerability_data_complete": true, "vulnerability_diagnostic": 0.64319309519763201, "vulnerability_feature_count": 3, "vulnerability_completeness_pct": 100.0, "vulnerability_score": 0.64170854688842005, "vulnerability_100": 64.170854688841999, "vulnerability_percentile": 76.724137931034491, "vulnerability_class": "High", "flood_priority_score": 0.77053668987980606, "flood_priority_100": 77.0536689879806, "priority_status": "Eligible", "priority_percentile": 94.181034482758619, "priority_class": "Very High", "priority_reason": "combined exposure and vulnerability", "ls_mean": 42.048107147216797, "ls_median": 41.606540679931641, "ls_p90": 69.866081237792969, "ls_max": 88.181480407714844, "ls_pct_ge40": 53.319535105874863, "ls_pct_ge60": 21.636682056997294, "ls_pct_ge80": 1.8468396752109535, "ls_valid_pixels": 6281, "landslide_percentile": 76.615384615384613, "landslide_class": "High", "multihazard_susceptibility": 0.75034981979807658, "multihazard_susceptibility_100": 75.034981979807654, "dominant_hazard": "Mixed", "multihazard_priority": 0.76037626633076794, "multihazard_priority_100_hab": 76.037626633076798, "multihazard_priority_percentile": 99.299568965517238, "multihazard_priority_class": "Very High", "village": "Warap", "subdistric": "Pen", "population": 999.0, "multihazard_priority_100": 76.037626633076798, "recommendation_rank": 1, "recommendation_status": "Weak Candidate", "patch_id": 3298, "area_ha": 12.595667667858589, "required_area_ha": 9.99, "estimated_capacity_people": 1259.5667667858588, "capacity_ratio": 1.2608275943802389, "distance_km": 24.240337982896619, "site_flood": 48.816169738769531, "site_landslide": 21.952732086181641, "site_slope_deg": 1.7800312042236328, "site_road_dist_m": 1722.1956787109375, "final_feasibility_score": 38.278046194140373, "recommendation_reason": "12.6 ha available; capacity ratio 1.3x; 24.2 km from habitation; flood score 48.8; landslide score 22.0; mean slope 1.8°" }, "geometry": { "type": "MultiPolygon", "coordinates": [ [ [ [ 73.127164823567952, 18.622298004358196 ], [ 73.127389926226257, 18.621244349463815 ], [ 73.127930388977902, 18.619811073978415 ], [ 73.128702833263276, 18.619060965137944 ], [ 73.129354168660797, 18.618035783244277 ], [ 73.130431469568492, 18.617038637507143 ], [ 73.131082772731716, 18.616013480972772 ], [ 73.131613146454413, 18.614713513893879 ], [ 73.132091288220735, 18.614077535467239 ], [ 73.132842835026466, 18.613592783429155 ], [ 73.133846735945539, 18.613524743365975 ], [ 73.135702095726984, 18.61351186771039 ], [ 73.137069051115787, 18.61426786519721 ], [ 73.137442639971937, 18.614959510815048 ], [ 73.138131407033825, 18.615271147178039 ], [ 73.139155990659177, 18.614936834075923 ], [ 73.140474633423111, 18.614487856769557 ], [ 73.141499001053347, 18.614153225331503 ], [ 73.142218813040728, 18.614065964458106 ], [ 73.14307008307604, 18.614120588156794 ], [ 73.144678499258561, 18.614123957418119 ], [ 73.14611523962067, 18.613993015039853 ], [ 73.146951846530882, 18.613934991738557 ], [ 73.148278760948045, 18.61368533793102 ], [ 73.149495933765067, 18.613317152297512 ], [ 73.150966749337414, 18.612742120911744 ], [ 73.151736620199969, 18.612011265389029 ], [ 73.152760192717935, 18.611073680546127 ], [ 73.153437728341672, 18.610002971408761 ], [ 73.154072036151234, 18.609486209571514 ], [ 73.154023095688984, 18.608592623465107 ], [ 73.155015280351648, 18.606540234298802 ], [ 73.15563330736947, 18.60471991846978 ], [ 73.155304785291136, 18.604699415785703 ], [ 73.154794518775205, 18.604259183542592 ], [ 73.154316355240042, 18.603412666818866 ], [ 73.152766052368264, 18.600968605335755 ], [ 73.151862656004027, 18.599993952888774 ], [ 73.150842884551892, 18.599114155782367 ], [ 73.148803723526171, 18.597354867484089 ], [ 73.146916772417313, 18.596420980623495 ], [ 73.144905134076168, 18.595683046938902 ], [ 73.142351230737788, 18.594910760333462 ], [ 73.139029794921854, 18.594191391546165 ], [ 73.137906092656323, 18.594012008020066 ], [ 73.137525325253918, 18.593951196913569 ], [ 73.1319057830829, 18.604625409742876 ], [ 73.130148927067793, 18.607966626133454 ], [ 73.129598062246771, 18.608057753640598 ], [ 73.12891197233256, 18.608140014782581 ], [ 73.126978681279468, 18.608521672297584 ], [ 73.125565907420579, 18.609191109259282 ], [ 73.12425800475539, 18.610248282078114 ], [ 73.123896826979887, 18.611367869029056 ], [ 73.12353574910243, 18.612487589574922 ], [ 73.123184812230406, 18.613481027273373 ], [ 73.122232605389726, 18.615197291684517 ], [ 73.12117524837943, 18.616525277643106 ], [ 73.119275878704684, 18.618178292906531 ], [ 73.117290964138974, 18.619189299690014 ], [ 73.11530903420558, 18.620837559294813 ], [ 73.118767002589721, 18.621891090668459 ], [ 73.122166287831618, 18.622253051970883 ], [ 73.125139124326964, 18.622585284380879 ], [ 73.127164823567952, 18.622298004358196 ] ] ] ] } },
{ "type": "Feature", "properties": { "id": 8556, "objectid_1": 8556.0, "objectid": 71399.0, "village_hab": "Adulse", "vlcode": "554526", "gram_panch": null, "gram_pan_1": null, "block": "Sudhagad", "bkcode": "231", "subdistric_hab": "Sudhagad", "sdcode": "4180", "sub_distri": "Pali", "district": "Raigad", "dtcode": "491", "district_h": "ALIBAG", "state": "MH", "stcode": "27", "uqcode": null, "country": "India", "total_urba": "Rural", "total_hous": 295.0, "total_popu": 1371.0, "avg_househ": 4.64745763, "total_geog": 903.0, "total_male": 703.0, "total_fema": 668.0, "tapwater_t": "Not Available", "tapwater_u": "Available", "covered_we": "Available", "covered__1": "Available", "covered__2": "Available", "uncovered_": "Available", "uncovere_1": "Not Available", "uncovere_2": "Not Available", "handpump_s": "Available", "hand_pump_": "Not Available", "hand_pum_1": "Not Available", "tubewell_b": "Not Available", "tube_wells": "Not Available", "tube_wel_1": "Not Available", "spring_sta": "Not Available", "spring_fun": "Not Available", "spring_f_1": "Not Available", "river_cana": "Available", "tank_pond_": "Not Available", "others_sta": "Not Available", "closed_dra": "Not Available", "open_drain": "Available", "village_pi": "Available", "forest_are": 276.0, "area_under": 23.0, "barren_unc": 106.0, "permanent_": 0.0, "land_under": 0.0, "culturable": 0.0, "fallows_la": 0.0, "current_fa": 0.0, "net_area_s": 498.0, "total_unir": 0.0, "area_irrig": 498.0, "canals_are": 0.0, "wells_tube": 0.0, "tanks_lake": 0.0, "waterfall_": 0.0, "other_sour": 0.0, "nearest_to": "ROHA ASHTAMI", "nearest__1": 37.0, "shape_leng": 12961.479629598791, "shape_le_1": 12961.479629598791, "shape_area": 7906107.982725013, "ds_name": "Administrative Boundary", "src_agency": "Survey of India (SOI)", "state_name": "Maharashtra\n", "source_district": "Raigad", "source_dtcode": "491", "source_subdistrict": "Sudhagad", "source_sdcode": "4180", "verified_subdistrict": "SUDHAGAD", "verified_sdcode": "4180", "subdistrict_name_match": true, "subdistrict_code_match": true, "admin_mismatch": false, "record_type": "habitation", "is_habitation": true, "review_status": "accepted", "raksha_id": "RAI-1296", "elev_min_m": 24.85460090637207, "elev_max_m": 185.21696472167969, "elev_mean_m": 92.779853588354769, "elev_p10_m": 39.384796142578125, "elev_p90_m": 145.43873596191406, "slope_mean_deg": 8.0395059312232, "slope_max_deg": 28.333469390869141, "slope_p90_deg": 15.74613094329834, "pct_slope_ge15": 12.006319115323855, "pct_slope_ge25": 0.16926201760324985, "pct_slope_ge35": 0.0, "annual_rain_mm": 4128.1061298698187, "max_1day_mm": 198.35977172851562, "rain_days_ge50": 28, "rain_days_ge100": 9, "rain_days_ge150": 2, "wet_days_ge1": 124, "imd_lat": 18.5, "imd_lon": 73.25, "years_available": 30, "clim_mean_annual_mm": 3896.1451984201249, "clim_median_annual_mm": 3785.6424488574266, "clim_std_annual_mm": 923.17922358567807, "clim_min_annual_mm": 1675.6667126491666, "clim_max_annual_mm": 6012.8244500756264, "clim_mean_days_ge50": 24.933333333333334, "clim_mean_days_ge100": 8.0666666666666664, "clim_mean_days_ge150": 3.0, "hist_max_1day_mm": 368.4234619140625, "annual_cv_pct": 23.69468221974952, "rain_2024_anomaly_mm": 231.96093144969382, "rain_2024_anomaly_pct": 5.953600793516455, "dist_river_m": 2957.0747266223516, "nearest_river": "Gandhari", "nearest_river_uid": "9027", "river_within_250m": false, "river_within_500m": false, "river_within_1km": false, "river_within_2km": false, "dem_drain_min_m": 0.0, "dem_drain_mean_m": 863.0832204919883, "dem_drain_p10_m": 95.884918212890625, "pct_area_drain_100m": 10.031595576619273, "pct_area_drain_250m": 21.94764161588806, "pct_area_drain_500m": 37.576167907921466, "f_elevation": 0.66121593098215015, "f_flatness": 0.55250372213281262, "f_river_proximity": 0.66502552658087, "f_drain_proximity": 0.58832875059840428, "f_drain_area": 0.35354865186946588, "f_clim_rain": 0.47774294078396123, "f_extreme_rain": 0.32987613569863355, "diagnostic_mean": 0.51832023694947116, "terrain_component": 0.60685982655748139, "drainage_component": 0.47093870123393511, "river_component": 0.66502552658087, "rainfall_component": 0.40380953824129739, "flood_susceptibility": 0.53665839815339589, "flood_susceptibility_100": 53.665839815339588, "susceptibility_class": "Moderate", "susceptibility_percentile": 49.794871794871796, "population_hab": 1371.0, "households": 295.0, "population_exposure": 735.7586638683058, "household_exposure": 158.3142274552518, "population_exposure_percentile": 81.641025641025649, "household_exposure_percentile": 80.410256410256409, "exposure_percentile": 81.641025641025649, "exposure_class": "Very High", "v_remoteness": 0.97058823529411764, "v_water_service": 0.66666666666666674, "v_household_size": 0.73118795940363834, "vulnerability_data_complete": true, "vulnerability_diagnostic": 0.78948095378814076, "vulnerability_feature_count": 3, "vulnerability_completeness_pct": 100.0, "vulnerability_score": 0.80436561730189005, "vulnerability_100": 80.436561730188998, "vulnerability_percentile": 96.713362068965509, "vulnerability_class": "Very High", "flood_priority_score": 0.88858190801423653, "flood_priority_100": 88.85819080142366, "priority_status": "Eligible", "priority_percentile": 99.137931034482762, "priority_class": "Very High", "priority_reason": "high exposed population; high coping vulnerability", "ls_mean": 39.466339111328125, "ls_median": 40.866180419921875, "ls_p90": 60.339885711669922, "ls_max": 81.335098266601562, "ls_pct_ge40": 51.884450462649511, "ls_pct_ge60": 10.370119611825773, "ls_pct_ge80": 0.033852403520649964, "ls_valid_pixels": 8862, "landslide_percentile": 71.384615384615387, "landslide_class": "High", "multihazard_susceptibility": 0.59620363729208803, "multihazard_susceptibility_100": 59.620363729208805, "dominant_hazard": "Landslide-dominant", "multihazard_priority": 0.72785696781031872, "multihazard_priority_100_hab": 72.785696781031874, "multihazard_priority_percentile": 98.4375, "multihazard_priority_class": "Very High", "village": "Adulse", "subdistric": "Sudhagad", "population": 1371.0, "multihazard_priority_100": 72.785696781031874, "recommendation_rank": 1, "recommendation_status": "Suitable Candidate", "patch_id": 3588, "area_ha": 47.716434449771562, "required_area_ha": 13.71, "estimated_capacity_people": 4771.6434449771568, "capacity_ratio": 3.4804109737251325, "distance_km": 17.063687016837669, "site_flood": 39.505401611328125, "site_landslide": 11.250994682312012, "site_slope_deg": 2.4479162693023682, "site_road_dist_m": 1125.5762939453125, "final_feasibility_score": 71.384946762533716, "recommendation_reason": "47.7 ha available; capacity ratio 3.5x; 17.1 km from habitation; flood score 39.5; landslide score 11.3; mean slope 2.4°" }, "geometry": { "type": "MultiPolygon", "coordinates": [ [ [ [ 73.288652401861654, 18.548876880254607 ], [ 73.289025483842011, 18.546448001435603 ], [ 73.289826235556546, 18.544328177147374 ], [ 73.290836439397026, 18.543226503624798 ], [ 73.292928599294697, 18.541891396169564 ], [ 73.295979429703792, 18.541612798384673 ], [ 73.299108419286185, 18.541446184364858 ], [ 73.298782567717851, 18.540501360036664 ], [ 73.298608615409208, 18.539431404839657 ], [ 73.298387173647555, 18.537429612577789 ], [ 73.297848818615563, 18.535808472077267 ], [ 73.297827697644948, 18.534611661542016 ], [ 73.297854159684803, 18.534345614356081 ], [ 73.297950572883622, 18.533376303914007 ], [ 73.298025057874739, 18.532627435638958 ], [ 73.298223430343356, 18.530643205663832 ], [ 73.298283315428463, 18.528652221373815 ], [ 73.297732991877027, 18.527161086506144 ], [ 73.297448751276008, 18.525816846066547 ], [ 73.298017872118791, 18.524385195321564 ], [ 73.299290812959001, 18.522992860116034 ], [ 73.300682039203821, 18.521875411903661 ], [ 73.301295596111373, 18.521088035765924 ], [ 73.301671910216868, 18.520605111470072 ], [ 73.301788933291178, 18.519550023814009 ], [ 73.301623058891479, 18.519308546149222 ], [ 73.300934630683855, 18.518306333403185 ], [ 73.300354279336517, 18.516993594503496 ], [ 73.300037546673508, 18.516277149355126 ], [ 73.298870477963064, 18.516289736196367 ], [ 73.297431612342038, 18.516474960108621 ], [ 73.296290553859507, 18.516545060495428 ], [ 73.294658241127053, 18.515925515047169 ], [ 73.292660356086472, 18.516085683344777 ], [ 73.289179782957632, 18.51696948720636 ], [ 73.284263575063193, 18.518185307333322 ], [ 73.283279394640061, 18.518136771893523 ], [ 73.282400404440097, 18.516898342191659 ], [ 73.280917356006711, 18.51602970230077 ], [ 73.278952392306934, 18.515801773967038 ], [ 73.277854917695336, 18.515350864167253 ], [ 73.276785832478822, 18.519883514463714 ], [ 73.274790639498349, 18.525525811524041 ], [ 73.272844275615498, 18.531608935019793 ], [ 73.271891548177479, 18.536001160701488 ], [ 73.265758090163743, 18.535789048647164 ], [ 73.26693770470601, 18.536978288080583 ], [ 73.268422073631982, 18.537834279279807 ], [ 73.269837623878587, 18.538425638484707 ], [ 73.271221422845898, 18.539363404531478 ], [ 73.274351724376885, 18.541255910593268 ], [ 73.275680853244239, 18.541755285891991 ], [ 73.277199467298175, 18.542176714749203 ], [ 73.278004062156612, 18.542389593180197 ], [ 73.279747386350394, 18.543232699712089 ], [ 73.281079939019719, 18.544689867048113 ], [ 73.282862662285297, 18.547908918807266 ], [ 73.283507569806844, 18.54886798428884 ], [ 73.284809874529486, 18.549277904165926 ], [ 73.288652401861654, 18.548876880254607 ] ] ] ] } },
{ "type": "Feature", "properties": { "id": 9051, "objectid_1": 9051.0, "objectid": 71894.0, "village_hab": "Ladiwali", "vlcode": "553495", "gram_panch": null, "gram_pan_1": null, "block": "Panvel", "bkcode": "224", "subdistric_hab": "Panvel", "sdcode": "4173", "sub_distri": "Panvel", "district": "Raigad", "dtcode": "491", "district_h": "ALIBAG", "state": "MH", "stcode": "27", "uqcode": null, "country": "India", "total_urba": "Rural", "total_hous": 305.0, "total_popu": 1232.0, "avg_househ": 4.03934426, "total_geog": 178.0, "total_male": 650.0, "total_fema": 582.0, "tapwater_t": "Available", "tapwater_u": "Not Available", "covered_we": "Not Available", "covered__1": "Not Available", "covered__2": "Not Available", "uncovered_": "Available", "uncovere_1": "Available", "uncovere_2": "Available", "handpump_s": "Not Available", "hand_pump_": "Not Available", "hand_pum_1": "Not Available", "tubewell_b": "Not Available", "tube_wells": "Not Available", "tube_wel_1": "Not Available", "spring_sta": "Not Available", "spring_fun": "Not Available", "spring_f_1": "Not Available", "river_cana": "Available", "tank_pond_": "Not Available", "others_sta": "Not Available", "closed_dra": "Not Available", "open_drain": "Available", "village_pi": "Available", "forest_are": 89.0, "area_under": 39.0, "barren_unc": 0.0, "permanent_": 0.0, "land_under": 0.0, "culturable": 0.0, "fallows_la": 0.0, "current_fa": 0.0, "net_area_s": 49.0, "total_unir": 0.0, "area_irrig": 49.0, "canals_are": 0.0, "wells_tube": 0.0, "tanks_lake": 0.0, "waterfall_": 0.0, "other_sour": 0.0, "nearest_to": "PANVEL", "nearest__1": 20.0, "shape_leng": 5393.7182044695592, "shape_le_1": 5393.7182044695592, "shape_area": 1806611.1179951027, "ds_name": "Administrative Boundary", "src_agency": "Survey of India (SOI)", "state_name": "Maharashtra\n", "source_district": "Raigad", "source_dtcode": "491", "source_subdistrict": "Panvel", "source_sdcode": "4173", "verified_subdistrict": "PANVEL", "verified_sdcode": "4173", "subdistrict_name_match": true, "subdistrict_code_match": true, "admin_mismatch": false, "record_type": "habitation", "is_habitation": true, "review_status": "accepted", "raksha_id": "RAI-1399", "elev_min_m": 1.547890305519104, "elev_max_m": 148.63534545898438, "elev_mean_m": 41.959375, "elev_p10_m": 8.0198040008544922, "elev_p90_m": 127.42282867431641, "slope_mean_deg": 8.9861832002456996, "slope_max_deg": 30.687656402587891, "slope_p90_deg": 21.909944534301758, "pct_slope_ge15": 24.864864864864867, "pct_slope_ge25": 5.6019656019656017, "pct_slope_ge35": 0.0, "annual_rain_mm": 5655.7916589677334, "max_1day_mm": 299.0367431640625, "rain_days_ge50": 33, "rain_days_ge100": 18, "rain_days_ge150": 7, "wet_days_ge1": 123, "imd_lat": 18.75, "imd_lon": 73.25, "years_available": 30, "clim_mean_annual_mm": 3815.9576990751548, "clim_median_annual_mm": 3995.0189302563667, "clim_std_annual_mm": 1006.7423406019368, "clim_min_annual_mm": 2067.8262164741755, "clim_max_annual_mm": 6599.9380623996258, "clim_mean_days_ge50": 23.2, "clim_mean_days_ge100": 8.4333333333333336, "clim_mean_days_ge150": 3.3, "hist_max_1day_mm": 409.4658203125, "annual_cv_pct": 26.38242926136035, "rain_2024_anomaly_mm": 1839.8339598925786, "rain_2024_anomaly_pct": 48.214212655933935, "dist_river_m": 3417.769257208543, "nearest_river": "Kundalika", "nearest_river_uid": "8960", "river_within_250m": false, "river_within_500m": false, "river_within_1km": false, "river_within_2km": false, "dem_drain_min_m": 0.0, "dem_drain_mean_m": 330.20049140049139, "dem_drain_p10_m": 60.642948150634766, "pct_area_drain_100m": 18.329238329238329, "pct_area_drain_250m": 44.815724815724813, "pct_area_drain_500m": 75.18427518427518, "f_elevation": 0.85151548124156196, "f_flatness": 0.4952420909294839, "f_river_proximity": 0.60934201802814447, "f_drain_proximity": 0.92952214771643304, "f_drain_area": 0.72192444948993961, "f_clim_rain": 0.43665657906546873, "f_extreme_rain": 0.50939821321019874, "diagnostic_mean": 0.65051442566874729, "terrain_component": 0.67337878608552293, "drainage_component": 0.82572329860318638, "river_component": 0.60934201802814447, "rainfall_component": 0.47302739613783373, "flood_susceptibility": 0.64536787471367185, "flood_susceptibility_100": 64.536787471367191, "susceptibility_class": "High", "susceptibility_percentile": 76.461538461538453, "population_hab": 1232.0, "households": 305.0, "population_exposure": 795.09322164724369, "household_exposure": 196.83720178766993, "population_exposure_percentile": 83.794871794871796, "household_exposure_percentile": 85.641025641025635, "exposure_percentile": 83.794871794871796, "exposure_class": "Very High", "v_remoteness": 0.47058823529411764, "v_water_service": 0.66666666666666674, "v_household_size": 0.45272058585109581, "vulnerability_data_complete": true, "vulnerability_diagnostic": 0.52999182927062671, "vulnerability_feature_count": 3, "vulnerability_completeness_pct": 100.0, "vulnerability_score": 0.53474877391375431, "vulnerability_100": 53.474877391375429, "vulnerability_percentile": 51.670258620689658, "vulnerability_class": "Moderate", "flood_priority_score": 0.65800476417185305, "flood_priority_100": 65.800476417185308, "priority_status": "Eligible", "priority_percentile": 84.213362068965509, "priority_class": "Very High", "priority_reason": "high exposed population", "ls_mean": 43.687637329101562, "ls_median": 43.107089996337891, "ls_p90": 73.386360168457031, "ls_max": 84.124427795410156, "ls_pct_ge40": 55.823095823095827, "ls_pct_ge60": 28.452088452088454, "ls_pct_ge80": 1.6216216216216217, "ls_valid_pixels": 2035, "landslide_percentile": 80.15384615384616, "landslide_class": "Very High", "multihazard_susceptibility": 0.78285927155093105, "multihazard_susceptibility_100": 78.285927155093106, "dominant_hazard": "Mixed", "multihazard_priority": 0.7177221818758418, "multihazard_priority_100_hab": 71.772218187584187, "multihazard_priority_percentile": 98.060344827586206, "multihazard_priority_class": "Very High", "village": "Ladiwali", "subdistric": "Panvel", "population": 1232.0, "multihazard_priority_100": 71.772218187584187, "recommendation_rank": 1, "recommendation_status": "Suitable Candidate", "patch_id": 1549, "area_ha": 78.607998949055812, "required_area_ha": 12.32, "estimated_capacity_people": 7860.7998949055818, "capacity_ratio": 6.3805193952155701, "distance_km": 17.350932538526468, "site_flood": 45.707916259765625, "site_landslide": 13.335333824157717, "site_slope_deg": 2.1730802059173584, "site_road_dist_m": 1091.994140625, "final_feasibility_score": 71.278966273053996, "recommendation_reason": "78.6 ha available; capacity ratio 6.4x; 17.4 km from habitation; flood score 45.7; landslide score 13.3; mean slope 2.2°" }, "geometry": { "type": "MultiPolygon", "coordinates": [ [ [ [ 73.155005043368703, 18.872876364454708 ], [ 73.158081540087721, 18.872817353814266 ], [ 73.159428162801817, 18.87289504298959 ], [ 73.16128224862068, 18.873001806253566 ], [ 73.160376292749049, 18.870450443905948 ], [ 73.159810546230887, 18.867022964666887 ], [ 73.159394280552249, 18.866146226500494 ], [ 73.15883126029, 18.864960205291144 ], [ 73.157341627496564, 18.862173152151595 ], [ 73.155629684166385, 18.860298162519406 ], [ 73.153344027238319, 18.859331420611021 ], [ 73.150368974534871, 18.858828382283782 ], [ 73.145481191463148, 18.858081677621808 ], [ 73.145419651111439, 18.860461282043829 ], [ 73.146030887853087, 18.864053192942244 ], [ 73.146723906858469, 18.866465108032962 ], [ 73.147270307000852, 18.867445810505131 ], [ 73.147979252272137, 18.868506761819962 ], [ 73.149497222997837, 18.870777674301419 ], [ 73.15195320534238, 18.872580654898034 ], [ 73.152247956186869, 18.872664700968858 ], [ 73.153519956172417, 18.873027277798649 ], [ 73.155005043368703, 18.872876364454708 ] ] ] ] } },
{ "type": "Feature", "properties": { "id": 9082, "objectid_1": 9082.0, "objectid": 71925.0, "village_hab": "Warsai", "vlcode": "553910", "gram_panch": null, "gram_pan_1": null, "block": "Pen", "bkcode": "227", "subdistric_hab": "Pen", "sdcode": "4176", "sub_distri": "Pen", "district": "Raigad", "dtcode": "491", "district_h": "ALIBAG", "state": "MH", "stcode": "27", "uqcode": null, "country": "India", "total_urba": "Rural", "total_hous": 339.0, "total_popu": 1864.0, "avg_househ": 5.49852507, "total_geog": 709.0, "total_male": 1016.0, "total_fema": 848.0, "tapwater_t": "Not Available", "tapwater_u": "Not Available", "covered_we": "Not Available", "covered__1": "Not Available", "covered__2": "Not Available", "uncovered_": "Available", "uncovere_1": "Available", "uncovere_2": "Available", "handpump_s": "Available", "hand_pump_": "Available", "hand_pum_1": "Available", "tubewell_b": "Not Available", "tube_wells": "Not Available", "tube_wel_1": "Not Available", "spring_sta": "Not Available", "spring_fun": "Not Available", "spring_f_1": "Not Available", "river_cana": "Available", "tank_pond_": "Available", "others_sta": "Not Available", "closed_dra": "Not Available", "open_drain": "Available", "village_pi": "Available", "forest_are": 315.0, "area_under": 11.0, "barren_unc": 64.0, "permanent_": 0.0, "land_under": 0.0, "culturable": 0.0, "fallows_la": 0.0, "current_fa": 0.0, "net_area_s": 319.0, "total_unir": 14.0, "area_irrig": 305.0, "canals_are": 0.0, "wells_tube": 0.0, "tanks_lake": 0.0, "waterfall_": 0.0, "other_sour": 14.0, "nearest_to": "PEN", "nearest__1": 15.0, "shape_leng": 11642.025953732491, "shape_le_1": 11642.025953732491, "shape_area": 7713792.2366957963, "ds_name": "Administrative Boundary", "src_agency": "Survey of India (SOI)", "state_name": "Maharashtra\n", "source_district": "Raigad", "source_dtcode": "491", "source_subdistrict": "Pen", "source_sdcode": "4176", "verified_subdistrict": "PEN", "verified_sdcode": "4176", "subdistrict_name_match": true, "subdistrict_code_match": true, "admin_mismatch": false, "record_type": "habitation", "is_habitation": true, "review_status": "accepted", "raksha_id": "RAI-1433", "elev_min_m": 20.501197814941406, "elev_max_m": 273.099365234375, "elev_mean_m": 79.127115584565615, "elev_p10_m": 29.464569091796875, "elev_p90_m": 170.41456604003906, "slope_mean_deg": 8.6194673492375227, "slope_max_deg": 33.951362609863281, "slope_p90_deg": 18.648826599121094, "pct_slope_ge15": 17.975970425138634, "pct_slope_ge25": 2.7148798521256934, "pct_slope_ge35": 0.0, "annual_rain_mm": 5655.7916589677334, "max_1day_mm": 299.0367431640625, "rain_days_ge50": 33, "rain_days_ge100": 18, "rain_days_ge150": 7, "wet_days_ge1": 123, "imd_lat": 18.75, "imd_lon": 73.25, "years_available": 30, "clim_mean_annual_mm": 3815.9576990751548, "clim_median_annual_mm": 3995.0189302563667, "clim_std_annual_mm": 1006.7423406019368, "clim_min_annual_mm": 2067.8262164741755, "clim_max_annual_mm": 6599.9380623996258, "clim_mean_days_ge50": 23.2, "clim_mean_days_ge100": 8.4333333333333336, "clim_mean_days_ge150": 3.3, "hist_max_1day_mm": 409.4658203125, "annual_cv_pct": 26.38242926136035, "rain_2024_anomaly_mm": 1839.8339598925786, "rain_2024_anomaly_pct": 48.214212655933935, "dist_river_m": 3574.8588290723724, "nearest_river": "Amba", "nearest_river_uid": "8583", "river_within_250m": false, "river_within_500m": false, "river_within_1km": false, "river_within_2km": false, "dem_drain_min_m": 0.0, "dem_drain_mean_m": 835.74064232902037, "dem_drain_p10_m": 90.964424133300781, "pct_area_drain_100m": 10.871072088724585, "pct_area_drain_250m": 25.207948243992607, "pct_area_drain_500m": 41.728280961182996, "f_elevation": 0.71233921777713116, "f_flatness": 0.5174236183665244, "f_river_proximity": 0.59035481948838009, "f_drain_proximity": 0.60583561771960603, "f_drain_area": 0.40606805387268685, "f_clim_rain": 0.43665657906546873, "f_extreme_rain": 0.50939821321019874, "diagnostic_mean": 0.53972515992857084, "terrain_component": 0.61488141807182783, "drainage_component": 0.50595183579614644, "river_component": 0.59035481948838009, "rainfall_component": 0.47302739613783373, "flood_susceptibility": 0.54605386737354711, "flood_susceptibility_100": 54.605386737354713, "susceptibility_class": "Moderate", "susceptibility_percentile": 52.307692307692314, "population_hab": 1864.0, "households": 339.0, "population_exposure": 1017.8444087842918, "household_exposure": 185.11226103963247, "population_exposure_percentile": 88.717948717948715, "household_exposure_percentile": 84.256410256410248, "exposure_percentile": 88.717948717948715, "exposure_class": "Very High", "v_remoteness": 0.3235294117647059, "v_water_service": 1.0, "v_household_size": 1.0, "vulnerability_data_complete": true, "vulnerability_diagnostic": 0.77450980392156854, "vulnerability_feature_count": 3, "vulnerability_completeness_pct": 100.0, "vulnerability_score": 0.72941176470588232, "vulnerability_100": 72.941176470588232, "vulnerability_percentile": 90.759698275862064, "vulnerability_class": "Very High", "flood_priority_score": 0.89733016539590538, "flood_priority_100": 89.733016539590537, "priority_status": "Eligible", "priority_percentile": 99.40732758620689, "priority_class": "Very High", "priority_reason": "high exposed population; high coping vulnerability", "ls_mean": 35.790107727050781, "ls_median": 35.904251098632812, "ls_p90": 62.1719970703125, "ls_max": 85.544090270996094, "ls_pct_ge40": 42.560073937153419, "ls_pct_ge60": 11.806839186691311, "ls_pct_ge80": 0.49676524953789281, "ls_valid_pixels": 8656, "landslide_percentile": 61.743589743589745, "landslide_class": "High", "multihazard_susceptibility": 0.56830138960590959, "multihazard_susceptibility_100": 56.830138960590958, "dominant_hazard": "Mixed", "multihazard_priority": 0.71411062163350691, "multihazard_priority_100_hab": 71.411062163350692, "multihazard_priority_percentile": 98.006465517241381, "multihazard_priority_class": "Very High", "village": "Warsai", "subdistric": "Pen", "population": 1864.0, "multihazard_priority_100": 71.411062163350692, "recommendation_rank": 1, "recommendation_status": "Suitable Candidate", "patch_id": 1549, "area_ha": 78.607998949055812, "required_area_ha": 18.64, "estimated_capacity_people": 7860.7998949055818, "capacity_ratio": 4.217167325593123, "distance_km": 24.783477959794041, "site_flood": 45.707916259765625, "site_landslide": 13.335333824157717, "site_slope_deg": 2.1730802059173584, "site_road_dist_m": 1091.994140625, "final_feasibility_score": 64.589675393913197, "recommendation_reason": "78.6 ha available; capacity ratio 4.2x; 24.8 km from habitation; flood score 45.7; landslide score 13.3; mean slope 2.2°" }, "geometry": { "type": "MultiPolygon", "coordinates": [ [ [ [ 73.160649422329882, 18.789119015776656 ], [ 73.161448612480939, 18.788919220162082 ], [ 73.162290425629465, 18.789248216761614 ], [ 73.163150551502014, 18.789302793505609 ], [ 73.163806277355462, 18.78928740106695 ], [ 73.164207950443057, 18.789277949833558 ], [ 73.16511681991922, 18.788600886982223 ], [ 73.165374386427814, 18.788123514201565 ], [ 73.165853113426621, 18.7872362542461 ], [ 73.166488597682459, 18.785291360535567 ], [ 73.166908789672476, 18.78329930844146 ], [ 73.167240272583967, 18.782657427298464 ], [ 73.167459302403998, 18.782233310381784 ], [ 73.167985597386092, 18.781532760348252 ], [ 73.168708980932934, 18.78075305586092 ], [ 73.169257953490231, 18.780314992885955 ], [ 73.17037907302543, 18.779995735055181 ], [ 73.171314466888546, 18.779083473273925 ], [ 73.171980176874754, 18.77830394874961 ], [ 73.172354581453106, 18.777865538634877 ], [ 73.172797139964402, 18.776976819240335 ], [ 73.173284943476716, 18.775469098760038 ], [ 73.173473555787226, 18.773995694231917 ], [ 73.174186660518131, 18.772079816954076 ], [ 73.174639348644035, 18.770863422577079 ], [ 73.175142348199728, 18.768405542859114 ], [ 73.174458424762989, 18.766668101598789 ], [ 73.172238849028375, 18.766290090300426 ], [ 73.171183698318018, 18.765271489741597 ], [ 73.167832783033148, 18.761252010137568 ], [ 73.164211131731051, 18.757571620876369 ], [ 73.161322888334553, 18.75409909862023 ], [ 73.159188673576622, 18.756529165126057 ], [ 73.152556695392306, 18.756436995023943 ], [ 73.151775680158735, 18.756130506749724 ], [ 73.151634854386572, 18.757260931881731 ], [ 73.151292368410893, 18.758665598873744 ], [ 73.150450058620535, 18.763845982696051 ], [ 73.150487532072816, 18.765158078457272 ], [ 73.150324054491293, 18.765742670091047 ], [ 73.149804041056527, 18.766065631029281 ], [ 73.146878949582771, 18.76694410155471 ], [ 73.146731170103877, 18.767291669314822 ], [ 73.146007993654408, 18.768792533318905 ], [ 73.145905189231271, 18.770334923763961 ], [ 73.14556993534562, 18.771623857156971 ], [ 73.145775397042698, 18.771964837200962 ], [ 73.146018857660877, 18.772368883069991 ], [ 73.147436951804664, 18.773535643722404 ], [ 73.148870997271885, 18.774464755683724 ], [ 73.149946067404983, 18.777039711125308 ], [ 73.150561493270672, 18.780897720917153 ], [ 73.150838767995438, 18.782347953262377 ], [ 73.150991835081413, 18.783790338828336 ], [ 73.151886895274586, 18.787191777401851 ], [ 73.152504732278885, 18.78914283358819 ], [ 73.15257320046716, 18.789983478884405 ], [ 73.153270606395182, 18.790745315827213 ], [ 73.154456890336562, 18.791658037248663 ], [ 73.158487376824709, 18.791905568963287 ], [ 73.1590433930714, 18.791939563313324 ], [ 73.159153861694875, 18.791384584308688 ], [ 73.15940000245574, 18.790573428371456 ], [ 73.159876900444246, 18.789462000547573 ], [ 73.16027748626189, 18.789211984050496 ], [ 73.160649422329882, 18.789119015776656 ] ] ] ] } }
]
}
