{
"type": "FeatureCollection",
"name": "recommended_sites",
"crs": { "type": "name", "properties": { "name": "urn:ogc:def:crs:OGC:1.3:CRS84" } },
"features": [
{ "type": "Feature", "properties": { "patch_id": 4286, "area_m2": 1257727.9831849097, "area_ha_site": 125.77279831849097, "area_km2": 1.2577279831849097, "site_size_class": "Very Large", "centroid_x": 293184.5772469769, "centroid_y": 1993085.0858592596, "area_rank": 2, "village": "Pangaloli", "subdistric": "Mhasla", "vlcode": "554952", "population": 1674.0, "multihazard_priority_100": 79.39778368875146, "recommendation_rank": 1, "recommendation_status": "Strong Candidate", "area_ha": 125.77279831849096, "required_area_ha": 16.74, "estimated_capacity_people": 12577.279831849097, "capacity_ratio": 7.5133093380221592, "distance_km": 13.685591975833496, "site_flood": 39.082473754882812, "site_landslide": 16.225446701049805, "site_slope_deg": 1.600567102432251, "site_road_dist_m": 2215.3359375, "final_feasibility_score": 71.261542072309098, "recommendation_reason": "125.8 ha available; capacity ratio 7.5x; 13.7 km from habitation; flood score 39.1; landslide score 16.2; mean slope 1.6°" }, "geometry": { "type": "MultiPolygon", "coordinates": [ [ [ [ 73.037890161594959, 18.020378862478534 ], [ 73.03788105900199, 18.021200570641991 ], [ 73.038167347255637, 18.021203473438916 ], [ 73.038170381065228, 18.020929570678945 ], [ 73.039029244823809, 18.020938276390851 ], [ 73.039038341950715, 18.020116567638105 ], [ 73.039610915407366, 18.020122369049115 ], [ 73.039607883969694, 18.020396272068982 ], [ 73.039894171220894, 18.020399172187108 ], [ 73.039885077910384, 18.021220881338383 ], [ 73.041316521605353, 18.021235376289884 ], [ 73.041319550552615, 18.020961473012701 ], [ 73.042464704710213, 18.020973061172736 ], [ 73.042461677531094, 18.021246964637786 ], [ 73.043320545040757, 18.021255651457597 ], [ 73.043317519133936, 18.021529555055249 ], [ 73.043603808853504, 18.021532449862853 ], [ 73.043600783334909, 18.021806353499201 ], [ 73.043887073550351, 18.021809247930761 ], [ 73.043884048419997, 18.022083151605798 ], [ 73.044170339131313, 18.022086045661297 ], [ 73.04416428959334, 18.022633853080499 ], [ 73.044450581242572, 18.022636746806828 ], [ 73.044447556834982, 18.022910650550994 ], [ 73.044733848980101, 18.022913543901229 ], [ 73.04473687294562, 18.022639640110167 ], [ 73.045023164702428, 18.022642532990499 ], [ 73.045020141178995, 18.022916436828456 ], [ 73.046451602979957, 18.022930895119497 ], [ 73.046457645552238, 18.022383086966588 ], [ 73.04674393718949, 18.022385977262058 ], [ 73.046737895501394, 18.022933785508677 ], [ 73.04731048070542, 18.02293956501801 ], [ 73.047313500692155, 18.022665660805135 ], [ 73.047886085226835, 18.022671438528768 ], [ 73.047889104275697, 18.022397534213994 ], [ 73.04817539618152, 18.02240042239448 ], [ 73.048202561226759, 18.019935282769726 ], [ 73.047916273299322, 18.01993239501061 ], [ 73.047922310269527, 18.019384586208222 ], [ 73.048781171560861, 18.019393247935877 ], [ 73.048784188639473, 18.019119343381902 ], [ 73.049643049087834, 18.019128001162883 ], [ 73.049646064786842, 18.018854096460302 ], [ 73.050218637803354, 18.018859866106158 ], [ 73.050224667272545, 18.018312056489215 ], [ 73.050510952977305, 18.018314940584247 ], [ 73.050513967189488, 18.018041035716671 ], [ 73.051086537875932, 18.01804680254455 ], [ 73.051089551150611, 18.017772897575231 ], [ 73.051375836132294, 18.017775780308092 ], [ 73.051381861636955, 18.017227970251302 ], [ 73.051668145788341, 18.017230852467804 ], [ 73.051662121167567, 18.017778662618063 ], [ 73.052807261844421, 18.017790187629107 ], [ 73.05280425122146, 18.018064092878781 ], [ 73.053376822765159, 18.018069852940386 ], [ 73.053373812972566, 18.018343758275218 ], [ 73.053660099266693, 18.01834663771837 ], [ 73.053657089862526, 18.018620543091668 ], [ 73.054229663495306, 18.018626300802616 ], [ 73.054232672015516, 18.018352395335967 ], [ 73.054518958470211, 18.018355273510416 ], [ 73.054524974466176, 18.017807462459089 ], [ 73.05481126009046, 18.017810340117311 ], [ 73.054817274988508, 18.017262528939774 ], [ 73.054530990248111, 18.017259651374868 ], [ 73.054546028766595, 18.015890123520354 ], [ 73.054259746289304, 18.015887245765906 ], [ 73.054262754274376, 18.015613340217001 ], [ 73.054549036309794, 18.015616217924773 ], [ 73.054570087613996, 18.013698878525442 ], [ 73.054856366609869, 18.013701755483773 ], [ 73.054871399441609, 18.012332226861375 ], [ 73.055157676281908, 18.012335103163661 ], [ 73.055172705567486, 18.010965574102421 ], [ 73.054886430936065, 18.010962698033385 ], [ 73.054892443159417, 18.010414886444625 ], [ 73.054319895824065, 18.010409133225043 ], [ 73.054310874758286, 18.011230850315879 ], [ 73.054024599845604, 18.011227972932023 ], [ 73.054021592274893, 18.011501878565852 ], [ 73.05373531697397, 18.011499000712593 ], [ 73.053729300788461, 18.012046811862223 ], [ 73.053443024657497, 18.012043933492865 ], [ 73.053440016042671, 18.012317839008659 ], [ 73.053153739523438, 18.012314960169871 ], [ 73.053150730413293, 18.012588865630747 ], [ 73.052864453505805, 18.012585986322506 ], [ 73.052861443900312, 18.012859891728457 ], [ 73.052288889362373, 18.012854131750291 ], [ 73.052285878819703, 18.013128037054607 ], [ 73.051999601189266, 18.01312515638466 ], [ 73.052002612173752, 18.012851251127064 ], [ 73.051716335038691, 18.012848370081073 ], [ 73.05171332361239, 18.013122275291941 ], [ 73.051427046089117, 18.013119393776456 ], [ 73.051424034167425, 18.013393298932364 ], [ 73.051137756255912, 18.01339041694737 ], [ 73.051128718843813, 18.014212132225513 ], [ 73.049697323462809, 18.014197715257527 ], [ 73.049700338196317, 18.013923810406848 ], [ 73.049414059722821, 18.013920925791652 ], [ 73.049417074844513, 18.013647020979526 ], [ 73.049130796866507, 18.013644135988326 ], [ 73.049139843235167, 18.012822421642959 ], [ 73.049426119887741, 18.012825306493788 ], [ 73.049432149648339, 18.012277496795498 ], [ 73.049145873879368, 18.012274612038251 ], [ 73.049148889121014, 18.012000707223553 ], [ 73.048862613847461, 18.01199782209035 ], [ 73.048868645053318, 18.011450012529874 ], [ 73.049441193886963, 18.011455782186371 ], [ 73.049444208525884, 18.011181877300213 ], [ 73.049730482581396, 18.011184761447595 ], [ 73.049733496724926, 18.010910856506424 ], [ 73.049447223111159, 18.010907972405821 ], [ 73.049450237642816, 18.010634067503208 ], [ 73.049736510814839, 18.010636951557032 ], [ 73.049739524851105, 18.010363046599416 ], [ 73.049453252120813, 18.01036016259237 ], [ 73.049456266545192, 18.010086257673308 ], [ 73.048883722128991, 18.010080488484711 ], [ 73.048886737383171, 18.009806583651006 ], [ 73.048314194065014, 18.009800812865262 ], [ 73.048311177927403, 18.010074717605359 ], [ 73.047166090168332, 18.010063170774398 ], [ 73.047163072210139, 18.010337075318976 ], [ 73.046304255629494, 18.010328410616992 ], [ 73.046307274912849, 18.010054506212956 ], [ 73.046021003268464, 18.010051617180437 ], [ 73.046024022939832, 18.009777712815048 ], [ 73.045737751790895, 18.009774823406712 ], [ 73.045740771850234, 18.009500919079954 ], [ 73.04545450119673, 18.009498029295816 ], [ 73.045457521644025, 18.009224125007709 ], [ 73.045171251485982, 18.009221234847782 ], [ 73.045180313830457, 18.008399522074754 ], [ 73.043176433505039, 18.008379280105782 ], [ 73.043179457270696, 18.008105376160017 ], [ 73.042893189309623, 18.008102482806532 ], [ 73.042890165102293, 18.008376386705361 ], [ 73.042603896753363, 18.008373492882299 ], [ 73.042600872050556, 18.008647396725955 ], [ 73.04288714084116, 18.008650290595959 ], [ 73.042884116526196, 18.008924194478329 ], [ 73.043170385812303, 18.008927087972626 ], [ 73.043167361885224, 18.00920099189371 ], [ 73.043453631666821, 18.00920388501228 ], [ 73.043450608127628, 18.009477788972063 ], [ 73.043736878404744, 18.009480681714894 ], [ 73.04373385525345, 18.00975458571337 ], [ 73.044020126026041, 18.009757478080452 ], [ 73.044017103262675, 18.010031382117621 ], [ 73.045162188657727, 18.010042947546768 ], [ 73.045159167607466, 18.010316851763307 ], [ 73.045731711510996, 18.010322632035528 ], [ 73.045728691290435, 18.010596536337605 ], [ 73.046014963764549, 18.010599425886546 ], [ 73.046011943931987, 18.010873330227259 ], [ 73.046584489924882, 18.010879108150764 ], [ 73.046587508873969, 18.010605203716334 ], [ 73.047446326940943, 18.010613867290765 ], [ 73.047443309317103, 18.010887771865725 ], [ 73.047729582555235, 18.010890658925295 ], [ 73.047726565319437, 18.011164563538856 ], [ 73.048012839053015, 18.011167450222541 ], [ 73.048015855847055, 18.010893545562155 ], [ 73.04830212919255, 18.01089643177631 ], [ 73.048290063461351, 18.011992050555737 ], [ 73.048576338627583, 18.011994936534414 ], [ 73.048567290091, 18.012816650673031 ], [ 73.048853566636268, 18.012819536369374 ], [ 73.048847534893852, 18.013367345847591 ], [ 73.048561257464968, 18.013364460057645 ], [ 73.048558241071447, 18.013638364737609 ], [ 73.047985685491042, 18.013632591795773 ], [ 73.047982668160202, 18.013906496373888 ], [ 73.047123833866749, 18.013897833649821 ], [ 73.047120815156703, 18.014171738079209 ], [ 73.046548258345922, 18.01416596072222 ], [ 73.046551277939628, 18.013892056386521 ], [ 73.04626500005665, 18.013889167120695 ], [ 73.046258959931833, 18.01443697569016 ], [ 73.04568640255971, 18.014431195702695 ], [ 73.045692444451888, 18.01388338732071 ], [ 73.045978722227403, 18.013886277432093 ], [ 73.045981742651037, 18.013612373181886 ], [ 73.045695465317351, 18.013609483117367 ], [ 73.045701506887056, 18.013061674686007 ], [ 73.045128954148183, 18.013055893476178 ], [ 73.045125932506579, 18.013329797602211 ], [ 73.044839655775974, 18.013326906316269 ], [ 73.044842677859378, 18.013053002237125 ], [ 73.043983849315609, 18.013044325983401 ], [ 73.043986872670658, 18.012770422036741 ], [ 73.043414321460688, 18.012764635847642 ], [ 73.043417345645523, 18.01249073198661 ], [ 73.043703620781812, 18.012493625245611 ], [ 73.043706644471058, 18.012219721329412 ], [ 73.043420369776555, 18.012216828117339 ], [ 73.043423393853786, 18.011942924239833 ], [ 73.043137119654858, 18.011940030651957 ], [ 73.043134095135841, 18.012213934482521 ], [ 73.042561546015889, 18.012208145944683 ], [ 73.042564571418438, 18.011934242208003 ], [ 73.042278297380989, 18.011931347351929 ], [ 73.042284348908126, 18.011383539947786 ], [ 73.042856895269821, 18.0113893290494 ], [ 73.042862944814644, 18.010841521424542 ], [ 73.04257667249037, 18.01083862717898 ], [ 73.042582722703372, 18.010290819615097 ], [ 73.041437637478495, 18.010279238781536 ], [ 73.041431583731637, 18.010827045969716 ], [ 73.04171785584056, 18.010829941906085 ], [ 73.041711802761768, 18.011377749155304 ], [ 73.041139256830803, 18.011371956671962 ], [ 73.041145311676587, 18.010824149610652 ], [ 73.040859039675397, 18.010821252828883 ], [ 73.04085601183769, 18.011095156316671 ], [ 73.040569739448642, 18.011092259065205 ], [ 73.040560654287034, 18.011913969338199 ], [ 73.040274380626585, 18.011911071523031 ], [ 73.040268322699205, 18.012458878236551 ], [ 73.040554597243215, 18.012461776145717 ], [ 73.040551568640467, 18.012735679537126 ], [ 73.040837843680137, 18.01273857707055 ], [ 73.040834815465317, 18.013012480500723 ], [ 73.041121091000647, 18.013015377658384 ], [ 73.041118063173741, 18.013289281127314 ], [ 73.041404339204774, 18.013292177909204 ], [ 73.041380118184932, 18.015483405740177 ], [ 73.041666397804534, 18.015486302475093 ], [ 73.041660342894687, 18.016034109444476 ], [ 73.040515221204458, 18.016022519592028 ], [ 73.04052127964934, 18.015474712998522 ], [ 73.040807559107321, 18.015477611001891 ], [ 73.040810587807073, 18.015203707645796 ], [ 73.041096866877069, 18.015206605179362 ], [ 73.041105951327452, 18.014384894920731 ], [ 73.040819673583002, 18.014381997528133 ], [ 73.040822702067217, 18.014108094139111 ], [ 73.040536424818484, 18.014105196370714 ], [ 73.040527337878672, 18.014926906372089 ], [ 73.039954780891833, 18.014921109284931 ], [ 73.039948720895055, 18.015468915723336 ], [ 73.03966244159875, 18.015466016451519 ], [ 73.039653349873674, 18.016287725906338 ], [ 73.041657315358975, 18.01630801291682 ], [ 73.041654287769404, 18.016581916380936 ], [ 73.042513132253987, 18.016590604612318 ], [ 73.042510105936287, 18.016864508209082 ], [ 73.043082670079016, 18.016870298342994 ], [ 73.043079644591316, 18.017144202025417 ], [ 73.04336592718532, 18.017147096505028 ], [ 73.043362902085718, 18.017421000226154 ], [ 73.043649185175468, 18.017423894329831 ], [ 73.043646160463993, 18.01769779808965 ], [ 73.043932444049489, 18.017700691817378 ], [ 73.043920346433325, 18.018796306962049 ], [ 73.045065488384466, 18.018807878394675 ], [ 73.045068511101334, 18.018533974433236 ], [ 73.0453547962816, 18.018536866187247 ], [ 73.045351774006676, 18.018810770195575 ], [ 73.045638059682659, 18.018813661573567 ], [ 73.045632015855546, 18.019361469659287 ], [ 73.044200583593508, 18.019347008071335 ], [ 73.04419453513141, 18.019894815655185 ], [ 73.039900233158349, 18.019851366045092 ], [ 73.039903264046217, 18.019577462961735 ], [ 73.039616978120989, 18.019574562984662 ], [ 73.039620009396927, 18.019300659940086 ], [ 73.038188582789658, 18.019286153946162 ], [ 73.038191616221553, 18.01901225112854 ], [ 73.037619046840234, 18.019006445864729 ], [ 73.0376220811021, 18.018732543132998 ], [ 73.037049512820602, 18.018726736271731 ], [ 73.037043442475039, 18.01927454153865 ], [ 73.03618458780592, 18.019265827792484 ], [ 73.036187624331603, 18.018991925304416 ], [ 73.035615055706188, 18.018986114119986 ], [ 73.035612018296547, 18.019260016513833 ], [ 73.035325733622912, 18.019257110240147 ], [ 73.035319657757597, 18.019804914908882 ], [ 73.035033372254034, 18.019802008118038 ], [ 73.035027295288572, 18.020349812659564 ], [ 73.035313581676135, 18.020352719544665 ], [ 73.03531054355436, 18.020626621850209 ], [ 73.035596830437967, 18.020629528359503 ], [ 73.035587717074463, 18.021451235368069 ], [ 73.036732870453434, 18.021462857741071 ], [ 73.03673590652717, 18.021188955224698 ], [ 73.037022194564884, 18.021191859713454 ], [ 73.037025230142604, 18.020917957141762 ], [ 73.036738942546904, 18.020915052700094 ], [ 73.036745014424369, 18.020367247626169 ], [ 73.0364587277667, 18.020364342855739 ], [ 73.036464800312174, 18.019816537843063 ], [ 73.036751086085843, 18.019819442519307 ], [ 73.0367480502821, 18.020093345076859 ], [ 73.037320622875427, 18.020099153254751 ], [ 73.037317587901711, 18.020373055898226 ], [ 73.037890161594959, 18.020378862478534 ] ], [ [ 73.05198755671563, 18.014220777332774 ], [ 73.051981534157392, 18.014768587757473 ], [ 73.05112269363444, 18.014759942369807 ], [ 73.051128718843813, 18.014212132225513 ], [ 73.05198755671563, 18.014220777332774 ] ], [ [ 73.045357818502737, 18.018262962170695 ], [ 73.045930388140604, 18.018268744316263 ], [ 73.045933409424094, 18.017994840197733 ], [ 73.046219693881682, 18.017997730589315 ], [ 73.046210631195891, 18.018819443060838 ], [ 73.045924345412416, 18.018816552528655 ], [ 73.045927366803369, 18.018542648426571 ], [ 73.0453547962816, 18.018536866187247 ], [ 73.045357818502737, 18.018262962170695 ] ], [ [ 73.046222714669483, 18.017723826415679 ], [ 73.046508998738872, 18.017726716337513 ], [ 73.046505978393014, 18.018000620558009 ], [ 73.046219693881682, 18.017997730589315 ], [ 73.046222714669483, 18.017723826415679 ] ], [ [ 73.037329727472724, 18.019277445274895 ], [ 73.03732669266094, 18.019551347943079 ], [ 73.037040407221269, 18.019548444159756 ], [ 73.037043442475039, 18.01927454153865 ], [ 73.037329727472724, 18.019277445274895 ] ], [ [ 73.04733161948468, 18.021022235354973 ], [ 73.047617909072812, 18.021025124147286 ], [ 73.047605831860835, 18.022120741334319 ], [ 73.047319540504503, 18.022117852354672 ], [ 73.04733161948468, 18.021022235354973 ] ], [ [ 73.038176448522549, 18.020381765134289 ], [ 73.038462735504083, 18.020384667367104 ], [ 73.038459702244424, 18.020658570190598 ], [ 73.038173414820875, 18.020655667910731 ], [ 73.038176448522549, 18.020381765134289 ] ], [ [ 73.041328637071146, 18.020139763131763 ], [ 73.041614924203699, 18.020142660665275 ], [ 73.041608867462585, 18.020690467354751 ], [ 73.041322579445989, 18.02068756972729 ], [ 73.041328637071146, 18.020139763131763 ] ], [ [ 73.046789243000461, 18.018277414362942 ], [ 73.0470755280612, 18.018280303532713 ], [ 73.047072508491809, 18.018554207830444 ], [ 73.046786222989113, 18.018551318613827 ], [ 73.046789243000461, 18.018277414362942 ] ], [ [ 73.047651116975558, 18.018012176203946 ], [ 73.047364832249357, 18.018009287926795 ], [ 73.047367851269371, 18.017735383565764 ], [ 73.047654135553614, 18.017738271796084 ], [ 73.047651116975558, 18.018012176203946 ] ], [ [ 73.047657154077982, 18.017464367379997 ], [ 73.047943437973984, 18.017467255140616 ], [ 73.04794041989156, 18.017741159603528 ], [ 73.047654135553614, 18.017738271796084 ], [ 73.047657154077982, 18.017464367379997 ] ], [ [ 73.047370870235682, 18.017461479196506 ], [ 73.04737388914829, 18.017187574819012 ], [ 73.04766017254866, 18.017190462955668 ], [ 73.047657154077982, 18.017464367379997 ], [ 73.047370870235682, 18.017461479196506 ] ], [ [ 73.046807361940424, 18.016633988684799 ], [ 73.046804342251392, 18.016907892985063 ], [ 73.046518059454073, 18.016905003626658 ], [ 73.046521079585006, 18.016631099373249 ], [ 73.046807361940424, 18.016633988684799 ] ], [ [ 73.046234797283319, 18.016628209638839 ], [ 73.046237817802449, 18.016354305424056 ], [ 73.046524099662236, 18.016357195111596 ], [ 73.046521079585006, 18.016631099373249 ], [ 73.046234797283319, 18.016628209638839 ] ], [ [ 73.043676405157612, 18.01495876012104 ], [ 73.043673380930358, 18.015232663954936 ], [ 73.043387101375799, 18.015229770226671 ], [ 73.043390126044898, 18.014955866439699 ], [ 73.043676405157612, 18.01495876012104 ] ], [ [ 73.043103846986, 18.014952972335561 ], [ 73.043106872043168, 18.014679068587292 ], [ 73.042820593479945, 18.014676174107286 ], [ 73.042823618925127, 18.014402270397731 ], [ 73.042537340857564, 18.014399375541874 ], [ 73.042558520559496, 18.012482049673146 ], [ 73.043131070563035, 18.01248783830486 ], [ 73.04312502125596, 18.013035645924848 ], [ 73.043411297222036, 18.01303853970046 ], [ 73.043390126044898, 18.014955866439699 ], [ 73.043103846986, 18.014952972335561 ] ], [ [ 73.045107801528019, 18.014973222185599 ], [ 73.045394080963405, 18.014976113330082 ], [ 73.045391059387342, 18.0152500174454 ], [ 73.045104779510069, 18.015247126254025 ], [ 73.045107801528019, 18.014973222185599 ] ], [ [ 73.044833611447842, 18.013874714449866 ], [ 73.045119889062107, 18.013877605829585 ], [ 73.045116867259225, 18.014151509930933 ], [ 73.045403145369079, 18.014154400934764 ], [ 73.045400123954266, 18.01442830507477 ], [ 73.044827566904644, 18.014422522550543 ], [ 73.044833611447842, 18.013874714449866 ] ], [ [ 73.053723284388866, 18.012594622978959 ], [ 73.054009561456937, 18.012597501018934 ], [ 73.054006553618663, 18.012871406611641 ], [ 73.053720276108791, 18.01286852852499 ], [ 73.053723284388866, 18.012594622978959 ] ], [ [ 73.054015576972958, 18.01204968980884 ], [ 73.054301853210958, 18.012052567332709 ], [ 73.054298845921494, 18.012326472988537 ], [ 73.054012569241706, 18.012323595417996 ], [ 73.054015576972958, 18.01204968980884 ] ] ], [ [ [ 73.03705254791241, 18.018452833625922 ], [ 73.036766264294585, 18.018449929608025 ], [ 73.036763228760833, 18.018723832206753 ], [ 73.037049512820602, 18.018726736271731 ], [ 73.03705254791241, 18.018452833625922 ] ] ], [ [ [ 73.037600840135639, 18.02064986208217 ], [ 73.037314552873994, 18.020646958533476 ], [ 73.037317587901711, 18.020373055898226 ], [ 73.037031301136039, 18.020370151973665 ], [ 73.037025230142604, 18.020917957141762 ], [ 73.037597805495963, 18.020923764756255 ], [ 73.037600840135639, 18.02064986208217 ] ] ] ] } },
{ "type": "Feature", "properties": { "patch_id": 4286, "area_m2": 1257727.9831849097, "area_ha_site": 125.77279831849097, "area_km2": 1.2577279831849097, "site_size_class": "Very Large", "centroid_x": 293184.5772469769, "centroid_y": 1993085.0858592596, "area_rank": 2, "village": "Sanderi", "subdistric": "Mhasla", "vlcode": "554945", "population": 1512.0, "multihazard_priority_100": 76.898873155426855, "recommendation_rank": 1, "recommendation_status": "Suitable Candidate", "area_ha": 125.77279831849096, "required_area_ha": 15.12, "estimated_capacity_people": 12577.279831849097, "capacity_ratio": 8.3183067670959616, "distance_km": 21.432016467624194, "site_flood": 39.082473754882812, "site_landslide": 16.225446701049805, "site_slope_deg": 1.600567102432251, "site_road_dist_m": 2215.3359375, "final_feasibility_score": 64.289760029697462, "recommendation_reason": "125.8 ha available; capacity ratio 8.3x; 21.4 km from habitation; flood score 39.1; landslide score 16.2; mean slope 1.6°" }, "geometry": { "type": "MultiPolygon", "coordinates": [ [ [ [ 73.037890161594959, 18.020378862478534 ], [ 73.03788105900199, 18.021200570641991 ], [ 73.038167347255637, 18.021203473438916 ], [ 73.038170381065228, 18.020929570678945 ], [ 73.039029244823809, 18.020938276390851 ], [ 73.039038341950715, 18.020116567638105 ], [ 73.039610915407366, 18.020122369049115 ], [ 73.039607883969694, 18.020396272068982 ], [ 73.039894171220894, 18.020399172187108 ], [ 73.039885077910384, 18.021220881338383 ], [ 73.041316521605353, 18.021235376289884 ], [ 73.041319550552615, 18.020961473012701 ], [ 73.042464704710213, 18.020973061172736 ], [ 73.042461677531094, 18.021246964637786 ], [ 73.043320545040757, 18.021255651457597 ], [ 73.043317519133936, 18.021529555055249 ], [ 73.043603808853504, 18.021532449862853 ], [ 73.043600783334909, 18.021806353499201 ], [ 73.043887073550351, 18.021809247930761 ], [ 73.043884048419997, 18.022083151605798 ], [ 73.044170339131313, 18.022086045661297 ], [ 73.04416428959334, 18.022633853080499 ], [ 73.044450581242572, 18.022636746806828 ], [ 73.044447556834982, 18.022910650550994 ], [ 73.044733848980101, 18.022913543901229 ], [ 73.04473687294562, 18.022639640110167 ], [ 73.045023164702428, 18.022642532990499 ], [ 73.045020141178995, 18.022916436828456 ], [ 73.046451602979957, 18.022930895119497 ], [ 73.046457645552238, 18.022383086966588 ], [ 73.04674393718949, 18.022385977262058 ], [ 73.046737895501394, 18.022933785508677 ], [ 73.04731048070542, 18.02293956501801 ], [ 73.047313500692155, 18.022665660805135 ], [ 73.047886085226835, 18.022671438528768 ], [ 73.047889104275697, 18.022397534213994 ], [ 73.04817539618152, 18.02240042239448 ], [ 73.048202561226759, 18.019935282769726 ], [ 73.047916273299322, 18.01993239501061 ], [ 73.047922310269527, 18.019384586208222 ], [ 73.048781171560861, 18.019393247935877 ], [ 73.048784188639473, 18.019119343381902 ], [ 73.049643049087834, 18.019128001162883 ], [ 73.049646064786842, 18.018854096460302 ], [ 73.050218637803354, 18.018859866106158 ], [ 73.050224667272545, 18.018312056489215 ], [ 73.050510952977305, 18.018314940584247 ], [ 73.050513967189488, 18.018041035716671 ], [ 73.051086537875932, 18.01804680254455 ], [ 73.051089551150611, 18.017772897575231 ], [ 73.051375836132294, 18.017775780308092 ], [ 73.051381861636955, 18.017227970251302 ], [ 73.051668145788341, 18.017230852467804 ], [ 73.051662121167567, 18.017778662618063 ], [ 73.052807261844421, 18.017790187629107 ], [ 73.05280425122146, 18.018064092878781 ], [ 73.053376822765159, 18.018069852940386 ], [ 73.053373812972566, 18.018343758275218 ], [ 73.053660099266693, 18.01834663771837 ], [ 73.053657089862526, 18.018620543091668 ], [ 73.054229663495306, 18.018626300802616 ], [ 73.054232672015516, 18.018352395335967 ], [ 73.054518958470211, 18.018355273510416 ], [ 73.054524974466176, 18.017807462459089 ], [ 73.05481126009046, 18.017810340117311 ], [ 73.054817274988508, 18.017262528939774 ], [ 73.054530990248111, 18.017259651374868 ], [ 73.054546028766595, 18.015890123520354 ], [ 73.054259746289304, 18.015887245765906 ], [ 73.054262754274376, 18.015613340217001 ], [ 73.054549036309794, 18.015616217924773 ], [ 73.054570087613996, 18.013698878525442 ], [ 73.054856366609869, 18.013701755483773 ], [ 73.054871399441609, 18.012332226861375 ], [ 73.055157676281908, 18.012335103163661 ], [ 73.055172705567486, 18.010965574102421 ], [ 73.054886430936065, 18.010962698033385 ], [ 73.054892443159417, 18.010414886444625 ], [ 73.054319895824065, 18.010409133225043 ], [ 73.054310874758286, 18.011230850315879 ], [ 73.054024599845604, 18.011227972932023 ], [ 73.054021592274893, 18.011501878565852 ], [ 73.05373531697397, 18.011499000712593 ], [ 73.053729300788461, 18.012046811862223 ], [ 73.053443024657497, 18.012043933492865 ], [ 73.053440016042671, 18.012317839008659 ], [ 73.053153739523438, 18.012314960169871 ], [ 73.053150730413293, 18.012588865630747 ], [ 73.052864453505805, 18.012585986322506 ], [ 73.052861443900312, 18.012859891728457 ], [ 73.052288889362373, 18.012854131750291 ], [ 73.052285878819703, 18.013128037054607 ], [ 73.051999601189266, 18.01312515638466 ], [ 73.052002612173752, 18.012851251127064 ], [ 73.051716335038691, 18.012848370081073 ], [ 73.05171332361239, 18.013122275291941 ], [ 73.051427046089117, 18.013119393776456 ], [ 73.051424034167425, 18.013393298932364 ], [ 73.051137756255912, 18.01339041694737 ], [ 73.051128718843813, 18.014212132225513 ], [ 73.049697323462809, 18.014197715257527 ], [ 73.049700338196317, 18.013923810406848 ], [ 73.049414059722821, 18.013920925791652 ], [ 73.049417074844513, 18.013647020979526 ], [ 73.049130796866507, 18.013644135988326 ], [ 73.049139843235167, 18.012822421642959 ], [ 73.049426119887741, 18.012825306493788 ], [ 73.049432149648339, 18.012277496795498 ], [ 73.049145873879368, 18.012274612038251 ], [ 73.049148889121014, 18.012000707223553 ], [ 73.048862613847461, 18.01199782209035 ], [ 73.048868645053318, 18.011450012529874 ], [ 73.049441193886963, 18.011455782186371 ], [ 73.049444208525884, 18.011181877300213 ], [ 73.049730482581396, 18.011184761447595 ], [ 73.049733496724926, 18.010910856506424 ], [ 73.049447223111159, 18.010907972405821 ], [ 73.049450237642816, 18.010634067503208 ], [ 73.049736510814839, 18.010636951557032 ], [ 73.049739524851105, 18.010363046599416 ], [ 73.049453252120813, 18.01036016259237 ], [ 73.049456266545192, 18.010086257673308 ], [ 73.048883722128991, 18.010080488484711 ], [ 73.048886737383171, 18.009806583651006 ], [ 73.048314194065014, 18.009800812865262 ], [ 73.048311177927403, 18.010074717605359 ], [ 73.047166090168332, 18.010063170774398 ], [ 73.047163072210139, 18.010337075318976 ], [ 73.046304255629494, 18.010328410616992 ], [ 73.046307274912849, 18.010054506212956 ], [ 73.046021003268464, 18.010051617180437 ], [ 73.046024022939832, 18.009777712815048 ], [ 73.045737751790895, 18.009774823406712 ], [ 73.045740771850234, 18.009500919079954 ], [ 73.04545450119673, 18.009498029295816 ], [ 73.045457521644025, 18.009224125007709 ], [ 73.045171251485982, 18.009221234847782 ], [ 73.045180313830457, 18.008399522074754 ], [ 73.043176433505039, 18.008379280105782 ], [ 73.043179457270696, 18.008105376160017 ], [ 73.042893189309623, 18.008102482806532 ], [ 73.042890165102293, 18.008376386705361 ], [ 73.042603896753363, 18.008373492882299 ], [ 73.042600872050556, 18.008647396725955 ], [ 73.04288714084116, 18.008650290595959 ], [ 73.042884116526196, 18.008924194478329 ], [ 73.043170385812303, 18.008927087972626 ], [ 73.043167361885224, 18.00920099189371 ], [ 73.043453631666821, 18.00920388501228 ], [ 73.043450608127628, 18.009477788972063 ], [ 73.043736878404744, 18.009480681714894 ], [ 73.04373385525345, 18.00975458571337 ], [ 73.044020126026041, 18.009757478080452 ], [ 73.044017103262675, 18.010031382117621 ], [ 73.045162188657727, 18.010042947546768 ], [ 73.045159167607466, 18.010316851763307 ], [ 73.045731711510996, 18.010322632035528 ], [ 73.045728691290435, 18.010596536337605 ], [ 73.046014963764549, 18.010599425886546 ], [ 73.046011943931987, 18.010873330227259 ], [ 73.046584489924882, 18.010879108150764 ], [ 73.046587508873969, 18.010605203716334 ], [ 73.047446326940943, 18.010613867290765 ], [ 73.047443309317103, 18.010887771865725 ], [ 73.047729582555235, 18.010890658925295 ], [ 73.047726565319437, 18.011164563538856 ], [ 73.048012839053015, 18.011167450222541 ], [ 73.048015855847055, 18.010893545562155 ], [ 73.04830212919255, 18.01089643177631 ], [ 73.048290063461351, 18.011992050555737 ], [ 73.048576338627583, 18.011994936534414 ], [ 73.048567290091, 18.012816650673031 ], [ 73.048853566636268, 18.012819536369374 ], [ 73.048847534893852, 18.013367345847591 ], [ 73.048561257464968, 18.013364460057645 ], [ 73.048558241071447, 18.013638364737609 ], [ 73.047985685491042, 18.013632591795773 ], [ 73.047982668160202, 18.013906496373888 ], [ 73.047123833866749, 18.013897833649821 ], [ 73.047120815156703, 18.014171738079209 ], [ 73.046548258345922, 18.01416596072222 ], [ 73.046551277939628, 18.013892056386521 ], [ 73.04626500005665, 18.013889167120695 ], [ 73.046258959931833, 18.01443697569016 ], [ 73.04568640255971, 18.014431195702695 ], [ 73.045692444451888, 18.01388338732071 ], [ 73.045978722227403, 18.013886277432093 ], [ 73.045981742651037, 18.013612373181886 ], [ 73.045695465317351, 18.013609483117367 ], [ 73.045701506887056, 18.013061674686007 ], [ 73.045128954148183, 18.013055893476178 ], [ 73.045125932506579, 18.013329797602211 ], [ 73.044839655775974, 18.013326906316269 ], [ 73.044842677859378, 18.013053002237125 ], [ 73.043983849315609, 18.013044325983401 ], [ 73.043986872670658, 18.012770422036741 ], [ 73.043414321460688, 18.012764635847642 ], [ 73.043417345645523, 18.01249073198661 ], [ 73.043703620781812, 18.012493625245611 ], [ 73.043706644471058, 18.012219721329412 ], [ 73.043420369776555, 18.012216828117339 ], [ 73.043423393853786, 18.011942924239833 ], [ 73.043137119654858, 18.011940030651957 ], [ 73.043134095135841, 18.012213934482521 ], [ 73.042561546015889, 18.012208145944683 ], [ 73.042564571418438, 18.011934242208003 ], [ 73.042278297380989, 18.011931347351929 ], [ 73.042284348908126, 18.011383539947786 ], [ 73.042856895269821, 18.0113893290494 ], [ 73.042862944814644, 18.010841521424542 ], [ 73.04257667249037, 18.01083862717898 ], [ 73.042582722703372, 18.010290819615097 ], [ 73.041437637478495, 18.010279238781536 ], [ 73.041431583731637, 18.010827045969716 ], [ 73.04171785584056, 18.010829941906085 ], [ 73.041711802761768, 18.011377749155304 ], [ 73.041139256830803, 18.011371956671962 ], [ 73.041145311676587, 18.010824149610652 ], [ 73.040859039675397, 18.010821252828883 ], [ 73.04085601183769, 18.011095156316671 ], [ 73.040569739448642, 18.011092259065205 ], [ 73.040560654287034, 18.011913969338199 ], [ 73.040274380626585, 18.011911071523031 ], [ 73.040268322699205, 18.012458878236551 ], [ 73.040554597243215, 18.012461776145717 ], [ 73.040551568640467, 18.012735679537126 ], [ 73.040837843680137, 18.01273857707055 ], [ 73.040834815465317, 18.013012480500723 ], [ 73.041121091000647, 18.013015377658384 ], [ 73.041118063173741, 18.013289281127314 ], [ 73.041404339204774, 18.013292177909204 ], [ 73.041380118184932, 18.015483405740177 ], [ 73.041666397804534, 18.015486302475093 ], [ 73.041660342894687, 18.016034109444476 ], [ 73.040515221204458, 18.016022519592028 ], [ 73.04052127964934, 18.015474712998522 ], [ 73.040807559107321, 18.015477611001891 ], [ 73.040810587807073, 18.015203707645796 ], [ 73.041096866877069, 18.015206605179362 ], [ 73.041105951327452, 18.014384894920731 ], [ 73.040819673583002, 18.014381997528133 ], [ 73.040822702067217, 18.014108094139111 ], [ 73.040536424818484, 18.014105196370714 ], [ 73.040527337878672, 18.014926906372089 ], [ 73.039954780891833, 18.014921109284931 ], [ 73.039948720895055, 18.015468915723336 ], [ 73.03966244159875, 18.015466016451519 ], [ 73.039653349873674, 18.016287725906338 ], [ 73.041657315358975, 18.01630801291682 ], [ 73.041654287769404, 18.016581916380936 ], [ 73.042513132253987, 18.016590604612318 ], [ 73.042510105936287, 18.016864508209082 ], [ 73.043082670079016, 18.016870298342994 ], [ 73.043079644591316, 18.017144202025417 ], [ 73.04336592718532, 18.017147096505028 ], [ 73.043362902085718, 18.017421000226154 ], [ 73.043649185175468, 18.017423894329831 ], [ 73.043646160463993, 18.01769779808965 ], [ 73.043932444049489, 18.017700691817378 ], [ 73.043920346433325, 18.018796306962049 ], [ 73.045065488384466, 18.018807878394675 ], [ 73.045068511101334, 18.018533974433236 ], [ 73.0453547962816, 18.018536866187247 ], [ 73.045351774006676, 18.018810770195575 ], [ 73.045638059682659, 18.018813661573567 ], [ 73.045632015855546, 18.019361469659287 ], [ 73.044200583593508, 18.019347008071335 ], [ 73.04419453513141, 18.019894815655185 ], [ 73.039900233158349, 18.019851366045092 ], [ 73.039903264046217, 18.019577462961735 ], [ 73.039616978120989, 18.019574562984662 ], [ 73.039620009396927, 18.019300659940086 ], [ 73.038188582789658, 18.019286153946162 ], [ 73.038191616221553, 18.01901225112854 ], [ 73.037619046840234, 18.019006445864729 ], [ 73.0376220811021, 18.018732543132998 ], [ 73.037049512820602, 18.018726736271731 ], [ 73.037043442475039, 18.01927454153865 ], [ 73.03618458780592, 18.019265827792484 ], [ 73.036187624331603, 18.018991925304416 ], [ 73.035615055706188, 18.018986114119986 ], [ 73.035612018296547, 18.019260016513833 ], [ 73.035325733622912, 18.019257110240147 ], [ 73.035319657757597, 18.019804914908882 ], [ 73.035033372254034, 18.019802008118038 ], [ 73.035027295288572, 18.020349812659564 ], [ 73.035313581676135, 18.020352719544665 ], [ 73.03531054355436, 18.020626621850209 ], [ 73.035596830437967, 18.020629528359503 ], [ 73.035587717074463, 18.021451235368069 ], [ 73.036732870453434, 18.021462857741071 ], [ 73.03673590652717, 18.021188955224698 ], [ 73.037022194564884, 18.021191859713454 ], [ 73.037025230142604, 18.020917957141762 ], [ 73.036738942546904, 18.020915052700094 ], [ 73.036745014424369, 18.020367247626169 ], [ 73.0364587277667, 18.020364342855739 ], [ 73.036464800312174, 18.019816537843063 ], [ 73.036751086085843, 18.019819442519307 ], [ 73.0367480502821, 18.020093345076859 ], [ 73.037320622875427, 18.020099153254751 ], [ 73.037317587901711, 18.020373055898226 ], [ 73.037890161594959, 18.020378862478534 ] ], [ [ 73.05198755671563, 18.014220777332774 ], [ 73.051981534157392, 18.014768587757473 ], [ 73.05112269363444, 18.014759942369807 ], [ 73.051128718843813, 18.014212132225513 ], [ 73.05198755671563, 18.014220777332774 ] ], [ [ 73.045357818502737, 18.018262962170695 ], [ 73.045930388140604, 18.018268744316263 ], [ 73.045933409424094, 18.017994840197733 ], [ 73.046219693881682, 18.017997730589315 ], [ 73.046210631195891, 18.018819443060838 ], [ 73.045924345412416, 18.018816552528655 ], [ 73.045927366803369, 18.018542648426571 ], [ 73.0453547962816, 18.018536866187247 ], [ 73.045357818502737, 18.018262962170695 ] ], [ [ 73.046222714669483, 18.017723826415679 ], [ 73.046508998738872, 18.017726716337513 ], [ 73.046505978393014, 18.018000620558009 ], [ 73.046219693881682, 18.017997730589315 ], [ 73.046222714669483, 18.017723826415679 ] ], [ [ 73.037329727472724, 18.019277445274895 ], [ 73.03732669266094, 18.019551347943079 ], [ 73.037040407221269, 18.019548444159756 ], [ 73.037043442475039, 18.01927454153865 ], [ 73.037329727472724, 18.019277445274895 ] ], [ [ 73.04733161948468, 18.021022235354973 ], [ 73.047617909072812, 18.021025124147286 ], [ 73.047605831860835, 18.022120741334319 ], [ 73.047319540504503, 18.022117852354672 ], [ 73.04733161948468, 18.021022235354973 ] ], [ [ 73.038176448522549, 18.020381765134289 ], [ 73.038462735504083, 18.020384667367104 ], [ 73.038459702244424, 18.020658570190598 ], [ 73.038173414820875, 18.020655667910731 ], [ 73.038176448522549, 18.020381765134289 ] ], [ [ 73.041328637071146, 18.020139763131763 ], [ 73.041614924203699, 18.020142660665275 ], [ 73.041608867462585, 18.020690467354751 ], [ 73.041322579445989, 18.02068756972729 ], [ 73.041328637071146, 18.020139763131763 ] ], [ [ 73.046789243000461, 18.018277414362942 ], [ 73.0470755280612, 18.018280303532713 ], [ 73.047072508491809, 18.018554207830444 ], [ 73.046786222989113, 18.018551318613827 ], [ 73.046789243000461, 18.018277414362942 ] ], [ [ 73.047651116975558, 18.018012176203946 ], [ 73.047364832249357, 18.018009287926795 ], [ 73.047367851269371, 18.017735383565764 ], [ 73.047654135553614, 18.017738271796084 ], [ 73.047651116975558, 18.018012176203946 ] ], [ [ 73.047657154077982, 18.017464367379997 ], [ 73.047943437973984, 18.017467255140616 ], [ 73.04794041989156, 18.017741159603528 ], [ 73.047654135553614, 18.017738271796084 ], [ 73.047657154077982, 18.017464367379997 ] ], [ [ 73.047370870235682, 18.017461479196506 ], [ 73.04737388914829, 18.017187574819012 ], [ 73.04766017254866, 18.017190462955668 ], [ 73.047657154077982, 18.017464367379997 ], [ 73.047370870235682, 18.017461479196506 ] ], [ [ 73.046807361940424, 18.016633988684799 ], [ 73.046804342251392, 18.016907892985063 ], [ 73.046518059454073, 18.016905003626658 ], [ 73.046521079585006, 18.016631099373249 ], [ 73.046807361940424, 18.016633988684799 ] ], [ [ 73.046234797283319, 18.016628209638839 ], [ 73.046237817802449, 18.016354305424056 ], [ 73.046524099662236, 18.016357195111596 ], [ 73.046521079585006, 18.016631099373249 ], [ 73.046234797283319, 18.016628209638839 ] ], [ [ 73.043676405157612, 18.01495876012104 ], [ 73.043673380930358, 18.015232663954936 ], [ 73.043387101375799, 18.015229770226671 ], [ 73.043390126044898, 18.014955866439699 ], [ 73.043676405157612, 18.01495876012104 ] ], [ [ 73.043103846986, 18.014952972335561 ], [ 73.043106872043168, 18.014679068587292 ], [ 73.042820593479945, 18.014676174107286 ], [ 73.042823618925127, 18.014402270397731 ], [ 73.042537340857564, 18.014399375541874 ], [ 73.042558520559496, 18.012482049673146 ], [ 73.043131070563035, 18.01248783830486 ], [ 73.04312502125596, 18.013035645924848 ], [ 73.043411297222036, 18.01303853970046 ], [ 73.043390126044898, 18.014955866439699 ], [ 73.043103846986, 18.014952972335561 ] ], [ [ 73.045107801528019, 18.014973222185599 ], [ 73.045394080963405, 18.014976113330082 ], [ 73.045391059387342, 18.0152500174454 ], [ 73.045104779510069, 18.015247126254025 ], [ 73.045107801528019, 18.014973222185599 ] ], [ [ 73.044833611447842, 18.013874714449866 ], [ 73.045119889062107, 18.013877605829585 ], [ 73.045116867259225, 18.014151509930933 ], [ 73.045403145369079, 18.014154400934764 ], [ 73.045400123954266, 18.01442830507477 ], [ 73.044827566904644, 18.014422522550543 ], [ 73.044833611447842, 18.013874714449866 ] ], [ [ 73.053723284388866, 18.012594622978959 ], [ 73.054009561456937, 18.012597501018934 ], [ 73.054006553618663, 18.012871406611641 ], [ 73.053720276108791, 18.01286852852499 ], [ 73.053723284388866, 18.012594622978959 ] ], [ [ 73.054015576972958, 18.01204968980884 ], [ 73.054301853210958, 18.012052567332709 ], [ 73.054298845921494, 18.012326472988537 ], [ 73.054012569241706, 18.012323595417996 ], [ 73.054015576972958, 18.01204968980884 ] ] ], [ [ [ 73.03705254791241, 18.018452833625922 ], [ 73.036766264294585, 18.018449929608025 ], [ 73.036763228760833, 18.018723832206753 ], [ 73.037049512820602, 18.018726736271731 ], [ 73.03705254791241, 18.018452833625922 ] ] ], [ [ [ 73.037600840135639, 18.02064986208217 ], [ 73.037314552873994, 18.020646958533476 ], [ 73.037317587901711, 18.020373055898226 ], [ 73.037031301136039, 18.020370151973665 ], [ 73.037025230142604, 18.020917957141762 ], [ 73.037597805495963, 18.020923764756255 ], [ 73.037600840135639, 18.02064986208217 ] ] ] ] } },
{ "type": "Feature", "properties": { "patch_id": 4286, "area_m2": 1257727.9831849097, "area_ha_site": 125.77279831849097, "area_km2": 1.2577279831849097, "site_size_class": "Very Large", "centroid_x": 293184.5772469769, "centroid_y": 1993085.0858592596, "area_rank": 2, "village": "Mahammad Khanikhar", "subdistric": "Mhasla", "vlcode": "554948", "population": 1176.0, "multihazard_priority_100": 75.999919719621104, "recommendation_rank": 1, "recommendation_status": "Suitable Candidate", "area_ha": 125.77279831849096, "required_area_ha": 11.76, "estimated_capacity_people": 12577.279831849097, "capacity_ratio": 10.694965843409094, "distance_km": 18.567192109557137, "site_flood": 39.082473754882812, "site_landslide": 16.225446701049805, "site_slope_deg": 1.600567102432251, "site_road_dist_m": 2215.3359375, "final_feasibility_score": 66.868101951957811, "recommendation_reason": "125.8 ha available; capacity ratio 10.7x; 18.6 km from habitation; flood score 39.1; landslide score 16.2; mean slope 1.6°" }, "geometry": { "type": "MultiPolygon", "coordinates": [ [ [ [ 73.037890161594959, 18.020378862478534 ], [ 73.03788105900199, 18.021200570641991 ], [ 73.038167347255637, 18.021203473438916 ], [ 73.038170381065228, 18.020929570678945 ], [ 73.039029244823809, 18.020938276390851 ], [ 73.039038341950715, 18.020116567638105 ], [ 73.039610915407366, 18.020122369049115 ], [ 73.039607883969694, 18.020396272068982 ], [ 73.039894171220894, 18.020399172187108 ], [ 73.039885077910384, 18.021220881338383 ], [ 73.041316521605353, 18.021235376289884 ], [ 73.041319550552615, 18.020961473012701 ], [ 73.042464704710213, 18.020973061172736 ], [ 73.042461677531094, 18.021246964637786 ], [ 73.043320545040757, 18.021255651457597 ], [ 73.043317519133936, 18.021529555055249 ], [ 73.043603808853504, 18.021532449862853 ], [ 73.043600783334909, 18.021806353499201 ], [ 73.043887073550351, 18.021809247930761 ], [ 73.043884048419997, 18.022083151605798 ], [ 73.044170339131313, 18.022086045661297 ], [ 73.04416428959334, 18.022633853080499 ], [ 73.044450581242572, 18.022636746806828 ], [ 73.044447556834982, 18.022910650550994 ], [ 73.044733848980101, 18.022913543901229 ], [ 73.04473687294562, 18.022639640110167 ], [ 73.045023164702428, 18.022642532990499 ], [ 73.045020141178995, 18.022916436828456 ], [ 73.046451602979957, 18.022930895119497 ], [ 73.046457645552238, 18.022383086966588 ], [ 73.04674393718949, 18.022385977262058 ], [ 73.046737895501394, 18.022933785508677 ], [ 73.04731048070542, 18.02293956501801 ], [ 73.047313500692155, 18.022665660805135 ], [ 73.047886085226835, 18.022671438528768 ], [ 73.047889104275697, 18.022397534213994 ], [ 73.04817539618152, 18.02240042239448 ], [ 73.048202561226759, 18.019935282769726 ], [ 73.047916273299322, 18.01993239501061 ], [ 73.047922310269527, 18.019384586208222 ], [ 73.048781171560861, 18.019393247935877 ], [ 73.048784188639473, 18.019119343381902 ], [ 73.049643049087834, 18.019128001162883 ], [ 73.049646064786842, 18.018854096460302 ], [ 73.050218637803354, 18.018859866106158 ], [ 73.050224667272545, 18.018312056489215 ], [ 73.050510952977305, 18.018314940584247 ], [ 73.050513967189488, 18.018041035716671 ], [ 73.051086537875932, 18.01804680254455 ], [ 73.051089551150611, 18.017772897575231 ], [ 73.051375836132294, 18.017775780308092 ], [ 73.051381861636955, 18.017227970251302 ], [ 73.051668145788341, 18.017230852467804 ], [ 73.051662121167567, 18.017778662618063 ], [ 73.052807261844421, 18.017790187629107 ], [ 73.05280425122146, 18.018064092878781 ], [ 73.053376822765159, 18.018069852940386 ], [ 73.053373812972566, 18.018343758275218 ], [ 73.053660099266693, 18.01834663771837 ], [ 73.053657089862526, 18.018620543091668 ], [ 73.054229663495306, 18.018626300802616 ], [ 73.054232672015516, 18.018352395335967 ], [ 73.054518958470211, 18.018355273510416 ], [ 73.054524974466176, 18.017807462459089 ], [ 73.05481126009046, 18.017810340117311 ], [ 73.054817274988508, 18.017262528939774 ], [ 73.054530990248111, 18.017259651374868 ], [ 73.054546028766595, 18.015890123520354 ], [ 73.054259746289304, 18.015887245765906 ], [ 73.054262754274376, 18.015613340217001 ], [ 73.054549036309794, 18.015616217924773 ], [ 73.054570087613996, 18.013698878525442 ], [ 73.054856366609869, 18.013701755483773 ], [ 73.054871399441609, 18.012332226861375 ], [ 73.055157676281908, 18.012335103163661 ], [ 73.055172705567486, 18.010965574102421 ], [ 73.054886430936065, 18.010962698033385 ], [ 73.054892443159417, 18.010414886444625 ], [ 73.054319895824065, 18.010409133225043 ], [ 73.054310874758286, 18.011230850315879 ], [ 73.054024599845604, 18.011227972932023 ], [ 73.054021592274893, 18.011501878565852 ], [ 73.05373531697397, 18.011499000712593 ], [ 73.053729300788461, 18.012046811862223 ], [ 73.053443024657497, 18.012043933492865 ], [ 73.053440016042671, 18.012317839008659 ], [ 73.053153739523438, 18.012314960169871 ], [ 73.053150730413293, 18.012588865630747 ], [ 73.052864453505805, 18.012585986322506 ], [ 73.052861443900312, 18.012859891728457 ], [ 73.052288889362373, 18.012854131750291 ], [ 73.052285878819703, 18.013128037054607 ], [ 73.051999601189266, 18.01312515638466 ], [ 73.052002612173752, 18.012851251127064 ], [ 73.051716335038691, 18.012848370081073 ], [ 73.05171332361239, 18.013122275291941 ], [ 73.051427046089117, 18.013119393776456 ], [ 73.051424034167425, 18.013393298932364 ], [ 73.051137756255912, 18.01339041694737 ], [ 73.051128718843813, 18.014212132225513 ], [ 73.049697323462809, 18.014197715257527 ], [ 73.049700338196317, 18.013923810406848 ], [ 73.049414059722821, 18.013920925791652 ], [ 73.049417074844513, 18.013647020979526 ], [ 73.049130796866507, 18.013644135988326 ], [ 73.049139843235167, 18.012822421642959 ], [ 73.049426119887741, 18.012825306493788 ], [ 73.049432149648339, 18.012277496795498 ], [ 73.049145873879368, 18.012274612038251 ], [ 73.049148889121014, 18.012000707223553 ], [ 73.048862613847461, 18.01199782209035 ], [ 73.048868645053318, 18.011450012529874 ], [ 73.049441193886963, 18.011455782186371 ], [ 73.049444208525884, 18.011181877300213 ], [ 73.049730482581396, 18.011184761447595 ], [ 73.049733496724926, 18.010910856506424 ], [ 73.049447223111159, 18.010907972405821 ], [ 73.049450237642816, 18.010634067503208 ], [ 73.049736510814839, 18.010636951557032 ], [ 73.049739524851105, 18.010363046599416 ], [ 73.049453252120813, 18.01036016259237 ], [ 73.049456266545192, 18.010086257673308 ], [ 73.048883722128991, 18.010080488484711 ], [ 73.048886737383171, 18.009806583651006 ], [ 73.048314194065014, 18.009800812865262 ], [ 73.048311177927403, 18.010074717605359 ], [ 73.047166090168332, 18.010063170774398 ], [ 73.047163072210139, 18.010337075318976 ], [ 73.046304255629494, 18.010328410616992 ], [ 73.046307274912849, 18.010054506212956 ], [ 73.046021003268464, 18.010051617180437 ], [ 73.046024022939832, 18.009777712815048 ], [ 73.045737751790895, 18.009774823406712 ], [ 73.045740771850234, 18.009500919079954 ], [ 73.04545450119673, 18.009498029295816 ], [ 73.045457521644025, 18.009224125007709 ], [ 73.045171251485982, 18.009221234847782 ], [ 73.045180313830457, 18.008399522074754 ], [ 73.043176433505039, 18.008379280105782 ], [ 73.043179457270696, 18.008105376160017 ], [ 73.042893189309623, 18.008102482806532 ], [ 73.042890165102293, 18.008376386705361 ], [ 73.042603896753363, 18.008373492882299 ], [ 73.042600872050556, 18.008647396725955 ], [ 73.04288714084116, 18.008650290595959 ], [ 73.042884116526196, 18.008924194478329 ], [ 73.043170385812303, 18.008927087972626 ], [ 73.043167361885224, 18.00920099189371 ], [ 73.043453631666821, 18.00920388501228 ], [ 73.043450608127628, 18.009477788972063 ], [ 73.043736878404744, 18.009480681714894 ], [ 73.04373385525345, 18.00975458571337 ], [ 73.044020126026041, 18.009757478080452 ], [ 73.044017103262675, 18.010031382117621 ], [ 73.045162188657727, 18.010042947546768 ], [ 73.045159167607466, 18.010316851763307 ], [ 73.045731711510996, 18.010322632035528 ], [ 73.045728691290435, 18.010596536337605 ], [ 73.046014963764549, 18.010599425886546 ], [ 73.046011943931987, 18.010873330227259 ], [ 73.046584489924882, 18.010879108150764 ], [ 73.046587508873969, 18.010605203716334 ], [ 73.047446326940943, 18.010613867290765 ], [ 73.047443309317103, 18.010887771865725 ], [ 73.047729582555235, 18.010890658925295 ], [ 73.047726565319437, 18.011164563538856 ], [ 73.048012839053015, 18.011167450222541 ], [ 73.048015855847055, 18.010893545562155 ], [ 73.04830212919255, 18.01089643177631 ], [ 73.048290063461351, 18.011992050555737 ], [ 73.048576338627583, 18.011994936534414 ], [ 73.048567290091, 18.012816650673031 ], [ 73.048853566636268, 18.012819536369374 ], [ 73.048847534893852, 18.013367345847591 ], [ 73.048561257464968, 18.013364460057645 ], [ 73.048558241071447, 18.013638364737609 ], [ 73.047985685491042, 18.013632591795773 ], [ 73.047982668160202, 18.013906496373888 ], [ 73.047123833866749, 18.013897833649821 ], [ 73.047120815156703, 18.014171738079209 ], [ 73.046548258345922, 18.01416596072222 ], [ 73.046551277939628, 18.013892056386521 ], [ 73.04626500005665, 18.013889167120695 ], [ 73.046258959931833, 18.01443697569016 ], [ 73.04568640255971, 18.014431195702695 ], [ 73.045692444451888, 18.01388338732071 ], [ 73.045978722227403, 18.013886277432093 ], [ 73.045981742651037, 18.013612373181886 ], [ 73.045695465317351, 18.013609483117367 ], [ 73.045701506887056, 18.013061674686007 ], [ 73.045128954148183, 18.013055893476178 ], [ 73.045125932506579, 18.013329797602211 ], [ 73.044839655775974, 18.013326906316269 ], [ 73.044842677859378, 18.013053002237125 ], [ 73.043983849315609, 18.013044325983401 ], [ 73.043986872670658, 18.012770422036741 ], [ 73.043414321460688, 18.012764635847642 ], [ 73.043417345645523, 18.01249073198661 ], [ 73.043703620781812, 18.012493625245611 ], [ 73.043706644471058, 18.012219721329412 ], [ 73.043420369776555, 18.012216828117339 ], [ 73.043423393853786, 18.011942924239833 ], [ 73.043137119654858, 18.011940030651957 ], [ 73.043134095135841, 18.012213934482521 ], [ 73.042561546015889, 18.012208145944683 ], [ 73.042564571418438, 18.011934242208003 ], [ 73.042278297380989, 18.011931347351929 ], [ 73.042284348908126, 18.011383539947786 ], [ 73.042856895269821, 18.0113893290494 ], [ 73.042862944814644, 18.010841521424542 ], [ 73.04257667249037, 18.01083862717898 ], [ 73.042582722703372, 18.010290819615097 ], [ 73.041437637478495, 18.010279238781536 ], [ 73.041431583731637, 18.010827045969716 ], [ 73.04171785584056, 18.010829941906085 ], [ 73.041711802761768, 18.011377749155304 ], [ 73.041139256830803, 18.011371956671962 ], [ 73.041145311676587, 18.010824149610652 ], [ 73.040859039675397, 18.010821252828883 ], [ 73.04085601183769, 18.011095156316671 ], [ 73.040569739448642, 18.011092259065205 ], [ 73.040560654287034, 18.011913969338199 ], [ 73.040274380626585, 18.011911071523031 ], [ 73.040268322699205, 18.012458878236551 ], [ 73.040554597243215, 18.012461776145717 ], [ 73.040551568640467, 18.012735679537126 ], [ 73.040837843680137, 18.01273857707055 ], [ 73.040834815465317, 18.013012480500723 ], [ 73.041121091000647, 18.013015377658384 ], [ 73.041118063173741, 18.013289281127314 ], [ 73.041404339204774, 18.013292177909204 ], [ 73.041380118184932, 18.015483405740177 ], [ 73.041666397804534, 18.015486302475093 ], [ 73.041660342894687, 18.016034109444476 ], [ 73.040515221204458, 18.016022519592028 ], [ 73.04052127964934, 18.015474712998522 ], [ 73.040807559107321, 18.015477611001891 ], [ 73.040810587807073, 18.015203707645796 ], [ 73.041096866877069, 18.015206605179362 ], [ 73.041105951327452, 18.014384894920731 ], [ 73.040819673583002, 18.014381997528133 ], [ 73.040822702067217, 18.014108094139111 ], [ 73.040536424818484, 18.014105196370714 ], [ 73.040527337878672, 18.014926906372089 ], [ 73.039954780891833, 18.014921109284931 ], [ 73.039948720895055, 18.015468915723336 ], [ 73.03966244159875, 18.015466016451519 ], [ 73.039653349873674, 18.016287725906338 ], [ 73.041657315358975, 18.01630801291682 ], [ 73.041654287769404, 18.016581916380936 ], [ 73.042513132253987, 18.016590604612318 ], [ 73.042510105936287, 18.016864508209082 ], [ 73.043082670079016, 18.016870298342994 ], [ 73.043079644591316, 18.017144202025417 ], [ 73.04336592718532, 18.017147096505028 ], [ 73.043362902085718, 18.017421000226154 ], [ 73.043649185175468, 18.017423894329831 ], [ 73.043646160463993, 18.01769779808965 ], [ 73.043932444049489, 18.017700691817378 ], [ 73.043920346433325, 18.018796306962049 ], [ 73.045065488384466, 18.018807878394675 ], [ 73.045068511101334, 18.018533974433236 ], [ 73.0453547962816, 18.018536866187247 ], [ 73.045351774006676, 18.018810770195575 ], [ 73.045638059682659, 18.018813661573567 ], [ 73.045632015855546, 18.019361469659287 ], [ 73.044200583593508, 18.019347008071335 ], [ 73.04419453513141, 18.019894815655185 ], [ 73.039900233158349, 18.019851366045092 ], [ 73.039903264046217, 18.019577462961735 ], [ 73.039616978120989, 18.019574562984662 ], [ 73.039620009396927, 18.019300659940086 ], [ 73.038188582789658, 18.019286153946162 ], [ 73.038191616221553, 18.01901225112854 ], [ 73.037619046840234, 18.019006445864729 ], [ 73.0376220811021, 18.018732543132998 ], [ 73.037049512820602, 18.018726736271731 ], [ 73.037043442475039, 18.01927454153865 ], [ 73.03618458780592, 18.019265827792484 ], [ 73.036187624331603, 18.018991925304416 ], [ 73.035615055706188, 18.018986114119986 ], [ 73.035612018296547, 18.019260016513833 ], [ 73.035325733622912, 18.019257110240147 ], [ 73.035319657757597, 18.019804914908882 ], [ 73.035033372254034, 18.019802008118038 ], [ 73.035027295288572, 18.020349812659564 ], [ 73.035313581676135, 18.020352719544665 ], [ 73.03531054355436, 18.020626621850209 ], [ 73.035596830437967, 18.020629528359503 ], [ 73.035587717074463, 18.021451235368069 ], [ 73.036732870453434, 18.021462857741071 ], [ 73.03673590652717, 18.021188955224698 ], [ 73.037022194564884, 18.021191859713454 ], [ 73.037025230142604, 18.020917957141762 ], [ 73.036738942546904, 18.020915052700094 ], [ 73.036745014424369, 18.020367247626169 ], [ 73.0364587277667, 18.020364342855739 ], [ 73.036464800312174, 18.019816537843063 ], [ 73.036751086085843, 18.019819442519307 ], [ 73.0367480502821, 18.020093345076859 ], [ 73.037320622875427, 18.020099153254751 ], [ 73.037317587901711, 18.020373055898226 ], [ 73.037890161594959, 18.020378862478534 ] ], [ [ 73.05198755671563, 18.014220777332774 ], [ 73.051981534157392, 18.014768587757473 ], [ 73.05112269363444, 18.014759942369807 ], [ 73.051128718843813, 18.014212132225513 ], [ 73.05198755671563, 18.014220777332774 ] ], [ [ 73.045357818502737, 18.018262962170695 ], [ 73.045930388140604, 18.018268744316263 ], [ 73.045933409424094, 18.017994840197733 ], [ 73.046219693881682, 18.017997730589315 ], [ 73.046210631195891, 18.018819443060838 ], [ 73.045924345412416, 18.018816552528655 ], [ 73.045927366803369, 18.018542648426571 ], [ 73.0453547962816, 18.018536866187247 ], [ 73.045357818502737, 18.018262962170695 ] ], [ [ 73.046222714669483, 18.017723826415679 ], [ 73.046508998738872, 18.017726716337513 ], [ 73.046505978393014, 18.018000620558009 ], [ 73.046219693881682, 18.017997730589315 ], [ 73.046222714669483, 18.017723826415679 ] ], [ [ 73.037329727472724, 18.019277445274895 ], [ 73.03732669266094, 18.019551347943079 ], [ 73.037040407221269, 18.019548444159756 ], [ 73.037043442475039, 18.01927454153865 ], [ 73.037329727472724, 18.019277445274895 ] ], [ [ 73.04733161948468, 18.021022235354973 ], [ 73.047617909072812, 18.021025124147286 ], [ 73.047605831860835, 18.022120741334319 ], [ 73.047319540504503, 18.022117852354672 ], [ 73.04733161948468, 18.021022235354973 ] ], [ [ 73.038176448522549, 18.020381765134289 ], [ 73.038462735504083, 18.020384667367104 ], [ 73.038459702244424, 18.020658570190598 ], [ 73.038173414820875, 18.020655667910731 ], [ 73.038176448522549, 18.020381765134289 ] ], [ [ 73.041328637071146, 18.020139763131763 ], [ 73.041614924203699, 18.020142660665275 ], [ 73.041608867462585, 18.020690467354751 ], [ 73.041322579445989, 18.02068756972729 ], [ 73.041328637071146, 18.020139763131763 ] ], [ [ 73.046789243000461, 18.018277414362942 ], [ 73.0470755280612, 18.018280303532713 ], [ 73.047072508491809, 18.018554207830444 ], [ 73.046786222989113, 18.018551318613827 ], [ 73.046789243000461, 18.018277414362942 ] ], [ [ 73.047651116975558, 18.018012176203946 ], [ 73.047364832249357, 18.018009287926795 ], [ 73.047367851269371, 18.017735383565764 ], [ 73.047654135553614, 18.017738271796084 ], [ 73.047651116975558, 18.018012176203946 ] ], [ [ 73.047657154077982, 18.017464367379997 ], [ 73.047943437973984, 18.017467255140616 ], [ 73.04794041989156, 18.017741159603528 ], [ 73.047654135553614, 18.017738271796084 ], [ 73.047657154077982, 18.017464367379997 ] ], [ [ 73.047370870235682, 18.017461479196506 ], [ 73.04737388914829, 18.017187574819012 ], [ 73.04766017254866, 18.017190462955668 ], [ 73.047657154077982, 18.017464367379997 ], [ 73.047370870235682, 18.017461479196506 ] ], [ [ 73.046807361940424, 18.016633988684799 ], [ 73.046804342251392, 18.016907892985063 ], [ 73.046518059454073, 18.016905003626658 ], [ 73.046521079585006, 18.016631099373249 ], [ 73.046807361940424, 18.016633988684799 ] ], [ [ 73.046234797283319, 18.016628209638839 ], [ 73.046237817802449, 18.016354305424056 ], [ 73.046524099662236, 18.016357195111596 ], [ 73.046521079585006, 18.016631099373249 ], [ 73.046234797283319, 18.016628209638839 ] ], [ [ 73.043676405157612, 18.01495876012104 ], [ 73.043673380930358, 18.015232663954936 ], [ 73.043387101375799, 18.015229770226671 ], [ 73.043390126044898, 18.014955866439699 ], [ 73.043676405157612, 18.01495876012104 ] ], [ [ 73.043103846986, 18.014952972335561 ], [ 73.043106872043168, 18.014679068587292 ], [ 73.042820593479945, 18.014676174107286 ], [ 73.042823618925127, 18.014402270397731 ], [ 73.042537340857564, 18.014399375541874 ], [ 73.042558520559496, 18.012482049673146 ], [ 73.043131070563035, 18.01248783830486 ], [ 73.04312502125596, 18.013035645924848 ], [ 73.043411297222036, 18.01303853970046 ], [ 73.043390126044898, 18.014955866439699 ], [ 73.043103846986, 18.014952972335561 ] ], [ [ 73.045107801528019, 18.014973222185599 ], [ 73.045394080963405, 18.014976113330082 ], [ 73.045391059387342, 18.0152500174454 ], [ 73.045104779510069, 18.015247126254025 ], [ 73.045107801528019, 18.014973222185599 ] ], [ [ 73.044833611447842, 18.013874714449866 ], [ 73.045119889062107, 18.013877605829585 ], [ 73.045116867259225, 18.014151509930933 ], [ 73.045403145369079, 18.014154400934764 ], [ 73.045400123954266, 18.01442830507477 ], [ 73.044827566904644, 18.014422522550543 ], [ 73.044833611447842, 18.013874714449866 ] ], [ [ 73.053723284388866, 18.012594622978959 ], [ 73.054009561456937, 18.012597501018934 ], [ 73.054006553618663, 18.012871406611641 ], [ 73.053720276108791, 18.01286852852499 ], [ 73.053723284388866, 18.012594622978959 ] ], [ [ 73.054015576972958, 18.01204968980884 ], [ 73.054301853210958, 18.012052567332709 ], [ 73.054298845921494, 18.012326472988537 ], [ 73.054012569241706, 18.012323595417996 ], [ 73.054015576972958, 18.01204968980884 ] ] ], [ [ [ 73.03705254791241, 18.018452833625922 ], [ 73.036766264294585, 18.018449929608025 ], [ 73.036763228760833, 18.018723832206753 ], [ 73.037049512820602, 18.018726736271731 ], [ 73.03705254791241, 18.018452833625922 ] ] ], [ [ [ 73.037600840135639, 18.02064986208217 ], [ 73.037314552873994, 18.020646958533476 ], [ 73.037317587901711, 18.020373055898226 ], [ 73.037031301136039, 18.020370151973665 ], [ 73.037025230142604, 18.020917957141762 ], [ 73.037597805495963, 18.020923764756255 ], [ 73.037600840135639, 18.02064986208217 ] ] ] ] } },
{ "type": "Feature", "properties": { "patch_id": 4286, "area_m2": 1257727.9831849097, "area_ha_site": 125.77279831849097, "area_km2": 1.2577279831849097, "site_size_class": "Very Large", "centroid_x": 293184.5772469769, "centroid_y": 1993085.0858592596, "area_rank": 2, "village": "Wave", "subdistric": "Mhasla", "vlcode": "554939", "population": 716.0, "multihazard_priority_100": 75.22803210503379, "recommendation_rank": 1, "recommendation_status": "Suitable Candidate", "area_ha": 125.77279831849096, "required_area_ha": 7.16, "estimated_capacity_people": 12577.279831849097, "capacity_ratio": 17.566033284705441, "distance_km": 19.434756851625355, "site_flood": 39.082473754882812, "site_landslide": 16.225446701049805, "site_slope_deg": 1.600567102432251, "site_road_dist_m": 2215.3359375, "final_feasibility_score": 66.087293684096409, "recommendation_reason": "125.8 ha available; capacity ratio 17.6x; 19.4 km from habitation; flood score 39.1; landslide score 16.2; mean slope 1.6°" }, "geometry": { "type": "MultiPolygon", "coordinates": [ [ [ [ 73.037890161594959, 18.020378862478534 ], [ 73.03788105900199, 18.021200570641991 ], [ 73.038167347255637, 18.021203473438916 ], [ 73.038170381065228, 18.020929570678945 ], [ 73.039029244823809, 18.020938276390851 ], [ 73.039038341950715, 18.020116567638105 ], [ 73.039610915407366, 18.020122369049115 ], [ 73.039607883969694, 18.020396272068982 ], [ 73.039894171220894, 18.020399172187108 ], [ 73.039885077910384, 18.021220881338383 ], [ 73.041316521605353, 18.021235376289884 ], [ 73.041319550552615, 18.020961473012701 ], [ 73.042464704710213, 18.020973061172736 ], [ 73.042461677531094, 18.021246964637786 ], [ 73.043320545040757, 18.021255651457597 ], [ 73.043317519133936, 18.021529555055249 ], [ 73.043603808853504, 18.021532449862853 ], [ 73.043600783334909, 18.021806353499201 ], [ 73.043887073550351, 18.021809247930761 ], [ 73.043884048419997, 18.022083151605798 ], [ 73.044170339131313, 18.022086045661297 ], [ 73.04416428959334, 18.022633853080499 ], [ 73.044450581242572, 18.022636746806828 ], [ 73.044447556834982, 18.022910650550994 ], [ 73.044733848980101, 18.022913543901229 ], [ 73.04473687294562, 18.022639640110167 ], [ 73.045023164702428, 18.022642532990499 ], [ 73.045020141178995, 18.022916436828456 ], [ 73.046451602979957, 18.022930895119497 ], [ 73.046457645552238, 18.022383086966588 ], [ 73.04674393718949, 18.022385977262058 ], [ 73.046737895501394, 18.022933785508677 ], [ 73.04731048070542, 18.02293956501801 ], [ 73.047313500692155, 18.022665660805135 ], [ 73.047886085226835, 18.022671438528768 ], [ 73.047889104275697, 18.022397534213994 ], [ 73.04817539618152, 18.02240042239448 ], [ 73.048202561226759, 18.019935282769726 ], [ 73.047916273299322, 18.01993239501061 ], [ 73.047922310269527, 18.019384586208222 ], [ 73.048781171560861, 18.019393247935877 ], [ 73.048784188639473, 18.019119343381902 ], [ 73.049643049087834, 18.019128001162883 ], [ 73.049646064786842, 18.018854096460302 ], [ 73.050218637803354, 18.018859866106158 ], [ 73.050224667272545, 18.018312056489215 ], [ 73.050510952977305, 18.018314940584247 ], [ 73.050513967189488, 18.018041035716671 ], [ 73.051086537875932, 18.01804680254455 ], [ 73.051089551150611, 18.017772897575231 ], [ 73.051375836132294, 18.017775780308092 ], [ 73.051381861636955, 18.017227970251302 ], [ 73.051668145788341, 18.017230852467804 ], [ 73.051662121167567, 18.017778662618063 ], [ 73.052807261844421, 18.017790187629107 ], [ 73.05280425122146, 18.018064092878781 ], [ 73.053376822765159, 18.018069852940386 ], [ 73.053373812972566, 18.018343758275218 ], [ 73.053660099266693, 18.01834663771837 ], [ 73.053657089862526, 18.018620543091668 ], [ 73.054229663495306, 18.018626300802616 ], [ 73.054232672015516, 18.018352395335967 ], [ 73.054518958470211, 18.018355273510416 ], [ 73.054524974466176, 18.017807462459089 ], [ 73.05481126009046, 18.017810340117311 ], [ 73.054817274988508, 18.017262528939774 ], [ 73.054530990248111, 18.017259651374868 ], [ 73.054546028766595, 18.015890123520354 ], [ 73.054259746289304, 18.015887245765906 ], [ 73.054262754274376, 18.015613340217001 ], [ 73.054549036309794, 18.015616217924773 ], [ 73.054570087613996, 18.013698878525442 ], [ 73.054856366609869, 18.013701755483773 ], [ 73.054871399441609, 18.012332226861375 ], [ 73.055157676281908, 18.012335103163661 ], [ 73.055172705567486, 18.010965574102421 ], [ 73.054886430936065, 18.010962698033385 ], [ 73.054892443159417, 18.010414886444625 ], [ 73.054319895824065, 18.010409133225043 ], [ 73.054310874758286, 18.011230850315879 ], [ 73.054024599845604, 18.011227972932023 ], [ 73.054021592274893, 18.011501878565852 ], [ 73.05373531697397, 18.011499000712593 ], [ 73.053729300788461, 18.012046811862223 ], [ 73.053443024657497, 18.012043933492865 ], [ 73.053440016042671, 18.012317839008659 ], [ 73.053153739523438, 18.012314960169871 ], [ 73.053150730413293, 18.012588865630747 ], [ 73.052864453505805, 18.012585986322506 ], [ 73.052861443900312, 18.012859891728457 ], [ 73.052288889362373, 18.012854131750291 ], [ 73.052285878819703, 18.013128037054607 ], [ 73.051999601189266, 18.01312515638466 ], [ 73.052002612173752, 18.012851251127064 ], [ 73.051716335038691, 18.012848370081073 ], [ 73.05171332361239, 18.013122275291941 ], [ 73.051427046089117, 18.013119393776456 ], [ 73.051424034167425, 18.013393298932364 ], [ 73.051137756255912, 18.01339041694737 ], [ 73.051128718843813, 18.014212132225513 ], [ 73.049697323462809, 18.014197715257527 ], [ 73.049700338196317, 18.013923810406848 ], [ 73.049414059722821, 18.013920925791652 ], [ 73.049417074844513, 18.013647020979526 ], [ 73.049130796866507, 18.013644135988326 ], [ 73.049139843235167, 18.012822421642959 ], [ 73.049426119887741, 18.012825306493788 ], [ 73.049432149648339, 18.012277496795498 ], [ 73.049145873879368, 18.012274612038251 ], [ 73.049148889121014, 18.012000707223553 ], [ 73.048862613847461, 18.01199782209035 ], [ 73.048868645053318, 18.011450012529874 ], [ 73.049441193886963, 18.011455782186371 ], [ 73.049444208525884, 18.011181877300213 ], [ 73.049730482581396, 18.011184761447595 ], [ 73.049733496724926, 18.010910856506424 ], [ 73.049447223111159, 18.010907972405821 ], [ 73.049450237642816, 18.010634067503208 ], [ 73.049736510814839, 18.010636951557032 ], [ 73.049739524851105, 18.010363046599416 ], [ 73.049453252120813, 18.01036016259237 ], [ 73.049456266545192, 18.010086257673308 ], [ 73.048883722128991, 18.010080488484711 ], [ 73.048886737383171, 18.009806583651006 ], [ 73.048314194065014, 18.009800812865262 ], [ 73.048311177927403, 18.010074717605359 ], [ 73.047166090168332, 18.010063170774398 ], [ 73.047163072210139, 18.010337075318976 ], [ 73.046304255629494, 18.010328410616992 ], [ 73.046307274912849, 18.010054506212956 ], [ 73.046021003268464, 18.010051617180437 ], [ 73.046024022939832, 18.009777712815048 ], [ 73.045737751790895, 18.009774823406712 ], [ 73.045740771850234, 18.009500919079954 ], [ 73.04545450119673, 18.009498029295816 ], [ 73.045457521644025, 18.009224125007709 ], [ 73.045171251485982, 18.009221234847782 ], [ 73.045180313830457, 18.008399522074754 ], [ 73.043176433505039, 18.008379280105782 ], [ 73.043179457270696, 18.008105376160017 ], [ 73.042893189309623, 18.008102482806532 ], [ 73.042890165102293, 18.008376386705361 ], [ 73.042603896753363, 18.008373492882299 ], [ 73.042600872050556, 18.008647396725955 ], [ 73.04288714084116, 18.008650290595959 ], [ 73.042884116526196, 18.008924194478329 ], [ 73.043170385812303, 18.008927087972626 ], [ 73.043167361885224, 18.00920099189371 ], [ 73.043453631666821, 18.00920388501228 ], [ 73.043450608127628, 18.009477788972063 ], [ 73.043736878404744, 18.009480681714894 ], [ 73.04373385525345, 18.00975458571337 ], [ 73.044020126026041, 18.009757478080452 ], [ 73.044017103262675, 18.010031382117621 ], [ 73.045162188657727, 18.010042947546768 ], [ 73.045159167607466, 18.010316851763307 ], [ 73.045731711510996, 18.010322632035528 ], [ 73.045728691290435, 18.010596536337605 ], [ 73.046014963764549, 18.010599425886546 ], [ 73.046011943931987, 18.010873330227259 ], [ 73.046584489924882, 18.010879108150764 ], [ 73.046587508873969, 18.010605203716334 ], [ 73.047446326940943, 18.010613867290765 ], [ 73.047443309317103, 18.010887771865725 ], [ 73.047729582555235, 18.010890658925295 ], [ 73.047726565319437, 18.011164563538856 ], [ 73.048012839053015, 18.011167450222541 ], [ 73.048015855847055, 18.010893545562155 ], [ 73.04830212919255, 18.01089643177631 ], [ 73.048290063461351, 18.011992050555737 ], [ 73.048576338627583, 18.011994936534414 ], [ 73.048567290091, 18.012816650673031 ], [ 73.048853566636268, 18.012819536369374 ], [ 73.048847534893852, 18.013367345847591 ], [ 73.048561257464968, 18.013364460057645 ], [ 73.048558241071447, 18.013638364737609 ], [ 73.047985685491042, 18.013632591795773 ], [ 73.047982668160202, 18.013906496373888 ], [ 73.047123833866749, 18.013897833649821 ], [ 73.047120815156703, 18.014171738079209 ], [ 73.046548258345922, 18.01416596072222 ], [ 73.046551277939628, 18.013892056386521 ], [ 73.04626500005665, 18.013889167120695 ], [ 73.046258959931833, 18.01443697569016 ], [ 73.04568640255971, 18.014431195702695 ], [ 73.045692444451888, 18.01388338732071 ], [ 73.045978722227403, 18.013886277432093 ], [ 73.045981742651037, 18.013612373181886 ], [ 73.045695465317351, 18.013609483117367 ], [ 73.045701506887056, 18.013061674686007 ], [ 73.045128954148183, 18.013055893476178 ], [ 73.045125932506579, 18.013329797602211 ], [ 73.044839655775974, 18.013326906316269 ], [ 73.044842677859378, 18.013053002237125 ], [ 73.043983849315609, 18.013044325983401 ], [ 73.043986872670658, 18.012770422036741 ], [ 73.043414321460688, 18.012764635847642 ], [ 73.043417345645523, 18.01249073198661 ], [ 73.043703620781812, 18.012493625245611 ], [ 73.043706644471058, 18.012219721329412 ], [ 73.043420369776555, 18.012216828117339 ], [ 73.043423393853786, 18.011942924239833 ], [ 73.043137119654858, 18.011940030651957 ], [ 73.043134095135841, 18.012213934482521 ], [ 73.042561546015889, 18.012208145944683 ], [ 73.042564571418438, 18.011934242208003 ], [ 73.042278297380989, 18.011931347351929 ], [ 73.042284348908126, 18.011383539947786 ], [ 73.042856895269821, 18.0113893290494 ], [ 73.042862944814644, 18.010841521424542 ], [ 73.04257667249037, 18.01083862717898 ], [ 73.042582722703372, 18.010290819615097 ], [ 73.041437637478495, 18.010279238781536 ], [ 73.041431583731637, 18.010827045969716 ], [ 73.04171785584056, 18.010829941906085 ], [ 73.041711802761768, 18.011377749155304 ], [ 73.041139256830803, 18.011371956671962 ], [ 73.041145311676587, 18.010824149610652 ], [ 73.040859039675397, 18.010821252828883 ], [ 73.04085601183769, 18.011095156316671 ], [ 73.040569739448642, 18.011092259065205 ], [ 73.040560654287034, 18.011913969338199 ], [ 73.040274380626585, 18.011911071523031 ], [ 73.040268322699205, 18.012458878236551 ], [ 73.040554597243215, 18.012461776145717 ], [ 73.040551568640467, 18.012735679537126 ], [ 73.040837843680137, 18.01273857707055 ], [ 73.040834815465317, 18.013012480500723 ], [ 73.041121091000647, 18.013015377658384 ], [ 73.041118063173741, 18.013289281127314 ], [ 73.041404339204774, 18.013292177909204 ], [ 73.041380118184932, 18.015483405740177 ], [ 73.041666397804534, 18.015486302475093 ], [ 73.041660342894687, 18.016034109444476 ], [ 73.040515221204458, 18.016022519592028 ], [ 73.04052127964934, 18.015474712998522 ], [ 73.040807559107321, 18.015477611001891 ], [ 73.040810587807073, 18.015203707645796 ], [ 73.041096866877069, 18.015206605179362 ], [ 73.041105951327452, 18.014384894920731 ], [ 73.040819673583002, 18.014381997528133 ], [ 73.040822702067217, 18.014108094139111 ], [ 73.040536424818484, 18.014105196370714 ], [ 73.040527337878672, 18.014926906372089 ], [ 73.039954780891833, 18.014921109284931 ], [ 73.039948720895055, 18.015468915723336 ], [ 73.03966244159875, 18.015466016451519 ], [ 73.039653349873674, 18.016287725906338 ], [ 73.041657315358975, 18.01630801291682 ], [ 73.041654287769404, 18.016581916380936 ], [ 73.042513132253987, 18.016590604612318 ], [ 73.042510105936287, 18.016864508209082 ], [ 73.043082670079016, 18.016870298342994 ], [ 73.043079644591316, 18.017144202025417 ], [ 73.04336592718532, 18.017147096505028 ], [ 73.043362902085718, 18.017421000226154 ], [ 73.043649185175468, 18.017423894329831 ], [ 73.043646160463993, 18.01769779808965 ], [ 73.043932444049489, 18.017700691817378 ], [ 73.043920346433325, 18.018796306962049 ], [ 73.045065488384466, 18.018807878394675 ], [ 73.045068511101334, 18.018533974433236 ], [ 73.0453547962816, 18.018536866187247 ], [ 73.045351774006676, 18.018810770195575 ], [ 73.045638059682659, 18.018813661573567 ], [ 73.045632015855546, 18.019361469659287 ], [ 73.044200583593508, 18.019347008071335 ], [ 73.04419453513141, 18.019894815655185 ], [ 73.039900233158349, 18.019851366045092 ], [ 73.039903264046217, 18.019577462961735 ], [ 73.039616978120989, 18.019574562984662 ], [ 73.039620009396927, 18.019300659940086 ], [ 73.038188582789658, 18.019286153946162 ], [ 73.038191616221553, 18.01901225112854 ], [ 73.037619046840234, 18.019006445864729 ], [ 73.0376220811021, 18.018732543132998 ], [ 73.037049512820602, 18.018726736271731 ], [ 73.037043442475039, 18.01927454153865 ], [ 73.03618458780592, 18.019265827792484 ], [ 73.036187624331603, 18.018991925304416 ], [ 73.035615055706188, 18.018986114119986 ], [ 73.035612018296547, 18.019260016513833 ], [ 73.035325733622912, 18.019257110240147 ], [ 73.035319657757597, 18.019804914908882 ], [ 73.035033372254034, 18.019802008118038 ], [ 73.035027295288572, 18.020349812659564 ], [ 73.035313581676135, 18.020352719544665 ], [ 73.03531054355436, 18.020626621850209 ], [ 73.035596830437967, 18.020629528359503 ], [ 73.035587717074463, 18.021451235368069 ], [ 73.036732870453434, 18.021462857741071 ], [ 73.03673590652717, 18.021188955224698 ], [ 73.037022194564884, 18.021191859713454 ], [ 73.037025230142604, 18.020917957141762 ], [ 73.036738942546904, 18.020915052700094 ], [ 73.036745014424369, 18.020367247626169 ], [ 73.0364587277667, 18.020364342855739 ], [ 73.036464800312174, 18.019816537843063 ], [ 73.036751086085843, 18.019819442519307 ], [ 73.0367480502821, 18.020093345076859 ], [ 73.037320622875427, 18.020099153254751 ], [ 73.037317587901711, 18.020373055898226 ], [ 73.037890161594959, 18.020378862478534 ] ], [ [ 73.05198755671563, 18.014220777332774 ], [ 73.051981534157392, 18.014768587757473 ], [ 73.05112269363444, 18.014759942369807 ], [ 73.051128718843813, 18.014212132225513 ], [ 73.05198755671563, 18.014220777332774 ] ], [ [ 73.045357818502737, 18.018262962170695 ], [ 73.045930388140604, 18.018268744316263 ], [ 73.045933409424094, 18.017994840197733 ], [ 73.046219693881682, 18.017997730589315 ], [ 73.046210631195891, 18.018819443060838 ], [ 73.045924345412416, 18.018816552528655 ], [ 73.045927366803369, 18.018542648426571 ], [ 73.0453547962816, 18.018536866187247 ], [ 73.045357818502737, 18.018262962170695 ] ], [ [ 73.046222714669483, 18.017723826415679 ], [ 73.046508998738872, 18.017726716337513 ], [ 73.046505978393014, 18.018000620558009 ], [ 73.046219693881682, 18.017997730589315 ], [ 73.046222714669483, 18.017723826415679 ] ], [ [ 73.037329727472724, 18.019277445274895 ], [ 73.03732669266094, 18.019551347943079 ], [ 73.037040407221269, 18.019548444159756 ], [ 73.037043442475039, 18.01927454153865 ], [ 73.037329727472724, 18.019277445274895 ] ], [ [ 73.04733161948468, 18.021022235354973 ], [ 73.047617909072812, 18.021025124147286 ], [ 73.047605831860835, 18.022120741334319 ], [ 73.047319540504503, 18.022117852354672 ], [ 73.04733161948468, 18.021022235354973 ] ], [ [ 73.038176448522549, 18.020381765134289 ], [ 73.038462735504083, 18.020384667367104 ], [ 73.038459702244424, 18.020658570190598 ], [ 73.038173414820875, 18.020655667910731 ], [ 73.038176448522549, 18.020381765134289 ] ], [ [ 73.041328637071146, 18.020139763131763 ], [ 73.041614924203699, 18.020142660665275 ], [ 73.041608867462585, 18.020690467354751 ], [ 73.041322579445989, 18.02068756972729 ], [ 73.041328637071146, 18.020139763131763 ] ], [ [ 73.046789243000461, 18.018277414362942 ], [ 73.0470755280612, 18.018280303532713 ], [ 73.047072508491809, 18.018554207830444 ], [ 73.046786222989113, 18.018551318613827 ], [ 73.046789243000461, 18.018277414362942 ] ], [ [ 73.047651116975558, 18.018012176203946 ], [ 73.047364832249357, 18.018009287926795 ], [ 73.047367851269371, 18.017735383565764 ], [ 73.047654135553614, 18.017738271796084 ], [ 73.047651116975558, 18.018012176203946 ] ], [ [ 73.047657154077982, 18.017464367379997 ], [ 73.047943437973984, 18.017467255140616 ], [ 73.04794041989156, 18.017741159603528 ], [ 73.047654135553614, 18.017738271796084 ], [ 73.047657154077982, 18.017464367379997 ] ], [ [ 73.047370870235682, 18.017461479196506 ], [ 73.04737388914829, 18.017187574819012 ], [ 73.04766017254866, 18.017190462955668 ], [ 73.047657154077982, 18.017464367379997 ], [ 73.047370870235682, 18.017461479196506 ] ], [ [ 73.046807361940424, 18.016633988684799 ], [ 73.046804342251392, 18.016907892985063 ], [ 73.046518059454073, 18.016905003626658 ], [ 73.046521079585006, 18.016631099373249 ], [ 73.046807361940424, 18.016633988684799 ] ], [ [ 73.046234797283319, 18.016628209638839 ], [ 73.046237817802449, 18.016354305424056 ], [ 73.046524099662236, 18.016357195111596 ], [ 73.046521079585006, 18.016631099373249 ], [ 73.046234797283319, 18.016628209638839 ] ], [ [ 73.043676405157612, 18.01495876012104 ], [ 73.043673380930358, 18.015232663954936 ], [ 73.043387101375799, 18.015229770226671 ], [ 73.043390126044898, 18.014955866439699 ], [ 73.043676405157612, 18.01495876012104 ] ], [ [ 73.043103846986, 18.014952972335561 ], [ 73.043106872043168, 18.014679068587292 ], [ 73.042820593479945, 18.014676174107286 ], [ 73.042823618925127, 18.014402270397731 ], [ 73.042537340857564, 18.014399375541874 ], [ 73.042558520559496, 18.012482049673146 ], [ 73.043131070563035, 18.01248783830486 ], [ 73.04312502125596, 18.013035645924848 ], [ 73.043411297222036, 18.01303853970046 ], [ 73.043390126044898, 18.014955866439699 ], [ 73.043103846986, 18.014952972335561 ] ], [ [ 73.045107801528019, 18.014973222185599 ], [ 73.045394080963405, 18.014976113330082 ], [ 73.045391059387342, 18.0152500174454 ], [ 73.045104779510069, 18.015247126254025 ], [ 73.045107801528019, 18.014973222185599 ] ], [ [ 73.044833611447842, 18.013874714449866 ], [ 73.045119889062107, 18.013877605829585 ], [ 73.045116867259225, 18.014151509930933 ], [ 73.045403145369079, 18.014154400934764 ], [ 73.045400123954266, 18.01442830507477 ], [ 73.044827566904644, 18.014422522550543 ], [ 73.044833611447842, 18.013874714449866 ] ], [ [ 73.053723284388866, 18.012594622978959 ], [ 73.054009561456937, 18.012597501018934 ], [ 73.054006553618663, 18.012871406611641 ], [ 73.053720276108791, 18.01286852852499 ], [ 73.053723284388866, 18.012594622978959 ] ], [ [ 73.054015576972958, 18.01204968980884 ], [ 73.054301853210958, 18.012052567332709 ], [ 73.054298845921494, 18.012326472988537 ], [ 73.054012569241706, 18.012323595417996 ], [ 73.054015576972958, 18.01204968980884 ] ] ], [ [ [ 73.03705254791241, 18.018452833625922 ], [ 73.036766264294585, 18.018449929608025 ], [ 73.036763228760833, 18.018723832206753 ], [ 73.037049512820602, 18.018726736271731 ], [ 73.03705254791241, 18.018452833625922 ] ] ], [ [ [ 73.037600840135639, 18.02064986208217 ], [ 73.037314552873994, 18.020646958533476 ], [ 73.037317587901711, 18.020373055898226 ], [ 73.037031301136039, 18.020370151973665 ], [ 73.037025230142604, 18.020917957141762 ], [ 73.037597805495963, 18.020923764756255 ], [ 73.037600840135639, 18.02064986208217 ] ] ] ] } },
{ "type": "Feature", "properties": { "patch_id": 4286, "area_m2": 1257727.9831849097, "area_ha_site": 125.77279831849097, "area_km2": 1.2577279831849097, "site_size_class": "Very Large", "centroid_x": 293184.5772469769, "centroid_y": 1993085.0858592596, "area_rank": 2, "village": "Maryamkhar", "subdistric": "Mhasla", "vlcode": "554949", "population": 710.0, "multihazard_priority_100": 72.429770254970478, "recommendation_rank": 1, "recommendation_status": "Suitable Candidate", "area_ha": 125.77279831849096, "required_area_ha": 7.1, "estimated_capacity_people": 12577.279831849097, "capacity_ratio": 17.714478636407176, "distance_km": 16.897338013044344, "site_flood": 39.082473754882812, "site_landslide": 16.225446701049805, "site_slope_deg": 1.600567102432251, "site_road_dist_m": 2215.3359375, "final_feasibility_score": 68.370970638819315, "recommendation_reason": "125.8 ha available; capacity ratio 17.7x; 16.9 km from habitation; flood score 39.1; landslide score 16.2; mean slope 1.6°" }, "geometry": { "type": "MultiPolygon", "coordinates": [ [ [ [ 73.037890161594959, 18.020378862478534 ], [ 73.03788105900199, 18.021200570641991 ], [ 73.038167347255637, 18.021203473438916 ], [ 73.038170381065228, 18.020929570678945 ], [ 73.039029244823809, 18.020938276390851 ], [ 73.039038341950715, 18.020116567638105 ], [ 73.039610915407366, 18.020122369049115 ], [ 73.039607883969694, 18.020396272068982 ], [ 73.039894171220894, 18.020399172187108 ], [ 73.039885077910384, 18.021220881338383 ], [ 73.041316521605353, 18.021235376289884 ], [ 73.041319550552615, 18.020961473012701 ], [ 73.042464704710213, 18.020973061172736 ], [ 73.042461677531094, 18.021246964637786 ], [ 73.043320545040757, 18.021255651457597 ], [ 73.043317519133936, 18.021529555055249 ], [ 73.043603808853504, 18.021532449862853 ], [ 73.043600783334909, 18.021806353499201 ], [ 73.043887073550351, 18.021809247930761 ], [ 73.043884048419997, 18.022083151605798 ], [ 73.044170339131313, 18.022086045661297 ], [ 73.04416428959334, 18.022633853080499 ], [ 73.044450581242572, 18.022636746806828 ], [ 73.044447556834982, 18.022910650550994 ], [ 73.044733848980101, 18.022913543901229 ], [ 73.04473687294562, 18.022639640110167 ], [ 73.045023164702428, 18.022642532990499 ], [ 73.045020141178995, 18.022916436828456 ], [ 73.046451602979957, 18.022930895119497 ], [ 73.046457645552238, 18.022383086966588 ], [ 73.04674393718949, 18.022385977262058 ], [ 73.046737895501394, 18.022933785508677 ], [ 73.04731048070542, 18.02293956501801 ], [ 73.047313500692155, 18.022665660805135 ], [ 73.047886085226835, 18.022671438528768 ], [ 73.047889104275697, 18.022397534213994 ], [ 73.04817539618152, 18.02240042239448 ], [ 73.048202561226759, 18.019935282769726 ], [ 73.047916273299322, 18.01993239501061 ], [ 73.047922310269527, 18.019384586208222 ], [ 73.048781171560861, 18.019393247935877 ], [ 73.048784188639473, 18.019119343381902 ], [ 73.049643049087834, 18.019128001162883 ], [ 73.049646064786842, 18.018854096460302 ], [ 73.050218637803354, 18.018859866106158 ], [ 73.050224667272545, 18.018312056489215 ], [ 73.050510952977305, 18.018314940584247 ], [ 73.050513967189488, 18.018041035716671 ], [ 73.051086537875932, 18.01804680254455 ], [ 73.051089551150611, 18.017772897575231 ], [ 73.051375836132294, 18.017775780308092 ], [ 73.051381861636955, 18.017227970251302 ], [ 73.051668145788341, 18.017230852467804 ], [ 73.051662121167567, 18.017778662618063 ], [ 73.052807261844421, 18.017790187629107 ], [ 73.05280425122146, 18.018064092878781 ], [ 73.053376822765159, 18.018069852940386 ], [ 73.053373812972566, 18.018343758275218 ], [ 73.053660099266693, 18.01834663771837 ], [ 73.053657089862526, 18.018620543091668 ], [ 73.054229663495306, 18.018626300802616 ], [ 73.054232672015516, 18.018352395335967 ], [ 73.054518958470211, 18.018355273510416 ], [ 73.054524974466176, 18.017807462459089 ], [ 73.05481126009046, 18.017810340117311 ], [ 73.054817274988508, 18.017262528939774 ], [ 73.054530990248111, 18.017259651374868 ], [ 73.054546028766595, 18.015890123520354 ], [ 73.054259746289304, 18.015887245765906 ], [ 73.054262754274376, 18.015613340217001 ], [ 73.054549036309794, 18.015616217924773 ], [ 73.054570087613996, 18.013698878525442 ], [ 73.054856366609869, 18.013701755483773 ], [ 73.054871399441609, 18.012332226861375 ], [ 73.055157676281908, 18.012335103163661 ], [ 73.055172705567486, 18.010965574102421 ], [ 73.054886430936065, 18.010962698033385 ], [ 73.054892443159417, 18.010414886444625 ], [ 73.054319895824065, 18.010409133225043 ], [ 73.054310874758286, 18.011230850315879 ], [ 73.054024599845604, 18.011227972932023 ], [ 73.054021592274893, 18.011501878565852 ], [ 73.05373531697397, 18.011499000712593 ], [ 73.053729300788461, 18.012046811862223 ], [ 73.053443024657497, 18.012043933492865 ], [ 73.053440016042671, 18.012317839008659 ], [ 73.053153739523438, 18.012314960169871 ], [ 73.053150730413293, 18.012588865630747 ], [ 73.052864453505805, 18.012585986322506 ], [ 73.052861443900312, 18.012859891728457 ], [ 73.052288889362373, 18.012854131750291 ], [ 73.052285878819703, 18.013128037054607 ], [ 73.051999601189266, 18.01312515638466 ], [ 73.052002612173752, 18.012851251127064 ], [ 73.051716335038691, 18.012848370081073 ], [ 73.05171332361239, 18.013122275291941 ], [ 73.051427046089117, 18.013119393776456 ], [ 73.051424034167425, 18.013393298932364 ], [ 73.051137756255912, 18.01339041694737 ], [ 73.051128718843813, 18.014212132225513 ], [ 73.049697323462809, 18.014197715257527 ], [ 73.049700338196317, 18.013923810406848 ], [ 73.049414059722821, 18.013920925791652 ], [ 73.049417074844513, 18.013647020979526 ], [ 73.049130796866507, 18.013644135988326 ], [ 73.049139843235167, 18.012822421642959 ], [ 73.049426119887741, 18.012825306493788 ], [ 73.049432149648339, 18.012277496795498 ], [ 73.049145873879368, 18.012274612038251 ], [ 73.049148889121014, 18.012000707223553 ], [ 73.048862613847461, 18.01199782209035 ], [ 73.048868645053318, 18.011450012529874 ], [ 73.049441193886963, 18.011455782186371 ], [ 73.049444208525884, 18.011181877300213 ], [ 73.049730482581396, 18.011184761447595 ], [ 73.049733496724926, 18.010910856506424 ], [ 73.049447223111159, 18.010907972405821 ], [ 73.049450237642816, 18.010634067503208 ], [ 73.049736510814839, 18.010636951557032 ], [ 73.049739524851105, 18.010363046599416 ], [ 73.049453252120813, 18.01036016259237 ], [ 73.049456266545192, 18.010086257673308 ], [ 73.048883722128991, 18.010080488484711 ], [ 73.048886737383171, 18.009806583651006 ], [ 73.048314194065014, 18.009800812865262 ], [ 73.048311177927403, 18.010074717605359 ], [ 73.047166090168332, 18.010063170774398 ], [ 73.047163072210139, 18.010337075318976 ], [ 73.046304255629494, 18.010328410616992 ], [ 73.046307274912849, 18.010054506212956 ], [ 73.046021003268464, 18.010051617180437 ], [ 73.046024022939832, 18.009777712815048 ], [ 73.045737751790895, 18.009774823406712 ], [ 73.045740771850234, 18.009500919079954 ], [ 73.04545450119673, 18.009498029295816 ], [ 73.045457521644025, 18.009224125007709 ], [ 73.045171251485982, 18.009221234847782 ], [ 73.045180313830457, 18.008399522074754 ], [ 73.043176433505039, 18.008379280105782 ], [ 73.043179457270696, 18.008105376160017 ], [ 73.042893189309623, 18.008102482806532 ], [ 73.042890165102293, 18.008376386705361 ], [ 73.042603896753363, 18.008373492882299 ], [ 73.042600872050556, 18.008647396725955 ], [ 73.04288714084116, 18.008650290595959 ], [ 73.042884116526196, 18.008924194478329 ], [ 73.043170385812303, 18.008927087972626 ], [ 73.043167361885224, 18.00920099189371 ], [ 73.043453631666821, 18.00920388501228 ], [ 73.043450608127628, 18.009477788972063 ], [ 73.043736878404744, 18.009480681714894 ], [ 73.04373385525345, 18.00975458571337 ], [ 73.044020126026041, 18.009757478080452 ], [ 73.044017103262675, 18.010031382117621 ], [ 73.045162188657727, 18.010042947546768 ], [ 73.045159167607466, 18.010316851763307 ], [ 73.045731711510996, 18.010322632035528 ], [ 73.045728691290435, 18.010596536337605 ], [ 73.046014963764549, 18.010599425886546 ], [ 73.046011943931987, 18.010873330227259 ], [ 73.046584489924882, 18.010879108150764 ], [ 73.046587508873969, 18.010605203716334 ], [ 73.047446326940943, 18.010613867290765 ], [ 73.047443309317103, 18.010887771865725 ], [ 73.047729582555235, 18.010890658925295 ], [ 73.047726565319437, 18.011164563538856 ], [ 73.048012839053015, 18.011167450222541 ], [ 73.048015855847055, 18.010893545562155 ], [ 73.04830212919255, 18.01089643177631 ], [ 73.048290063461351, 18.011992050555737 ], [ 73.048576338627583, 18.011994936534414 ], [ 73.048567290091, 18.012816650673031 ], [ 73.048853566636268, 18.012819536369374 ], [ 73.048847534893852, 18.013367345847591 ], [ 73.048561257464968, 18.013364460057645 ], [ 73.048558241071447, 18.013638364737609 ], [ 73.047985685491042, 18.013632591795773 ], [ 73.047982668160202, 18.013906496373888 ], [ 73.047123833866749, 18.013897833649821 ], [ 73.047120815156703, 18.014171738079209 ], [ 73.046548258345922, 18.01416596072222 ], [ 73.046551277939628, 18.013892056386521 ], [ 73.04626500005665, 18.013889167120695 ], [ 73.046258959931833, 18.01443697569016 ], [ 73.04568640255971, 18.014431195702695 ], [ 73.045692444451888, 18.01388338732071 ], [ 73.045978722227403, 18.013886277432093 ], [ 73.045981742651037, 18.013612373181886 ], [ 73.045695465317351, 18.013609483117367 ], [ 73.045701506887056, 18.013061674686007 ], [ 73.045128954148183, 18.013055893476178 ], [ 73.045125932506579, 18.013329797602211 ], [ 73.044839655775974, 18.013326906316269 ], [ 73.044842677859378, 18.013053002237125 ], [ 73.043983849315609, 18.013044325983401 ], [ 73.043986872670658, 18.012770422036741 ], [ 73.043414321460688, 18.012764635847642 ], [ 73.043417345645523, 18.01249073198661 ], [ 73.043703620781812, 18.012493625245611 ], [ 73.043706644471058, 18.012219721329412 ], [ 73.043420369776555, 18.012216828117339 ], [ 73.043423393853786, 18.011942924239833 ], [ 73.043137119654858, 18.011940030651957 ], [ 73.043134095135841, 18.012213934482521 ], [ 73.042561546015889, 18.012208145944683 ], [ 73.042564571418438, 18.011934242208003 ], [ 73.042278297380989, 18.011931347351929 ], [ 73.042284348908126, 18.011383539947786 ], [ 73.042856895269821, 18.0113893290494 ], [ 73.042862944814644, 18.010841521424542 ], [ 73.04257667249037, 18.01083862717898 ], [ 73.042582722703372, 18.010290819615097 ], [ 73.041437637478495, 18.010279238781536 ], [ 73.041431583731637, 18.010827045969716 ], [ 73.04171785584056, 18.010829941906085 ], [ 73.041711802761768, 18.011377749155304 ], [ 73.041139256830803, 18.011371956671962 ], [ 73.041145311676587, 18.010824149610652 ], [ 73.040859039675397, 18.010821252828883 ], [ 73.04085601183769, 18.011095156316671 ], [ 73.040569739448642, 18.011092259065205 ], [ 73.040560654287034, 18.011913969338199 ], [ 73.040274380626585, 18.011911071523031 ], [ 73.040268322699205, 18.012458878236551 ], [ 73.040554597243215, 18.012461776145717 ], [ 73.040551568640467, 18.012735679537126 ], [ 73.040837843680137, 18.01273857707055 ], [ 73.040834815465317, 18.013012480500723 ], [ 73.041121091000647, 18.013015377658384 ], [ 73.041118063173741, 18.013289281127314 ], [ 73.041404339204774, 18.013292177909204 ], [ 73.041380118184932, 18.015483405740177 ], [ 73.041666397804534, 18.015486302475093 ], [ 73.041660342894687, 18.016034109444476 ], [ 73.040515221204458, 18.016022519592028 ], [ 73.04052127964934, 18.015474712998522 ], [ 73.040807559107321, 18.015477611001891 ], [ 73.040810587807073, 18.015203707645796 ], [ 73.041096866877069, 18.015206605179362 ], [ 73.041105951327452, 18.014384894920731 ], [ 73.040819673583002, 18.014381997528133 ], [ 73.040822702067217, 18.014108094139111 ], [ 73.040536424818484, 18.014105196370714 ], [ 73.040527337878672, 18.014926906372089 ], [ 73.039954780891833, 18.014921109284931 ], [ 73.039948720895055, 18.015468915723336 ], [ 73.03966244159875, 18.015466016451519 ], [ 73.039653349873674, 18.016287725906338 ], [ 73.041657315358975, 18.01630801291682 ], [ 73.041654287769404, 18.016581916380936 ], [ 73.042513132253987, 18.016590604612318 ], [ 73.042510105936287, 18.016864508209082 ], [ 73.043082670079016, 18.016870298342994 ], [ 73.043079644591316, 18.017144202025417 ], [ 73.04336592718532, 18.017147096505028 ], [ 73.043362902085718, 18.017421000226154 ], [ 73.043649185175468, 18.017423894329831 ], [ 73.043646160463993, 18.01769779808965 ], [ 73.043932444049489, 18.017700691817378 ], [ 73.043920346433325, 18.018796306962049 ], [ 73.045065488384466, 18.018807878394675 ], [ 73.045068511101334, 18.018533974433236 ], [ 73.0453547962816, 18.018536866187247 ], [ 73.045351774006676, 18.018810770195575 ], [ 73.045638059682659, 18.018813661573567 ], [ 73.045632015855546, 18.019361469659287 ], [ 73.044200583593508, 18.019347008071335 ], [ 73.04419453513141, 18.019894815655185 ], [ 73.039900233158349, 18.019851366045092 ], [ 73.039903264046217, 18.019577462961735 ], [ 73.039616978120989, 18.019574562984662 ], [ 73.039620009396927, 18.019300659940086 ], [ 73.038188582789658, 18.019286153946162 ], [ 73.038191616221553, 18.01901225112854 ], [ 73.037619046840234, 18.019006445864729 ], [ 73.0376220811021, 18.018732543132998 ], [ 73.037049512820602, 18.018726736271731 ], [ 73.037043442475039, 18.01927454153865 ], [ 73.03618458780592, 18.019265827792484 ], [ 73.036187624331603, 18.018991925304416 ], [ 73.035615055706188, 18.018986114119986 ], [ 73.035612018296547, 18.019260016513833 ], [ 73.035325733622912, 18.019257110240147 ], [ 73.035319657757597, 18.019804914908882 ], [ 73.035033372254034, 18.019802008118038 ], [ 73.035027295288572, 18.020349812659564 ], [ 73.035313581676135, 18.020352719544665 ], [ 73.03531054355436, 18.020626621850209 ], [ 73.035596830437967, 18.020629528359503 ], [ 73.035587717074463, 18.021451235368069 ], [ 73.036732870453434, 18.021462857741071 ], [ 73.03673590652717, 18.021188955224698 ], [ 73.037022194564884, 18.021191859713454 ], [ 73.037025230142604, 18.020917957141762 ], [ 73.036738942546904, 18.020915052700094 ], [ 73.036745014424369, 18.020367247626169 ], [ 73.0364587277667, 18.020364342855739 ], [ 73.036464800312174, 18.019816537843063 ], [ 73.036751086085843, 18.019819442519307 ], [ 73.0367480502821, 18.020093345076859 ], [ 73.037320622875427, 18.020099153254751 ], [ 73.037317587901711, 18.020373055898226 ], [ 73.037890161594959, 18.020378862478534 ] ], [ [ 73.05198755671563, 18.014220777332774 ], [ 73.051981534157392, 18.014768587757473 ], [ 73.05112269363444, 18.014759942369807 ], [ 73.051128718843813, 18.014212132225513 ], [ 73.05198755671563, 18.014220777332774 ] ], [ [ 73.045357818502737, 18.018262962170695 ], [ 73.045930388140604, 18.018268744316263 ], [ 73.045933409424094, 18.017994840197733 ], [ 73.046219693881682, 18.017997730589315 ], [ 73.046210631195891, 18.018819443060838 ], [ 73.045924345412416, 18.018816552528655 ], [ 73.045927366803369, 18.018542648426571 ], [ 73.0453547962816, 18.018536866187247 ], [ 73.045357818502737, 18.018262962170695 ] ], [ [ 73.046222714669483, 18.017723826415679 ], [ 73.046508998738872, 18.017726716337513 ], [ 73.046505978393014, 18.018000620558009 ], [ 73.046219693881682, 18.017997730589315 ], [ 73.046222714669483, 18.017723826415679 ] ], [ [ 73.037329727472724, 18.019277445274895 ], [ 73.03732669266094, 18.019551347943079 ], [ 73.037040407221269, 18.019548444159756 ], [ 73.037043442475039, 18.01927454153865 ], [ 73.037329727472724, 18.019277445274895 ] ], [ [ 73.04733161948468, 18.021022235354973 ], [ 73.047617909072812, 18.021025124147286 ], [ 73.047605831860835, 18.022120741334319 ], [ 73.047319540504503, 18.022117852354672 ], [ 73.04733161948468, 18.021022235354973 ] ], [ [ 73.038176448522549, 18.020381765134289 ], [ 73.038462735504083, 18.020384667367104 ], [ 73.038459702244424, 18.020658570190598 ], [ 73.038173414820875, 18.020655667910731 ], [ 73.038176448522549, 18.020381765134289 ] ], [ [ 73.041328637071146, 18.020139763131763 ], [ 73.041614924203699, 18.020142660665275 ], [ 73.041608867462585, 18.020690467354751 ], [ 73.041322579445989, 18.02068756972729 ], [ 73.041328637071146, 18.020139763131763 ] ], [ [ 73.046789243000461, 18.018277414362942 ], [ 73.0470755280612, 18.018280303532713 ], [ 73.047072508491809, 18.018554207830444 ], [ 73.046786222989113, 18.018551318613827 ], [ 73.046789243000461, 18.018277414362942 ] ], [ [ 73.047651116975558, 18.018012176203946 ], [ 73.047364832249357, 18.018009287926795 ], [ 73.047367851269371, 18.017735383565764 ], [ 73.047654135553614, 18.017738271796084 ], [ 73.047651116975558, 18.018012176203946 ] ], [ [ 73.047657154077982, 18.017464367379997 ], [ 73.047943437973984, 18.017467255140616 ], [ 73.04794041989156, 18.017741159603528 ], [ 73.047654135553614, 18.017738271796084 ], [ 73.047657154077982, 18.017464367379997 ] ], [ [ 73.047370870235682, 18.017461479196506 ], [ 73.04737388914829, 18.017187574819012 ], [ 73.04766017254866, 18.017190462955668 ], [ 73.047657154077982, 18.017464367379997 ], [ 73.047370870235682, 18.017461479196506 ] ], [ [ 73.046807361940424, 18.016633988684799 ], [ 73.046804342251392, 18.016907892985063 ], [ 73.046518059454073, 18.016905003626658 ], [ 73.046521079585006, 18.016631099373249 ], [ 73.046807361940424, 18.016633988684799 ] ], [ [ 73.046234797283319, 18.016628209638839 ], [ 73.046237817802449, 18.016354305424056 ], [ 73.046524099662236, 18.016357195111596 ], [ 73.046521079585006, 18.016631099373249 ], [ 73.046234797283319, 18.016628209638839 ] ], [ [ 73.043676405157612, 18.01495876012104 ], [ 73.043673380930358, 18.015232663954936 ], [ 73.043387101375799, 18.015229770226671 ], [ 73.043390126044898, 18.014955866439699 ], [ 73.043676405157612, 18.01495876012104 ] ], [ [ 73.043103846986, 18.014952972335561 ], [ 73.043106872043168, 18.014679068587292 ], [ 73.042820593479945, 18.014676174107286 ], [ 73.042823618925127, 18.014402270397731 ], [ 73.042537340857564, 18.014399375541874 ], [ 73.042558520559496, 18.012482049673146 ], [ 73.043131070563035, 18.01248783830486 ], [ 73.04312502125596, 18.013035645924848 ], [ 73.043411297222036, 18.01303853970046 ], [ 73.043390126044898, 18.014955866439699 ], [ 73.043103846986, 18.014952972335561 ] ], [ [ 73.045107801528019, 18.014973222185599 ], [ 73.045394080963405, 18.014976113330082 ], [ 73.045391059387342, 18.0152500174454 ], [ 73.045104779510069, 18.015247126254025 ], [ 73.045107801528019, 18.014973222185599 ] ], [ [ 73.044833611447842, 18.013874714449866 ], [ 73.045119889062107, 18.013877605829585 ], [ 73.045116867259225, 18.014151509930933 ], [ 73.045403145369079, 18.014154400934764 ], [ 73.045400123954266, 18.01442830507477 ], [ 73.044827566904644, 18.014422522550543 ], [ 73.044833611447842, 18.013874714449866 ] ], [ [ 73.053723284388866, 18.012594622978959 ], [ 73.054009561456937, 18.012597501018934 ], [ 73.054006553618663, 18.012871406611641 ], [ 73.053720276108791, 18.01286852852499 ], [ 73.053723284388866, 18.012594622978959 ] ], [ [ 73.054015576972958, 18.01204968980884 ], [ 73.054301853210958, 18.012052567332709 ], [ 73.054298845921494, 18.012326472988537 ], [ 73.054012569241706, 18.012323595417996 ], [ 73.054015576972958, 18.01204968980884 ] ] ], [ [ [ 73.03705254791241, 18.018452833625922 ], [ 73.036766264294585, 18.018449929608025 ], [ 73.036763228760833, 18.018723832206753 ], [ 73.037049512820602, 18.018726736271731 ], [ 73.03705254791241, 18.018452833625922 ] ] ], [ [ [ 73.037600840135639, 18.02064986208217 ], [ 73.037314552873994, 18.020646958533476 ], [ 73.037317587901711, 18.020373055898226 ], [ 73.037031301136039, 18.020370151973665 ], [ 73.037025230142604, 18.020917957141762 ], [ 73.037597805495963, 18.020923764756255 ], [ 73.037600840135639, 18.02064986208217 ] ] ] ] } },
{ "type": "Feature", "properties": { "patch_id": 1549, "area_m2": 786079.98949055816, "area_ha_site": 78.607998949055812, "area_km2": 0.78607998949055813, "site_size_class": "Very Large", "centroid_x": 290962.49637767981, "centroid_y": 2097052.9703598132, "area_rank": 4, "village": "Ladiwali", "subdistric": "Panvel", "vlcode": "553495", "population": 1232.0, "multihazard_priority_100": 71.772218187584187, "recommendation_rank": 1, "recommendation_status": "Suitable Candidate", "area_ha": 78.607998949055812, "required_area_ha": 12.32, "estimated_capacity_people": 7860.7998949055818, "capacity_ratio": 6.3805193952155701, "distance_km": 17.350932538526468, "site_flood": 45.707916259765625, "site_landslide": 13.335333824157717, "site_slope_deg": 2.1730802059173584, "site_road_dist_m": 1091.994140625, "final_feasibility_score": 71.278966273053996, "recommendation_reason": "78.6 ha available; capacity ratio 6.4x; 17.4 km from habitation; flood score 45.7; landslide score 13.3; mean slope 2.2°" }, "geometry": { "type": "MultiPolygon", "coordinates": [ [ [ [ 73.013789798362637, 18.946525652156925 ], [ 73.013793039268251, 18.946251780143296 ], [ 73.0135052152892, 18.946248696140838 ], [ 73.013501973914714, 18.946522568106591 ], [ 73.013789798362637, 18.946525652156925 ] ] ], [ [ [ 73.013233599747053, 18.944876251973664 ], [ 73.013230358182241, 18.945150123934596 ], [ 73.013518180230093, 18.945153208191712 ], [ 73.013524662366308, 18.944605464165459 ], [ 73.013812483532149, 18.944608547880634 ], [ 73.013809242960747, 18.944882419945941 ], [ 73.014384886397238, 18.944888586133491 ], [ 73.014388126030966, 18.944614713972445 ], [ 73.014100304753711, 18.944611631149623 ], [ 73.014103544800591, 18.944337759027825 ], [ 73.01324008270953, 18.944328508025972 ], [ 73.013236841256145, 18.944602380004124 ], [ 73.012661199202981, 18.944596210342915 ], [ 73.0126579567562, 18.94487008221666 ], [ 73.012370135344369, 18.944866996668889 ], [ 73.012373378259994, 18.944593124843056 ], [ 73.012085557372728, 18.944590038897022 ], [ 73.012059608736166, 18.946781012879164 ], [ 73.010908310740902, 18.946768663099423 ], [ 73.010914801985663, 18.94622092003905 ], [ 73.010626978564062, 18.946217831574451 ], [ 73.010610747689284, 18.947587188921016 ], [ 73.010322921978968, 18.94758409977041 ], [ 73.010316428300655, 18.948131842552808 ], [ 73.010028601708271, 18.948128752860018 ], [ 73.010025354316468, 18.948402624190333 ], [ 73.010313181377811, 18.948405713931084 ], [ 73.01030993439916, 18.948679585300741 ], [ 73.009734279394408, 18.948673405277034 ], [ 73.009731031422035, 18.948947276542139 ], [ 73.00886754792667, 18.948938003015567 ], [ 73.008870797305917, 18.948664131894425 ], [ 73.008582970054746, 18.948661039874345 ], [ 73.008576470302501, 18.949208782012001 ], [ 73.00943995503728, 18.949218057021394 ], [ 73.009436706484308, 18.949491928221281 ], [ 73.009724535309857, 18.949495019046488 ], [ 73.009727783393856, 18.949221147798621 ], [ 73.010591268798464, 18.949230417452569 ], [ 73.010594515419754, 18.948956546052187 ], [ 73.010882343530596, 18.94895963499631 ], [ 73.010885589627122, 18.948685763539352 ], [ 73.01117341732477, 18.948688851989242 ], [ 73.011170171697202, 18.948962723494148 ], [ 73.0114579999196, 18.948965811545701 ], [ 73.011454754705213, 18.949239683089928 ], [ 73.011166926013857, 18.949236594990428 ], [ 73.011163680274734, 18.949510466478095 ], [ 73.011739338651182, 18.949516642326675 ], [ 73.01174258345236, 18.949242770743133 ], [ 73.012318241113888, 18.949248944710675 ], [ 73.012321484921358, 18.948975073022677 ], [ 73.012897141867938, 18.948981245109245 ], [ 73.012900384681728, 18.948707373316815 ], [ 73.012612556649529, 18.948704287544572 ], [ 73.012619043047849, 18.948156544029676 ], [ 73.012906870142146, 18.948159629706105 ], [ 73.012910112788774, 18.947885757887832 ], [ 73.013773592999144, 18.947895012095863 ], [ 73.013770351759348, 18.948168884057807 ], [ 73.014058179076486, 18.948171967949182 ], [ 73.014064660562539, 18.947624223920922 ], [ 73.01320118159181, 18.947614971195311 ], [ 73.013204423658067, 18.947341099311906 ], [ 73.013492249457002, 18.947344183952136 ], [ 73.013501973914714, 18.946522568106591 ], [ 73.012638500905211, 18.946513313278228 ], [ 73.012654714253699, 18.945143954081797 ], [ 73.01294253619011, 18.945147039231287 ], [ 73.012945778223767, 18.944873167318249 ], [ 73.013233599747053, 18.944876251973664 ] ], [ [ 73.012916597914838, 18.947338014225434 ], [ 73.012919840394275, 18.947064142381315 ], [ 73.013207665668588, 18.947067227419897 ], [ 73.013204423658067, 18.947341099311906 ], [ 73.012916597914838, 18.947338014225434 ] ], [ [ 73.010892081652827, 18.948138020599593 ], [ 73.011467735228123, 18.948144196861335 ], [ 73.011464490181041, 18.948418068431412 ], [ 73.01088883566787, 18.948411892073782 ], [ 73.010892081652827, 18.948138020599593 ] ] ], [ [ [ 73.01319145505876, 18.948436586793829 ], [ 73.013194697292178, 18.94816271493627 ], [ 73.012906870142146, 18.948159629706105 ], [ 73.012903627439812, 18.948433501515765 ], [ 73.01319145505876, 18.948436586793829 ] ] ], [ [ [ 73.01318172802425, 18.949258202314816 ], [ 73.013184970424817, 18.9489843304831 ], [ 73.012897141867938, 18.948981245109245 ], [ 73.012893898998399, 18.94925511689306 ], [ 73.01318172802425, 18.949258202314816 ] ] ], [ [ [ 73.013754144724786, 18.949538243738321 ], [ 73.013760627705722, 18.948990499891963 ], [ 73.013472799037402, 18.948987415410677 ], [ 73.013469557105822, 18.949261287290277 ], [ 73.01318172802425, 18.949258202314816 ], [ 73.013178485567977, 18.949532074137906 ], [ 73.013466315118521, 18.949535159161261 ], [ 73.013459830976799, 18.950082902877391 ], [ 73.014035492120996, 18.950089071776723 ], [ 73.014038733281723, 18.94981519982721 ], [ 73.014326563468373, 18.949818283559537 ], [ 73.01432980410442, 18.949544411553532 ], [ 73.013754144724786, 18.949538243738321 ] ] ], [ [ [ 73.011160434479848, 18.949784337957148 ], [ 73.011163680274734, 18.949510466478095 ], [ 73.010875851170169, 18.949507377884366 ], [ 73.010872604906297, 18.949781249315471 ], [ 73.011160434479848, 18.949784337957148 ] ] ], [ [ [ 73.012302021240373, 18.950618303021436 ], [ 73.01258985249973, 18.950621389575332 ], [ 73.012583365098152, 18.951169132935149 ], [ 73.012007700759085, 18.951162959189368 ], [ 73.012004456036621, 18.951436830760517 ], [ 73.011716623481689, 18.951433743170195 ], [ 73.011723113808912, 18.950886000115123 ], [ 73.011435282247803, 18.950882912174318 ], [ 73.011422299494114, 18.951978398058255 ], [ 73.011134466112637, 18.951975309479362 ], [ 73.011127973463019, 18.95252305227374 ], [ 73.01141580778264, 18.952526140948514 ], [ 73.011412561843244, 18.952800012380724 ], [ 73.011988231587921, 18.952806188487024 ], [ 73.011994721534663, 18.952258445422274 ], [ 73.012282555552517, 18.952261532710011 ], [ 73.012285799973199, 18.951987661116785 ], [ 73.012573633577716, 18.951990747910248 ], [ 73.012570389626106, 18.952264619551379 ], [ 73.01285822375543, 18.952267705946387 ], [ 73.012867954035926, 18.951446090853416 ], [ 73.013155786813826, 18.951449176658361 ], [ 73.013152543911772, 18.951723048412532 ], [ 73.013440377214451, 18.951726133819015 ], [ 73.013443619647461, 18.951452262016954 ], [ 73.013731452536803, 18.951455346929201 ], [ 73.013734694445063, 18.95118147507063 ], [ 73.013159029660159, 18.951175304895575 ], [ 73.013165515185662, 18.950627561344145 ], [ 73.014029009632438, 18.950636815649926 ], [ 73.014032250904563, 18.950362943717636 ], [ 73.013456588822351, 18.95035677472254 ], [ 73.013459830976799, 18.950082902877391 ], [ 73.013172000488254, 18.950079817758255 ], [ 73.013175243055983, 18.949805945952392 ], [ 73.012887413092145, 18.949802860434843 ], [ 73.012890656073139, 18.949528988668259 ], [ 73.01231499725067, 18.949522816390054 ], [ 73.012302021240373, 18.950618303021436 ] ], [ [ 73.013168757864818, 18.950353689555516 ], [ 73.012880926962993, 18.950350603942166 ], [ 73.012884170055443, 18.950076732192805 ], [ 73.013172000488254, 18.950079817758255 ], [ 73.013168757864818, 18.950353689555516 ] ] ], [ [ [ 73.013699030390256, 18.954194065040962 ], [ 73.01370227285561, 18.953920193268562 ], [ 73.013414435744565, 18.953917107925346 ], [ 73.013411192810096, 18.954190979649862 ], [ 73.013699030390256, 18.954194065040962 ] ] ], [ [ [ 73.013404706774011, 18.954738723073042 ], [ 73.013411192810096, 18.954190979649862 ], [ 73.013123355285657, 18.954187893812339 ], [ 73.013116868311315, 18.954735637139734 ], [ 73.013404706774011, 18.954738723073042 ] ] ], [ [ [ 73.012492518064008, 18.95883753635335 ], [ 73.012505498887563, 18.957742050564416 ], [ 73.012217655431115, 18.957738962764758 ], [ 73.01220467273059, 18.958834448362019 ], [ 73.012492518064008, 18.95883753635335 ] ] ], [ [ [ 73.011628982231045, 18.958828271039753 ], [ 73.01161599488421, 18.959923756115678 ], [ 73.011903841983184, 18.959926845191806 ], [ 73.01190708843427, 18.959652973887827 ], [ 73.012194935119737, 18.959656062469463 ], [ 73.01220467273059, 18.958834448362019 ], [ 73.011628982231045, 18.958828271039753 ] ] ], [ [ [ 73.012175458392477, 18.961299290451617 ], [ 73.012178704653095, 18.961025419142803 ], [ 73.011890855621132, 18.961022330321544 ], [ 73.011887608891215, 18.961296201582424 ], [ 73.012175458392477, 18.961299290451617 ] ] ], [ [ [ 73.012460062102491, 18.961576250222308 ], [ 73.012463307949531, 18.961302378874201 ], [ 73.012175458392477, 18.961299290451617 ], [ 73.012172212076109, 18.961573161751797 ], [ 73.012460062102491, 18.961576250222308 ] ] ], [ [ [ 73.01182915821515, 18.9662258828041 ], [ 73.011832405949022, 18.965952011698402 ], [ 73.011544548523759, 18.965948921567758 ], [ 73.011547796671323, 18.965675050501371 ], [ 73.011835653627116, 18.965678140584085 ], [ 73.011838901249433, 18.965404269461143 ], [ 73.012414614389428, 18.9654104481906 ], [ 73.012411367706022, 18.965684319409387 ], [ 73.012123510638673, 18.965681230220088 ], [ 73.012117016165647, 18.966228972535966 ], [ 73.012404874171906, 18.966232061821103 ], [ 73.012395133452529, 18.967053675374004 ], [ 73.012682992923018, 18.967056764356165 ], [ 73.012686239415743, 18.966782893132574 ], [ 73.012974098472498, 18.966785981620092 ], [ 73.012980590351731, 18.966238239051226 ], [ 73.01269273223393, 18.966235150659525 ], [ 73.01270247104307, 18.965413536885279 ], [ 73.013278184517617, 18.965419712934544 ], [ 73.013281429736921, 18.965145841563409 ], [ 73.011554292799076, 18.965127308342737 ], [ 73.011557540779279, 18.964853437250479 ], [ 73.012133251929967, 18.964859616681611 ], [ 73.012139745845332, 18.964311874279527 ], [ 73.011564036572338, 18.964305695040117 ], [ 73.011570532142258, 18.963757952795259 ], [ 73.011858385812033, 18.963761042542437 ], [ 73.011864880220045, 18.963213300167229 ], [ 73.012152733006829, 18.96321638937189 ], [ 73.012155979657791, 18.962942518123423 ], [ 73.012443832030939, 18.962945606833532 ], [ 73.012447078156768, 18.962671735528531 ], [ 73.012159226252976, 18.962668646866344 ], [ 73.012162472792411, 18.962394775600639 ], [ 73.012450324226833, 18.9623978642149 ], [ 73.012453570241149, 18.962123992892661 ], [ 73.012165719276069, 18.962120904326312 ], [ 73.012168965703978, 18.961847033043373 ], [ 73.011881115264018, 18.961843944078332 ], [ 73.011887608891215, 18.961296201582424 ], [ 73.011599759445687, 18.961293112266652 ], [ 73.011603006644947, 18.961019241053691 ], [ 73.011315157724539, 18.961016151339258 ], [ 73.011318405337335, 18.960742280165626 ], [ 73.011606253788429, 18.960745369832122 ], [ 73.01161599488421, 18.959923756115678 ], [ 73.011328147841013, 18.959920666593 ], [ 73.011324900395579, 18.960194537792496 ], [ 73.010749205537962, 18.960188357311559 ], [ 73.010745957098138, 18.960462228406538 ], [ 73.010170261525133, 18.960456046043412 ], [ 73.010173510903556, 18.960182175044356 ], [ 73.008446428340193, 18.960163617525204 ], [ 73.008443176146002, 18.960437488236316 ], [ 73.008155328778301, 18.960434393705469 ], [ 73.008145570452584, 18.961256005643015 ], [ 73.008433419228211, 18.961259100317911 ], [ 73.008426914337022, 18.961806841662533 ], [ 73.008139064622739, 18.961803746891608 ], [ 73.008135811623987, 18.962077617502967 ], [ 73.007847961496239, 18.962074522237415 ], [ 73.00784145439242, 18.962622263338222 ], [ 73.008417156581231, 18.96262845361478 ], [ 73.008420409222367, 18.962354582972655 ], [ 73.008996110695946, 18.962360771366704 ], [ 73.008992858993537, 18.962634642104842 ], [ 73.009280710283463, 18.962637735679934 ], [ 73.009270956249225, 18.9634593479866 ], [ 73.008983103551159, 18.96345625426752 ], [ 73.008973347606101, 18.964277866352603 ], [ 73.008685493555689, 18.96427477204287 ], [ 73.0086789883742, 18.964822513293793 ], [ 73.00839113344081, 18.96481941844138 ], [ 73.008384627096987, 18.965367159561794 ], [ 73.008960338897367, 18.96537334901198 ], [ 73.008957086580537, 18.965647219655267 ], [ 73.009820656108374, 18.965656500624295 ], [ 73.009823907016838, 18.965382629837048 ], [ 73.00953605092117, 18.965379536675385 ], [ 73.009549055874487, 18.964284053632063 ], [ 73.009836910092432, 18.964287146601794 ], [ 73.009846661812887, 18.963465534084815 ], [ 73.010134514678455, 18.96346862646395 ], [ 73.010137764670901, 18.963194755559741 ], [ 73.010425617122905, 18.963197847444263 ], [ 73.010438614656991, 18.96210236354932 ], [ 73.010726465287348, 18.962105454795356 ], [ 73.010732962780835, 18.96155771270023 ], [ 73.011020812528301, 18.961560803403749 ], [ 73.011024060722008, 18.961286932295305 ], [ 73.011311910055966, 18.961290022504276 ], [ 73.011308662331587, 18.961563893660664 ], [ 73.01159651219065, 18.961566983470981 ], [ 73.011586770090858, 18.962388597032241 ], [ 73.011298918823741, 18.96238550707811 ], [ 73.011292422872913, 18.962933249313306 ], [ 73.011004570722861, 18.962930158816654 ], [ 73.010998073610111, 18.963477900921461 ], [ 73.010710220577081, 18.963474809882275 ], [ 73.010700473081243, 18.964296422830969 ], [ 73.010988327522483, 18.964299514014023 ], [ 73.010985078715009, 18.964573385027634 ], [ 73.010697223804357, 18.964570293796626 ], [ 73.01069397447165, 18.964844164753647 ], [ 73.010981829851744, 18.964847256032609 ], [ 73.010959086246388, 18.966764352826072 ], [ 73.01067122758009, 18.96676126121142 ], [ 73.010667977800921, 18.967035132099468 ], [ 73.011531555375683, 18.967044405747071 ], [ 73.011538052061297, 18.966496663674658 ], [ 73.011250193752886, 18.966493573001415 ], [ 73.01125344248149, 18.966219702000217 ], [ 73.01182915821515, 18.9662258828041 ] ], [ [ 73.009862913563694, 18.96209617971741 ], [ 73.009287212693735, 18.962089994099045 ], [ 73.009290463815105, 18.961816123295662 ], [ 73.009578313752826, 18.961819216280166 ], [ 73.009581564349006, 18.96154534542017 ], [ 73.009869413873233, 18.961548437910086 ], [ 73.009862913563694, 18.96209617971741 ] ] ], [ [ [ 73.012718701276583, 18.964044180422444 ], [ 73.012721947156024, 18.963770309104017 ], [ 73.011858385812033, 18.963761042542437 ], [ 73.011855138524368, 18.964034913717111 ], [ 73.012718701276583, 18.964044180422444 ] ] ], [ [ [ 73.010697223804357, 18.964570293796626 ], [ 73.010700473081243, 18.964296422830969 ], [ 73.010412618695824, 18.964293331201244 ], [ 73.01040936894951, 18.964567202118943 ], [ 73.010697223804357, 18.964570293796626 ] ] ], [ [ [ 73.014967007392855, 18.944347006014173 ], [ 73.014970245977551, 18.944073133740183 ], [ 73.01468242552663, 18.944070051905427 ], [ 73.014679186473089, 18.944343924131562 ], [ 73.014967007392855, 18.944347006014173 ] ] ], [ [ [ 73.014391365609001, 18.944340841802777 ], [ 73.014388126030966, 18.944614713972445 ], [ 73.014675947363884, 18.944617796349082 ], [ 73.014679186473089, 18.944343924131562 ], [ 73.014391365609001, 18.944340841802777 ] ] ], [ [ [ 73.021240963341029, 18.949344412928181 ], [ 73.021244192610226, 18.949070539758146 ], [ 73.020956362496236, 18.9490674668804 ], [ 73.020953132758066, 18.949341340002729 ], [ 73.021240963341029, 18.949344412928181 ] ] ], [ [ [ 73.020946673115176, 18.949889086221557 ], [ 73.020953132758066, 18.949341340002729 ], [ 73.020377471758636, 18.949335192812931 ], [ 73.020374241026971, 18.949609065831222 ], [ 73.020662071967905, 18.949612139696985 ], [ 73.02065884164972, 18.949886012754384 ], [ 73.020946673115176, 18.949889086221557 ] ] ], [ [ [ 73.02065884164972, 18.949886012754384 ], [ 73.020371010239771, 18.949882938840897 ], [ 73.020367779397077, 18.950156811841961 ], [ 73.020655611276027, 18.950159885803167 ], [ 73.02065884164972, 18.949886012754384 ] ] ], [ [ [ 73.020642689226094, 18.951255377912194 ], [ 73.020930523036654, 18.951258451617921 ], [ 73.020927292854452, 18.951532324671362 ], [ 73.021502961580183, 18.951538470839168 ], [ 73.02149973228056, 18.951812343979395 ], [ 73.020924062616729, 18.951806197716181 ], [ 73.020920832323483, 18.952080070752398 ], [ 73.021208667596724, 18.952083144154891 ], [ 73.021195747745068, 18.953178636404438 ], [ 73.021483584950147, 18.953181709551359 ], [ 73.021486814527222, 18.952907836454187 ], [ 73.022638162025956, 18.952920124387134 ], [ 73.022644617260937, 18.952372377785508 ], [ 73.022356781241214, 18.952369306567206 ], [ 73.022363237192508, 18.95182156002647 ], [ 73.021787567195744, 18.951815416441452 ], [ 73.021794024801366, 18.951267670057 ], [ 73.021506190824311, 18.951264597690326 ], [ 73.021509420012947, 18.950990724532872 ], [ 73.021797253520958, 18.950993796851858 ], [ 73.021800482185071, 18.950719923638108 ], [ 73.022376148429487, 18.950726066841685 ], [ 73.022382603715187, 18.950178320197619 ], [ 73.02180693934686, 18.950172177184761 ], [ 73.021810167844535, 18.949898303945179 ], [ 73.022097999531951, 18.949901375627086 ], [ 73.022101227505146, 18.9496275023312 ], [ 73.021525565123781, 18.949621358616444 ], [ 73.021528793979499, 18.949347485407326 ], [ 73.021240963341029, 18.949344412928181 ], [ 73.021234504636141, 18.949892159242413 ], [ 73.020946673115176, 18.949889086221557 ], [ 73.020943443210484, 18.950162959318046 ], [ 73.020655611276027, 18.950159885803167 ], [ 73.020649150362075, 18.950707631874902 ], [ 73.020361317545095, 18.950704557818263 ], [ 73.020358086535836, 18.950978430793494 ], [ 73.020645919821845, 18.950981504897854 ], [ 73.020642689226094, 18.951255377912194 ] ], [ [ 73.021803710793705, 18.950446050415739 ], [ 73.021515878223738, 18.950442978192132 ], [ 73.021519107245908, 18.950169105008847 ], [ 73.02180693934686, 18.950172177184761 ], [ 73.021803710793705, 18.950446050415739 ] ], [ [ 73.021781109368177, 18.95236316279146 ], [ 73.022068945276956, 18.95236623490252 ], [ 73.022065716749026, 18.952640108112291 ], [ 73.021777880371161, 18.952637035953543 ], [ 73.021781109368177, 18.95236316279146 ] ] ], [ [ [ 73.013715242159904, 18.952824706092791 ], [ 73.013721726477797, 18.952276962453197 ], [ 73.01285822375543, 18.952267705946387 ], [ 73.012851736623105, 18.952815449298619 ], [ 73.01342740692526, 18.952821620941112 ], [ 73.01342416421366, 18.95309549270009 ], [ 73.01371199991739, 18.953098577899649 ], [ 73.013705515265244, 18.95364632148754 ], [ 73.013993351962881, 18.953649406336471 ], [ 73.013986868026123, 18.954197149985653 ], [ 73.014274705717682, 18.95420023448392 ], [ 73.014271464134879, 18.954474106343458 ], [ 73.013983625974177, 18.954471021797318 ], [ 73.013980383866539, 18.954744893600363 ], [ 73.013404706774011, 18.954738723073042 ], [ 73.013398220515029, 18.955286466461754 ], [ 73.01311038111406, 18.955283380432657 ], [ 73.013090918184744, 18.95692661010461 ], [ 73.012803076024426, 18.956923523341658 ], [ 73.012796586997069, 18.957471266400887 ], [ 73.012508743954086, 18.957468179095635 ], [ 73.012505498887563, 18.957742050564416 ], [ 73.013081185967721, 18.957748224824233 ], [ 73.013084430095788, 18.957474353259641 ], [ 73.013372273250255, 18.957477439671894 ], [ 73.013378760400798, 18.956929696421071 ], [ 73.013954445000024, 18.956935867714538 ], [ 73.013957687553315, 18.956661995980426 ], [ 73.013669845695034, 18.956658910604819 ], [ 73.013673088661804, 18.956385038909971 ], [ 73.013960930050885, 18.956388124237701 ], [ 73.013964172492763, 18.956114252486351 ], [ 73.014252013468379, 18.956117337319736 ], [ 73.014255255385379, 18.955843465511897 ], [ 73.014543095947516, 18.955846549850943 ], [ 73.014539854499702, 18.95612042170665 ], [ 73.01540337792774, 18.956129672188595 ], [ 73.01540013783179, 18.956403544179246 ], [ 73.015687979555011, 18.95640662682813 ], [ 73.015694458752904, 18.955858882742543 ], [ 73.016270140489567, 18.955865046509572 ], [ 73.016273379066689, 18.955591174358201 ], [ 73.01684906008758, 18.955597336243756 ], [ 73.01685553519826, 18.955049591723906 ], [ 73.017143374853845, 18.955052671901388 ], [ 73.017149848803754, 18.95450492725146 ], [ 73.017725526405172, 18.954511086075932 ], [ 73.017728762358431, 18.954237213642461 ], [ 73.017153085695284, 18.954231054913578 ], [ 73.017156322531193, 18.953957182567077 ], [ 73.018019836201958, 18.953966419847404 ], [ 73.01802307157493, 18.953692547348918 ], [ 73.018310909107257, 18.953695625501755 ], [ 73.018314143955521, 18.953421752946884 ], [ 73.018601981074326, 18.953424830605542 ], [ 73.018595512260447, 18.953972575802212 ], [ 73.018883350373045, 18.953975653109989 ], [ 73.018880116351866, 18.954249525743158 ], [ 73.019167954989157, 18.954252602652275 ], [ 73.019171188541208, 18.953978729971347 ], [ 73.019459026764935, 18.953981806386295 ], [ 73.019455793682013, 18.954255679114969 ], [ 73.020031471234361, 18.954261830701082 ], [ 73.020034703379039, 18.953987957876933 ], [ 73.020610380215274, 18.953994107581892 ], [ 73.020613611366173, 18.95372023465368 ], [ 73.020325773389416, 18.953717160072131 ], [ 73.020332236462892, 18.953169414285298 ], [ 73.020620073501433, 18.953172488771411 ], [ 73.020623304485795, 18.952898615817364 ], [ 73.020911141110759, 18.952901689809366 ], [ 73.020914371570512, 18.952627816798987 ], [ 73.020626535414635, 18.952624742854702 ], [ 73.020629766287954, 18.952350869883421 ], [ 73.020341930656656, 18.952347795540465 ], [ 73.020351624350738, 18.951526176718126 ], [ 73.020063790182149, 18.951523102071974 ], [ 73.020070253305335, 18.95097535624279 ], [ 73.019782420130369, 18.95097228124574 ], [ 73.019779188127515, 18.951246154116909 ], [ 73.019491354539042, 18.951243078625783 ], [ 73.019497819427301, 18.950695332970326 ], [ 73.020361317545095, 18.950704557818263 ], [ 73.020367779397077, 18.950156811841961 ], [ 73.019792115805743, 18.950150662580587 ], [ 73.019795347586452, 18.949876789674985 ], [ 73.018644022946305, 18.949864485987383 ], [ 73.018640789289577, 18.950138358701992 ], [ 73.018352957799436, 18.950135281616539 ], [ 73.01834648938123, 18.950683026924402 ], [ 73.017770824691638, 18.950676871223436 ], [ 73.017767589461101, 18.950950743768889 ], [ 73.017191924055822, 18.950944586187013 ], [ 73.017188687831634, 18.951218458628276 ], [ 73.016613021710739, 18.951212299165437 ], [ 73.016609784492857, 18.951486171502474 ], [ 73.016321951046805, 18.951483091053721 ], [ 73.016315475506076, 18.952030835606308 ], [ 73.016027641177544, 18.95202775461556 ], [ 73.016024402854654, 18.952301626831119 ], [ 73.015736568112715, 18.952298545346171 ], [ 73.015730090361856, 18.952846289655771 ], [ 73.016017926041954, 18.952849371236372 ], [ 73.016014687552143, 18.953123243426077 ], [ 73.015151179271541, 18.953113997201598 ], [ 73.015147939318794, 18.95338786923918 ], [ 73.014572266471887, 18.95338170276186 ], [ 73.014569025525262, 18.953655574695109 ], [ 73.014281188716225, 18.953652490738996 ], [ 73.014287671491985, 18.9531047469596 ], [ 73.013999835676842, 18.95310166265282 ], [ 73.014003077450255, 18.952827790798079 ], [ 73.013715242159904, 18.952824706092791 ] ], [ [ 73.013967414878934, 18.955840380726386 ], [ 73.013970657209398, 18.955566508957812 ], [ 73.014258497246658, 18.955569593695447 ], [ 73.014255255385379, 18.955843465511897 ], [ 73.013967414878934, 18.955840380726386 ] ], [ [ 73.014546337339638, 18.95557267798663 ], [ 73.014834177488297, 18.955575761831355 ], [ 73.014830936565346, 18.955849633743529 ], [ 73.014543095947516, 18.955846549850943 ], [ 73.014546337339638, 18.95557267798663 ] ], [ [ 73.016567695598326, 18.955046511099972 ], [ 73.01657093353937, 18.954772638874932 ], [ 73.0162830944642, 18.95476955785238 ], [ 73.016286332818765, 18.954495685666544 ], [ 73.015998494268359, 18.954492604245377 ], [ 73.016001733036418, 18.954218732098749 ], [ 73.015713895010791, 18.954215650278996 ], [ 73.015717134192315, 18.953941778171579 ], [ 73.015429296691465, 18.953938695953241 ], [ 73.015432536286454, 18.953664823885049 ], [ 73.016008210405573, 18.953670987779645 ], [ 73.016004971748814, 18.953944859943508 ], [ 73.016292809360962, 18.953947941269025 ], [ 73.016289571117682, 18.954221813472088 ], [ 73.016577409254594, 18.954224894399005 ], [ 73.016574171424807, 18.954498766641272 ], [ 73.01686201008647, 18.954501847169581 ], [ 73.01685553519826, 18.955049591723906 ], [ 73.016567695598326, 18.955046511099972 ] ], [ [ 73.01946225979232, 18.953707933649003 ], [ 73.019750097602483, 18.95371100956979 ], [ 73.019746865044226, 18.953984882354817 ], [ 73.019459026764935, 18.953981806386295 ], [ 73.01946225979232, 18.953707933649003 ] ], [ [ 73.017476520975507, 18.951221537690177 ], [ 73.01747004929841, 18.951769282642438 ], [ 73.017757883435976, 18.951772361353569 ], [ 73.017751412474595, 18.952320106366955 ], [ 73.017175742378811, 18.952313948307172 ], [ 73.017172505876573, 18.952587820705354 ], [ 73.016596835065101, 18.952581660764462 ], [ 73.016600072505483, 18.952307788461887 ], [ 73.016887907414343, 18.952310868607711 ], [ 73.016897617994559, 18.951489251504874 ], [ 73.017185451551853, 18.951492331060919 ], [ 73.017188687831634, 18.951218458628276 ], [ 73.017476520975507, 18.951221537690177 ] ], [ [ 73.014856862389976, 18.95365865820483 ], [ 73.014853621856773, 18.953932530177326 ], [ 73.014565784522944, 18.953929446619753 ], [ 73.014569025525262, 18.953655574695109 ], [ 73.014856862389976, 18.95365865820483 ] ], [ [ 73.014556061181892, 18.954751062341966 ], [ 73.014843899923108, 18.954754146043118 ], [ 73.014837418355583, 18.955301889910562 ], [ 73.014549578676082, 18.955298806113685 ], [ 73.014556061181892, 18.954751062341966 ] ], [ [ 73.016583884747277, 18.95367714988862 ], [ 73.016296047548607, 18.953674069057332 ], [ 73.016299285680617, 18.953400196837038 ], [ 73.016587122410172, 18.953403277620499 ], [ 73.016583884747277, 18.95367714988862 ] ], [ [ 73.016590360017446, 18.953129405343766 ], [ 73.017166032705262, 18.953135565475886 ], [ 73.017162796036203, 18.953409437848229 ], [ 73.016587122410172, 18.953403277620499 ], [ 73.016590360017446, 18.953129405343766 ] ], [ [ 73.018039247605884, 18.952323184727295 ], [ 73.018614918035212, 18.95232934010884 ], [ 73.018611683878362, 18.952603212745935 ], [ 73.018036012510876, 18.952597057268843 ], [ 73.018039247605884, 18.952323184727295 ] ], [ [ 73.019187355468119, 18.952609366437496 ], [ 73.018899519645444, 18.952606289814906 ], [ 73.018902753333236, 18.952332417130052 ], [ 73.01919058868684, 18.952335493704883 ], [ 73.019187355468119, 18.952609366437496 ] ], [ [ 73.019193821849996, 18.952061620963661 ], [ 73.019481656790063, 18.952064697044378 ], [ 73.019478424095979, 18.952338569833344 ], [ 73.01919058868684, 18.952335493704883 ], [ 73.019193821849996, 18.952061620963661 ] ], [ [ 73.019766259560669, 18.952341645515432 ], [ 73.019763027280106, 18.952615518343528 ], [ 73.019475191346345, 18.952612442613706 ], [ 73.019478424095979, 18.952338569833344 ], [ 73.019766259560669, 18.952341645515432 ] ], [ [ 73.019200288009628, 18.951513875455376 ], [ 73.019488122011595, 18.951516951440599 ], [ 73.019484889428597, 18.951790824246793 ], [ 73.019197054957587, 18.951787748213818 ], [ 73.019200288009628, 18.951513875455376 ] ], [ [ 73.018624620172375, 18.95150772214587 ], [ 73.018336786337088, 18.95150464482159 ], [ 73.018343255088766, 18.950956899565405 ], [ 73.01920675394706, 18.950966129912636 ], [ 73.019203521006119, 18.951240002688312 ], [ 73.018627854106953, 18.95123384947432 ], [ 73.018624620172375, 18.95150772214587 ] ] ], [ [ [ 73.02290986232687, 18.954292561846064 ], [ 73.022913089780261, 18.954018688544952 ], [ 73.022625250890471, 18.954015617487048 ], [ 73.022622022967937, 18.954289490740489 ], [ 73.02290986232687, 18.954292561846064 ] ] ], [ [ [ 73.020603917746911, 18.954541853412476 ], [ 73.020600686429447, 18.954815726314855 ], [ 73.020888526338254, 18.954818800640847 ], [ 73.020891757186561, 18.954544927690755 ], [ 73.021467436232413, 18.954551074908018 ], [ 73.021464206322378, 18.954824947953515 ], [ 73.021176366302569, 18.954821874520398 ], [ 73.021173135867883, 18.955095747509574 ], [ 73.020885295434425, 18.955092673582321 ], [ 73.020882064475089, 18.955366546515176 ], [ 73.021457746335827, 18.95537269401866 ], [ 73.021460976356849, 18.95509882099039 ], [ 73.022612338867603, 18.955111110449156 ], [ 73.022609110723224, 18.955384983668154 ], [ 73.022896951958757, 18.955388054964388 ], [ 73.022906634818014, 18.954566435138563 ], [ 73.022618794989953, 18.954563363985326 ], [ 73.022622022967937, 18.954289490740489 ], [ 73.022334183664483, 18.954286419188485 ], [ 73.022330955217356, 18.954560292385647 ], [ 73.022043115500225, 18.954557220339538 ], [ 73.02205280208257, 18.953735600865254 ], [ 73.020901449398465, 18.95372330878882 ], [ 73.020898218716667, 18.953997181764745 ], [ 73.020610380215274, 18.953994107581892 ], [ 73.020607149008853, 18.954267980501491 ], [ 73.020319310093839, 18.954264905824498 ], [ 73.020316078362768, 18.954538778687766 ], [ 73.020603917746911, 18.954541853412476 ] ], [ [ 73.021186057273582, 18.954000255501182 ], [ 73.021182827005404, 18.954274128516197 ], [ 73.020894987979375, 18.954271054732061 ], [ 73.020898218716667, 18.953997181764745 ], [ 73.021186057273582, 18.954000255501182 ] ] ], [ [ [ 73.021454516259325, 18.955646567038315 ], [ 73.021742357742113, 18.955649640168062 ], [ 73.021745587349457, 18.955375767100712 ], [ 73.021457746335827, 18.95537269401866 ], [ 73.021454516259325, 18.955646567038315 ] ] ], [ [ [ 73.014242287383212, 18.956938952691544 ], [ 73.013954445000024, 18.956935867714538 ], [ 73.013951202391041, 18.957209739440028 ], [ 73.014239045243428, 18.957212824464907 ], [ 73.014242287383212, 18.956938952691544 ] ] ], [ [ [ 73.014805007177074, 18.958040608730762 ], [ 73.015092851604223, 18.958043692559716 ], [ 73.015096092503413, 18.957769820668624 ], [ 73.015383936516997, 18.957772904003217 ], [ 73.015380696087036, 18.958046775942154 ], [ 73.015956385219667, 18.958052941367487 ], [ 73.015949906069707, 18.958600685410868 ], [ 73.016525597301936, 18.958606849241423 ], [ 73.016528835966241, 18.9583329771284 ], [ 73.016816681196559, 18.958336058326068 ], [ 73.016819919335987, 18.95806218615661 ], [ 73.016244229869471, 18.958056023410382 ], [ 73.016257185624667, 18.956960535028912 ], [ 73.016545028453223, 18.95696361643401 ], [ 73.016551505058558, 18.956415872095938 ], [ 73.015687979555011, 18.95640662682813 ], [ 73.015684739872569, 18.956680498857995 ], [ 73.015972582120639, 18.956683581108237 ], [ 73.015959624711172, 18.957779069332872 ], [ 73.01567178058626, 18.957775986891299 ], [ 73.015675020491315, 18.957502114895895 ], [ 73.014523646425246, 18.957489780855909 ], [ 73.014526888151522, 18.957215909043288 ], [ 73.014239045243428, 18.957212824464907 ], [ 73.014235803047939, 18.957486696229655 ], [ 73.013372273250255, 18.957477439671894 ], [ 73.013369029591402, 18.957751311284383 ], [ 73.014808248545506, 18.957766736887521 ], [ 73.014805007177074, 18.958040608730762 ] ] ], [ [ [ 73.017111001767276, 18.957791394634071 ], [ 73.016823157419793, 18.957788313978536 ], [ 73.016819919335987, 18.95806218615661 ], [ 73.017107764152698, 18.958065266859947 ], [ 73.017111001767276, 18.957791394634071 ] ] ], [ [ [ 73.017104526482527, 18.958339139077207 ], [ 73.017392371824101, 18.958342219381827 ], [ 73.01739560902503, 18.958068347116768 ], [ 73.017107764152698, 18.958065266859947 ], [ 73.017104526482527, 18.958339139077207 ] ] ], [ [ [ 73.017676980433976, 18.958619171544157 ], [ 73.017680217221283, 18.958345299239916 ], [ 73.017392371824101, 18.958342219381827 ], [ 73.017389134567551, 18.95861609163827 ], [ 73.017676980433976, 18.958619171544157 ] ] ], [ [ [ 73.015940186927367, 18.959422301411312 ], [ 73.015936947101963, 18.959696173394224 ], [ 73.016224794567322, 18.959699255724075 ], [ 73.016218315688093, 18.960246999759697 ], [ 73.0165061641477, 18.960250081738629 ], [ 73.016499685984513, 18.960797825835424 ], [ 73.016787535438368, 18.960800907463412 ], [ 73.016784296742642, 18.961074779546696 ], [ 73.017072146721475, 18.961077860775902 ], [ 73.017068908439427, 18.961351732898375 ], [ 73.017644609502597, 18.961357894112602 ], [ 73.017647846845975, 18.961084021894536 ], [ 73.017935696991657, 18.961087101783956 ], [ 73.017938933810086, 18.960813229509483 ], [ 73.018514633329588, 18.96081938785299 ], [ 73.018517869153797, 18.960545515474355 ], [ 73.019381417441934, 18.960554749496911 ], [ 73.019384651802625, 18.960280876966376 ], [ 73.018521104922399, 18.960271643087093 ], [ 73.018524340635452, 18.959997770691217 ], [ 73.018236492255838, 18.959994691886081 ], [ 73.018246200469306, 18.95917307479008 ], [ 73.017670506692568, 18.959166916126783 ], [ 73.017673743591075, 18.958893043839776 ], [ 73.017385897255366, 18.958889963886101 ], [ 73.017389134567551, 18.95861609163827 ], [ 73.016525597301936, 18.958606849241423 ], [ 73.016522358581994, 18.958880721345835 ], [ 73.015370974463124, 18.958868391707281 ], [ 73.015364493102169, 18.959416135507606 ], [ 73.015940186927367, 18.959422301411312 ] ], [ [ 73.017667269738439, 18.959440788405171 ], [ 73.017091575245573, 18.959434627860094 ], [ 73.017094813138243, 18.959160755677306 ], [ 73.017670506692568, 18.959166916126783 ], [ 73.017667269738439, 18.959440788405171 ] ], [ [ 73.017955117068283, 18.959443868007877 ], [ 73.017951880527846, 18.959717740325434 ], [ 73.017664032728717, 18.95971466067494 ], [ 73.017667269738439, 18.959440788405171 ], [ 73.017955117068283, 18.959443868007877 ] ], [ [ 73.01680696644452, 18.959157674782738 ], [ 73.016810204750826, 18.958883802639129 ], [ 73.017098050975278, 18.958886883485889 ], [ 73.017094813138243, 18.959160755677306 ], [ 73.01680696644452, 18.959157674782738 ] ] ] ] } },
{ "type": "Feature", "properties": { "patch_id": 1549, "area_m2": 786079.98949055816, "area_ha_site": 78.607998949055812, "area_km2": 0.78607998949055813, "site_size_class": "Very Large", "centroid_x": 290962.49637767981, "centroid_y": 2097052.9703598132, "area_rank": 4, "village": "Warsai", "subdistric": "Pen", "vlcode": "553910", "population": 1864.0, "multihazard_priority_100": 71.411062163350692, "recommendation_rank": 1, "recommendation_status": "Suitable Candidate", "area_ha": 78.607998949055812, "required_area_ha": 18.64, "estimated_capacity_people": 7860.7998949055818, "capacity_ratio": 4.217167325593123, "distance_km": 24.783477959794041, "site_flood": 45.707916259765625, "site_landslide": 13.335333824157717, "site_slope_deg": 2.1730802059173584, "site_road_dist_m": 1091.994140625, "final_feasibility_score": 64.589675393913197, "recommendation_reason": "78.6 ha available; capacity ratio 4.2x; 24.8 km from habitation; flood score 45.7; landslide score 13.3; mean slope 2.2°" }, "geometry": { "type": "MultiPolygon", "coordinates": [ [ [ [ 73.013789798362637, 18.946525652156925 ], [ 73.013793039268251, 18.946251780143296 ], [ 73.0135052152892, 18.946248696140838 ], [ 73.013501973914714, 18.946522568106591 ], [ 73.013789798362637, 18.946525652156925 ] ] ], [ [ [ 73.013233599747053, 18.944876251973664 ], [ 73.013230358182241, 18.945150123934596 ], [ 73.013518180230093, 18.945153208191712 ], [ 73.013524662366308, 18.944605464165459 ], [ 73.013812483532149, 18.944608547880634 ], [ 73.013809242960747, 18.944882419945941 ], [ 73.014384886397238, 18.944888586133491 ], [ 73.014388126030966, 18.944614713972445 ], [ 73.014100304753711, 18.944611631149623 ], [ 73.014103544800591, 18.944337759027825 ], [ 73.01324008270953, 18.944328508025972 ], [ 73.013236841256145, 18.944602380004124 ], [ 73.012661199202981, 18.944596210342915 ], [ 73.0126579567562, 18.94487008221666 ], [ 73.012370135344369, 18.944866996668889 ], [ 73.012373378259994, 18.944593124843056 ], [ 73.012085557372728, 18.944590038897022 ], [ 73.012059608736166, 18.946781012879164 ], [ 73.010908310740902, 18.946768663099423 ], [ 73.010914801985663, 18.94622092003905 ], [ 73.010626978564062, 18.946217831574451 ], [ 73.010610747689284, 18.947587188921016 ], [ 73.010322921978968, 18.94758409977041 ], [ 73.010316428300655, 18.948131842552808 ], [ 73.010028601708271, 18.948128752860018 ], [ 73.010025354316468, 18.948402624190333 ], [ 73.010313181377811, 18.948405713931084 ], [ 73.01030993439916, 18.948679585300741 ], [ 73.009734279394408, 18.948673405277034 ], [ 73.009731031422035, 18.948947276542139 ], [ 73.00886754792667, 18.948938003015567 ], [ 73.008870797305917, 18.948664131894425 ], [ 73.008582970054746, 18.948661039874345 ], [ 73.008576470302501, 18.949208782012001 ], [ 73.00943995503728, 18.949218057021394 ], [ 73.009436706484308, 18.949491928221281 ], [ 73.009724535309857, 18.949495019046488 ], [ 73.009727783393856, 18.949221147798621 ], [ 73.010591268798464, 18.949230417452569 ], [ 73.010594515419754, 18.948956546052187 ], [ 73.010882343530596, 18.94895963499631 ], [ 73.010885589627122, 18.948685763539352 ], [ 73.01117341732477, 18.948688851989242 ], [ 73.011170171697202, 18.948962723494148 ], [ 73.0114579999196, 18.948965811545701 ], [ 73.011454754705213, 18.949239683089928 ], [ 73.011166926013857, 18.949236594990428 ], [ 73.011163680274734, 18.949510466478095 ], [ 73.011739338651182, 18.949516642326675 ], [ 73.01174258345236, 18.949242770743133 ], [ 73.012318241113888, 18.949248944710675 ], [ 73.012321484921358, 18.948975073022677 ], [ 73.012897141867938, 18.948981245109245 ], [ 73.012900384681728, 18.948707373316815 ], [ 73.012612556649529, 18.948704287544572 ], [ 73.012619043047849, 18.948156544029676 ], [ 73.012906870142146, 18.948159629706105 ], [ 73.012910112788774, 18.947885757887832 ], [ 73.013773592999144, 18.947895012095863 ], [ 73.013770351759348, 18.948168884057807 ], [ 73.014058179076486, 18.948171967949182 ], [ 73.014064660562539, 18.947624223920922 ], [ 73.01320118159181, 18.947614971195311 ], [ 73.013204423658067, 18.947341099311906 ], [ 73.013492249457002, 18.947344183952136 ], [ 73.013501973914714, 18.946522568106591 ], [ 73.012638500905211, 18.946513313278228 ], [ 73.012654714253699, 18.945143954081797 ], [ 73.01294253619011, 18.945147039231287 ], [ 73.012945778223767, 18.944873167318249 ], [ 73.013233599747053, 18.944876251973664 ] ], [ [ 73.012916597914838, 18.947338014225434 ], [ 73.012919840394275, 18.947064142381315 ], [ 73.013207665668588, 18.947067227419897 ], [ 73.013204423658067, 18.947341099311906 ], [ 73.012916597914838, 18.947338014225434 ] ], [ [ 73.010892081652827, 18.948138020599593 ], [ 73.011467735228123, 18.948144196861335 ], [ 73.011464490181041, 18.948418068431412 ], [ 73.01088883566787, 18.948411892073782 ], [ 73.010892081652827, 18.948138020599593 ] ] ], [ [ [ 73.01319145505876, 18.948436586793829 ], [ 73.013194697292178, 18.94816271493627 ], [ 73.012906870142146, 18.948159629706105 ], [ 73.012903627439812, 18.948433501515765 ], [ 73.01319145505876, 18.948436586793829 ] ] ], [ [ [ 73.01318172802425, 18.949258202314816 ], [ 73.013184970424817, 18.9489843304831 ], [ 73.012897141867938, 18.948981245109245 ], [ 73.012893898998399, 18.94925511689306 ], [ 73.01318172802425, 18.949258202314816 ] ] ], [ [ [ 73.013754144724786, 18.949538243738321 ], [ 73.013760627705722, 18.948990499891963 ], [ 73.013472799037402, 18.948987415410677 ], [ 73.013469557105822, 18.949261287290277 ], [ 73.01318172802425, 18.949258202314816 ], [ 73.013178485567977, 18.949532074137906 ], [ 73.013466315118521, 18.949535159161261 ], [ 73.013459830976799, 18.950082902877391 ], [ 73.014035492120996, 18.950089071776723 ], [ 73.014038733281723, 18.94981519982721 ], [ 73.014326563468373, 18.949818283559537 ], [ 73.01432980410442, 18.949544411553532 ], [ 73.013754144724786, 18.949538243738321 ] ] ], [ [ [ 73.011160434479848, 18.949784337957148 ], [ 73.011163680274734, 18.949510466478095 ], [ 73.010875851170169, 18.949507377884366 ], [ 73.010872604906297, 18.949781249315471 ], [ 73.011160434479848, 18.949784337957148 ] ] ], [ [ [ 73.012302021240373, 18.950618303021436 ], [ 73.01258985249973, 18.950621389575332 ], [ 73.012583365098152, 18.951169132935149 ], [ 73.012007700759085, 18.951162959189368 ], [ 73.012004456036621, 18.951436830760517 ], [ 73.011716623481689, 18.951433743170195 ], [ 73.011723113808912, 18.950886000115123 ], [ 73.011435282247803, 18.950882912174318 ], [ 73.011422299494114, 18.951978398058255 ], [ 73.011134466112637, 18.951975309479362 ], [ 73.011127973463019, 18.95252305227374 ], [ 73.01141580778264, 18.952526140948514 ], [ 73.011412561843244, 18.952800012380724 ], [ 73.011988231587921, 18.952806188487024 ], [ 73.011994721534663, 18.952258445422274 ], [ 73.012282555552517, 18.952261532710011 ], [ 73.012285799973199, 18.951987661116785 ], [ 73.012573633577716, 18.951990747910248 ], [ 73.012570389626106, 18.952264619551379 ], [ 73.01285822375543, 18.952267705946387 ], [ 73.012867954035926, 18.951446090853416 ], [ 73.013155786813826, 18.951449176658361 ], [ 73.013152543911772, 18.951723048412532 ], [ 73.013440377214451, 18.951726133819015 ], [ 73.013443619647461, 18.951452262016954 ], [ 73.013731452536803, 18.951455346929201 ], [ 73.013734694445063, 18.95118147507063 ], [ 73.013159029660159, 18.951175304895575 ], [ 73.013165515185662, 18.950627561344145 ], [ 73.014029009632438, 18.950636815649926 ], [ 73.014032250904563, 18.950362943717636 ], [ 73.013456588822351, 18.95035677472254 ], [ 73.013459830976799, 18.950082902877391 ], [ 73.013172000488254, 18.950079817758255 ], [ 73.013175243055983, 18.949805945952392 ], [ 73.012887413092145, 18.949802860434843 ], [ 73.012890656073139, 18.949528988668259 ], [ 73.01231499725067, 18.949522816390054 ], [ 73.012302021240373, 18.950618303021436 ] ], [ [ 73.013168757864818, 18.950353689555516 ], [ 73.012880926962993, 18.950350603942166 ], [ 73.012884170055443, 18.950076732192805 ], [ 73.013172000488254, 18.950079817758255 ], [ 73.013168757864818, 18.950353689555516 ] ] ], [ [ [ 73.013699030390256, 18.954194065040962 ], [ 73.01370227285561, 18.953920193268562 ], [ 73.013414435744565, 18.953917107925346 ], [ 73.013411192810096, 18.954190979649862 ], [ 73.013699030390256, 18.954194065040962 ] ] ], [ [ [ 73.013404706774011, 18.954738723073042 ], [ 73.013411192810096, 18.954190979649862 ], [ 73.013123355285657, 18.954187893812339 ], [ 73.013116868311315, 18.954735637139734 ], [ 73.013404706774011, 18.954738723073042 ] ] ], [ [ [ 73.012492518064008, 18.95883753635335 ], [ 73.012505498887563, 18.957742050564416 ], [ 73.012217655431115, 18.957738962764758 ], [ 73.01220467273059, 18.958834448362019 ], [ 73.012492518064008, 18.95883753635335 ] ] ], [ [ [ 73.011628982231045, 18.958828271039753 ], [ 73.01161599488421, 18.959923756115678 ], [ 73.011903841983184, 18.959926845191806 ], [ 73.01190708843427, 18.959652973887827 ], [ 73.012194935119737, 18.959656062469463 ], [ 73.01220467273059, 18.958834448362019 ], [ 73.011628982231045, 18.958828271039753 ] ] ], [ [ [ 73.012175458392477, 18.961299290451617 ], [ 73.012178704653095, 18.961025419142803 ], [ 73.011890855621132, 18.961022330321544 ], [ 73.011887608891215, 18.961296201582424 ], [ 73.012175458392477, 18.961299290451617 ] ] ], [ [ [ 73.012460062102491, 18.961576250222308 ], [ 73.012463307949531, 18.961302378874201 ], [ 73.012175458392477, 18.961299290451617 ], [ 73.012172212076109, 18.961573161751797 ], [ 73.012460062102491, 18.961576250222308 ] ] ], [ [ [ 73.01182915821515, 18.9662258828041 ], [ 73.011832405949022, 18.965952011698402 ], [ 73.011544548523759, 18.965948921567758 ], [ 73.011547796671323, 18.965675050501371 ], [ 73.011835653627116, 18.965678140584085 ], [ 73.011838901249433, 18.965404269461143 ], [ 73.012414614389428, 18.9654104481906 ], [ 73.012411367706022, 18.965684319409387 ], [ 73.012123510638673, 18.965681230220088 ], [ 73.012117016165647, 18.966228972535966 ], [ 73.012404874171906, 18.966232061821103 ], [ 73.012395133452529, 18.967053675374004 ], [ 73.012682992923018, 18.967056764356165 ], [ 73.012686239415743, 18.966782893132574 ], [ 73.012974098472498, 18.966785981620092 ], [ 73.012980590351731, 18.966238239051226 ], [ 73.01269273223393, 18.966235150659525 ], [ 73.01270247104307, 18.965413536885279 ], [ 73.013278184517617, 18.965419712934544 ], [ 73.013281429736921, 18.965145841563409 ], [ 73.011554292799076, 18.965127308342737 ], [ 73.011557540779279, 18.964853437250479 ], [ 73.012133251929967, 18.964859616681611 ], [ 73.012139745845332, 18.964311874279527 ], [ 73.011564036572338, 18.964305695040117 ], [ 73.011570532142258, 18.963757952795259 ], [ 73.011858385812033, 18.963761042542437 ], [ 73.011864880220045, 18.963213300167229 ], [ 73.012152733006829, 18.96321638937189 ], [ 73.012155979657791, 18.962942518123423 ], [ 73.012443832030939, 18.962945606833532 ], [ 73.012447078156768, 18.962671735528531 ], [ 73.012159226252976, 18.962668646866344 ], [ 73.012162472792411, 18.962394775600639 ], [ 73.012450324226833, 18.9623978642149 ], [ 73.012453570241149, 18.962123992892661 ], [ 73.012165719276069, 18.962120904326312 ], [ 73.012168965703978, 18.961847033043373 ], [ 73.011881115264018, 18.961843944078332 ], [ 73.011887608891215, 18.961296201582424 ], [ 73.011599759445687, 18.961293112266652 ], [ 73.011603006644947, 18.961019241053691 ], [ 73.011315157724539, 18.961016151339258 ], [ 73.011318405337335, 18.960742280165626 ], [ 73.011606253788429, 18.960745369832122 ], [ 73.01161599488421, 18.959923756115678 ], [ 73.011328147841013, 18.959920666593 ], [ 73.011324900395579, 18.960194537792496 ], [ 73.010749205537962, 18.960188357311559 ], [ 73.010745957098138, 18.960462228406538 ], [ 73.010170261525133, 18.960456046043412 ], [ 73.010173510903556, 18.960182175044356 ], [ 73.008446428340193, 18.960163617525204 ], [ 73.008443176146002, 18.960437488236316 ], [ 73.008155328778301, 18.960434393705469 ], [ 73.008145570452584, 18.961256005643015 ], [ 73.008433419228211, 18.961259100317911 ], [ 73.008426914337022, 18.961806841662533 ], [ 73.008139064622739, 18.961803746891608 ], [ 73.008135811623987, 18.962077617502967 ], [ 73.007847961496239, 18.962074522237415 ], [ 73.00784145439242, 18.962622263338222 ], [ 73.008417156581231, 18.96262845361478 ], [ 73.008420409222367, 18.962354582972655 ], [ 73.008996110695946, 18.962360771366704 ], [ 73.008992858993537, 18.962634642104842 ], [ 73.009280710283463, 18.962637735679934 ], [ 73.009270956249225, 18.9634593479866 ], [ 73.008983103551159, 18.96345625426752 ], [ 73.008973347606101, 18.964277866352603 ], [ 73.008685493555689, 18.96427477204287 ], [ 73.0086789883742, 18.964822513293793 ], [ 73.00839113344081, 18.96481941844138 ], [ 73.008384627096987, 18.965367159561794 ], [ 73.008960338897367, 18.96537334901198 ], [ 73.008957086580537, 18.965647219655267 ], [ 73.009820656108374, 18.965656500624295 ], [ 73.009823907016838, 18.965382629837048 ], [ 73.00953605092117, 18.965379536675385 ], [ 73.009549055874487, 18.964284053632063 ], [ 73.009836910092432, 18.964287146601794 ], [ 73.009846661812887, 18.963465534084815 ], [ 73.010134514678455, 18.96346862646395 ], [ 73.010137764670901, 18.963194755559741 ], [ 73.010425617122905, 18.963197847444263 ], [ 73.010438614656991, 18.96210236354932 ], [ 73.010726465287348, 18.962105454795356 ], [ 73.010732962780835, 18.96155771270023 ], [ 73.011020812528301, 18.961560803403749 ], [ 73.011024060722008, 18.961286932295305 ], [ 73.011311910055966, 18.961290022504276 ], [ 73.011308662331587, 18.961563893660664 ], [ 73.01159651219065, 18.961566983470981 ], [ 73.011586770090858, 18.962388597032241 ], [ 73.011298918823741, 18.96238550707811 ], [ 73.011292422872913, 18.962933249313306 ], [ 73.011004570722861, 18.962930158816654 ], [ 73.010998073610111, 18.963477900921461 ], [ 73.010710220577081, 18.963474809882275 ], [ 73.010700473081243, 18.964296422830969 ], [ 73.010988327522483, 18.964299514014023 ], [ 73.010985078715009, 18.964573385027634 ], [ 73.010697223804357, 18.964570293796626 ], [ 73.01069397447165, 18.964844164753647 ], [ 73.010981829851744, 18.964847256032609 ], [ 73.010959086246388, 18.966764352826072 ], [ 73.01067122758009, 18.96676126121142 ], [ 73.010667977800921, 18.967035132099468 ], [ 73.011531555375683, 18.967044405747071 ], [ 73.011538052061297, 18.966496663674658 ], [ 73.011250193752886, 18.966493573001415 ], [ 73.01125344248149, 18.966219702000217 ], [ 73.01182915821515, 18.9662258828041 ] ], [ [ 73.009862913563694, 18.96209617971741 ], [ 73.009287212693735, 18.962089994099045 ], [ 73.009290463815105, 18.961816123295662 ], [ 73.009578313752826, 18.961819216280166 ], [ 73.009581564349006, 18.96154534542017 ], [ 73.009869413873233, 18.961548437910086 ], [ 73.009862913563694, 18.96209617971741 ] ] ], [ [ [ 73.012718701276583, 18.964044180422444 ], [ 73.012721947156024, 18.963770309104017 ], [ 73.011858385812033, 18.963761042542437 ], [ 73.011855138524368, 18.964034913717111 ], [ 73.012718701276583, 18.964044180422444 ] ] ], [ [ [ 73.010697223804357, 18.964570293796626 ], [ 73.010700473081243, 18.964296422830969 ], [ 73.010412618695824, 18.964293331201244 ], [ 73.01040936894951, 18.964567202118943 ], [ 73.010697223804357, 18.964570293796626 ] ] ], [ [ [ 73.014967007392855, 18.944347006014173 ], [ 73.014970245977551, 18.944073133740183 ], [ 73.01468242552663, 18.944070051905427 ], [ 73.014679186473089, 18.944343924131562 ], [ 73.014967007392855, 18.944347006014173 ] ] ], [ [ [ 73.014391365609001, 18.944340841802777 ], [ 73.014388126030966, 18.944614713972445 ], [ 73.014675947363884, 18.944617796349082 ], [ 73.014679186473089, 18.944343924131562 ], [ 73.014391365609001, 18.944340841802777 ] ] ], [ [ [ 73.021240963341029, 18.949344412928181 ], [ 73.021244192610226, 18.949070539758146 ], [ 73.020956362496236, 18.9490674668804 ], [ 73.020953132758066, 18.949341340002729 ], [ 73.021240963341029, 18.949344412928181 ] ] ], [ [ [ 73.020946673115176, 18.949889086221557 ], [ 73.020953132758066, 18.949341340002729 ], [ 73.020377471758636, 18.949335192812931 ], [ 73.020374241026971, 18.949609065831222 ], [ 73.020662071967905, 18.949612139696985 ], [ 73.02065884164972, 18.949886012754384 ], [ 73.020946673115176, 18.949889086221557 ] ] ], [ [ [ 73.02065884164972, 18.949886012754384 ], [ 73.020371010239771, 18.949882938840897 ], [ 73.020367779397077, 18.950156811841961 ], [ 73.020655611276027, 18.950159885803167 ], [ 73.02065884164972, 18.949886012754384 ] ] ], [ [ [ 73.020642689226094, 18.951255377912194 ], [ 73.020930523036654, 18.951258451617921 ], [ 73.020927292854452, 18.951532324671362 ], [ 73.021502961580183, 18.951538470839168 ], [ 73.02149973228056, 18.951812343979395 ], [ 73.020924062616729, 18.951806197716181 ], [ 73.020920832323483, 18.952080070752398 ], [ 73.021208667596724, 18.952083144154891 ], [ 73.021195747745068, 18.953178636404438 ], [ 73.021483584950147, 18.953181709551359 ], [ 73.021486814527222, 18.952907836454187 ], [ 73.022638162025956, 18.952920124387134 ], [ 73.022644617260937, 18.952372377785508 ], [ 73.022356781241214, 18.952369306567206 ], [ 73.022363237192508, 18.95182156002647 ], [ 73.021787567195744, 18.951815416441452 ], [ 73.021794024801366, 18.951267670057 ], [ 73.021506190824311, 18.951264597690326 ], [ 73.021509420012947, 18.950990724532872 ], [ 73.021797253520958, 18.950993796851858 ], [ 73.021800482185071, 18.950719923638108 ], [ 73.022376148429487, 18.950726066841685 ], [ 73.022382603715187, 18.950178320197619 ], [ 73.02180693934686, 18.950172177184761 ], [ 73.021810167844535, 18.949898303945179 ], [ 73.022097999531951, 18.949901375627086 ], [ 73.022101227505146, 18.9496275023312 ], [ 73.021525565123781, 18.949621358616444 ], [ 73.021528793979499, 18.949347485407326 ], [ 73.021240963341029, 18.949344412928181 ], [ 73.021234504636141, 18.949892159242413 ], [ 73.020946673115176, 18.949889086221557 ], [ 73.020943443210484, 18.950162959318046 ], [ 73.020655611276027, 18.950159885803167 ], [ 73.020649150362075, 18.950707631874902 ], [ 73.020361317545095, 18.950704557818263 ], [ 73.020358086535836, 18.950978430793494 ], [ 73.020645919821845, 18.950981504897854 ], [ 73.020642689226094, 18.951255377912194 ] ], [ [ 73.021803710793705, 18.950446050415739 ], [ 73.021515878223738, 18.950442978192132 ], [ 73.021519107245908, 18.950169105008847 ], [ 73.02180693934686, 18.950172177184761 ], [ 73.021803710793705, 18.950446050415739 ] ], [ [ 73.021781109368177, 18.95236316279146 ], [ 73.022068945276956, 18.95236623490252 ], [ 73.022065716749026, 18.952640108112291 ], [ 73.021777880371161, 18.952637035953543 ], [ 73.021781109368177, 18.95236316279146 ] ] ], [ [ [ 73.013715242159904, 18.952824706092791 ], [ 73.013721726477797, 18.952276962453197 ], [ 73.01285822375543, 18.952267705946387 ], [ 73.012851736623105, 18.952815449298619 ], [ 73.01342740692526, 18.952821620941112 ], [ 73.01342416421366, 18.95309549270009 ], [ 73.01371199991739, 18.953098577899649 ], [ 73.013705515265244, 18.95364632148754 ], [ 73.013993351962881, 18.953649406336471 ], [ 73.013986868026123, 18.954197149985653 ], [ 73.014274705717682, 18.95420023448392 ], [ 73.014271464134879, 18.954474106343458 ], [ 73.013983625974177, 18.954471021797318 ], [ 73.013980383866539, 18.954744893600363 ], [ 73.013404706774011, 18.954738723073042 ], [ 73.013398220515029, 18.955286466461754 ], [ 73.01311038111406, 18.955283380432657 ], [ 73.013090918184744, 18.95692661010461 ], [ 73.012803076024426, 18.956923523341658 ], [ 73.012796586997069, 18.957471266400887 ], [ 73.012508743954086, 18.957468179095635 ], [ 73.012505498887563, 18.957742050564416 ], [ 73.013081185967721, 18.957748224824233 ], [ 73.013084430095788, 18.957474353259641 ], [ 73.013372273250255, 18.957477439671894 ], [ 73.013378760400798, 18.956929696421071 ], [ 73.013954445000024, 18.956935867714538 ], [ 73.013957687553315, 18.956661995980426 ], [ 73.013669845695034, 18.956658910604819 ], [ 73.013673088661804, 18.956385038909971 ], [ 73.013960930050885, 18.956388124237701 ], [ 73.013964172492763, 18.956114252486351 ], [ 73.014252013468379, 18.956117337319736 ], [ 73.014255255385379, 18.955843465511897 ], [ 73.014543095947516, 18.955846549850943 ], [ 73.014539854499702, 18.95612042170665 ], [ 73.01540337792774, 18.956129672188595 ], [ 73.01540013783179, 18.956403544179246 ], [ 73.015687979555011, 18.95640662682813 ], [ 73.015694458752904, 18.955858882742543 ], [ 73.016270140489567, 18.955865046509572 ], [ 73.016273379066689, 18.955591174358201 ], [ 73.01684906008758, 18.955597336243756 ], [ 73.01685553519826, 18.955049591723906 ], [ 73.017143374853845, 18.955052671901388 ], [ 73.017149848803754, 18.95450492725146 ], [ 73.017725526405172, 18.954511086075932 ], [ 73.017728762358431, 18.954237213642461 ], [ 73.017153085695284, 18.954231054913578 ], [ 73.017156322531193, 18.953957182567077 ], [ 73.018019836201958, 18.953966419847404 ], [ 73.01802307157493, 18.953692547348918 ], [ 73.018310909107257, 18.953695625501755 ], [ 73.018314143955521, 18.953421752946884 ], [ 73.018601981074326, 18.953424830605542 ], [ 73.018595512260447, 18.953972575802212 ], [ 73.018883350373045, 18.953975653109989 ], [ 73.018880116351866, 18.954249525743158 ], [ 73.019167954989157, 18.954252602652275 ], [ 73.019171188541208, 18.953978729971347 ], [ 73.019459026764935, 18.953981806386295 ], [ 73.019455793682013, 18.954255679114969 ], [ 73.020031471234361, 18.954261830701082 ], [ 73.020034703379039, 18.953987957876933 ], [ 73.020610380215274, 18.953994107581892 ], [ 73.020613611366173, 18.95372023465368 ], [ 73.020325773389416, 18.953717160072131 ], [ 73.020332236462892, 18.953169414285298 ], [ 73.020620073501433, 18.953172488771411 ], [ 73.020623304485795, 18.952898615817364 ], [ 73.020911141110759, 18.952901689809366 ], [ 73.020914371570512, 18.952627816798987 ], [ 73.020626535414635, 18.952624742854702 ], [ 73.020629766287954, 18.952350869883421 ], [ 73.020341930656656, 18.952347795540465 ], [ 73.020351624350738, 18.951526176718126 ], [ 73.020063790182149, 18.951523102071974 ], [ 73.020070253305335, 18.95097535624279 ], [ 73.019782420130369, 18.95097228124574 ], [ 73.019779188127515, 18.951246154116909 ], [ 73.019491354539042, 18.951243078625783 ], [ 73.019497819427301, 18.950695332970326 ], [ 73.020361317545095, 18.950704557818263 ], [ 73.020367779397077, 18.950156811841961 ], [ 73.019792115805743, 18.950150662580587 ], [ 73.019795347586452, 18.949876789674985 ], [ 73.018644022946305, 18.949864485987383 ], [ 73.018640789289577, 18.950138358701992 ], [ 73.018352957799436, 18.950135281616539 ], [ 73.01834648938123, 18.950683026924402 ], [ 73.017770824691638, 18.950676871223436 ], [ 73.017767589461101, 18.950950743768889 ], [ 73.017191924055822, 18.950944586187013 ], [ 73.017188687831634, 18.951218458628276 ], [ 73.016613021710739, 18.951212299165437 ], [ 73.016609784492857, 18.951486171502474 ], [ 73.016321951046805, 18.951483091053721 ], [ 73.016315475506076, 18.952030835606308 ], [ 73.016027641177544, 18.95202775461556 ], [ 73.016024402854654, 18.952301626831119 ], [ 73.015736568112715, 18.952298545346171 ], [ 73.015730090361856, 18.952846289655771 ], [ 73.016017926041954, 18.952849371236372 ], [ 73.016014687552143, 18.953123243426077 ], [ 73.015151179271541, 18.953113997201598 ], [ 73.015147939318794, 18.95338786923918 ], [ 73.014572266471887, 18.95338170276186 ], [ 73.014569025525262, 18.953655574695109 ], [ 73.014281188716225, 18.953652490738996 ], [ 73.014287671491985, 18.9531047469596 ], [ 73.013999835676842, 18.95310166265282 ], [ 73.014003077450255, 18.952827790798079 ], [ 73.013715242159904, 18.952824706092791 ] ], [ [ 73.013967414878934, 18.955840380726386 ], [ 73.013970657209398, 18.955566508957812 ], [ 73.014258497246658, 18.955569593695447 ], [ 73.014255255385379, 18.955843465511897 ], [ 73.013967414878934, 18.955840380726386 ] ], [ [ 73.014546337339638, 18.95557267798663 ], [ 73.014834177488297, 18.955575761831355 ], [ 73.014830936565346, 18.955849633743529 ], [ 73.014543095947516, 18.955846549850943 ], [ 73.014546337339638, 18.95557267798663 ] ], [ [ 73.016567695598326, 18.955046511099972 ], [ 73.01657093353937, 18.954772638874932 ], [ 73.0162830944642, 18.95476955785238 ], [ 73.016286332818765, 18.954495685666544 ], [ 73.015998494268359, 18.954492604245377 ], [ 73.016001733036418, 18.954218732098749 ], [ 73.015713895010791, 18.954215650278996 ], [ 73.015717134192315, 18.953941778171579 ], [ 73.015429296691465, 18.953938695953241 ], [ 73.015432536286454, 18.953664823885049 ], [ 73.016008210405573, 18.953670987779645 ], [ 73.016004971748814, 18.953944859943508 ], [ 73.016292809360962, 18.953947941269025 ], [ 73.016289571117682, 18.954221813472088 ], [ 73.016577409254594, 18.954224894399005 ], [ 73.016574171424807, 18.954498766641272 ], [ 73.01686201008647, 18.954501847169581 ], [ 73.01685553519826, 18.955049591723906 ], [ 73.016567695598326, 18.955046511099972 ] ], [ [ 73.01946225979232, 18.953707933649003 ], [ 73.019750097602483, 18.95371100956979 ], [ 73.019746865044226, 18.953984882354817 ], [ 73.019459026764935, 18.953981806386295 ], [ 73.01946225979232, 18.953707933649003 ] ], [ [ 73.017476520975507, 18.951221537690177 ], [ 73.01747004929841, 18.951769282642438 ], [ 73.017757883435976, 18.951772361353569 ], [ 73.017751412474595, 18.952320106366955 ], [ 73.017175742378811, 18.952313948307172 ], [ 73.017172505876573, 18.952587820705354 ], [ 73.016596835065101, 18.952581660764462 ], [ 73.016600072505483, 18.952307788461887 ], [ 73.016887907414343, 18.952310868607711 ], [ 73.016897617994559, 18.951489251504874 ], [ 73.017185451551853, 18.951492331060919 ], [ 73.017188687831634, 18.951218458628276 ], [ 73.017476520975507, 18.951221537690177 ] ], [ [ 73.014856862389976, 18.95365865820483 ], [ 73.014853621856773, 18.953932530177326 ], [ 73.014565784522944, 18.953929446619753 ], [ 73.014569025525262, 18.953655574695109 ], [ 73.014856862389976, 18.95365865820483 ] ], [ [ 73.014556061181892, 18.954751062341966 ], [ 73.014843899923108, 18.954754146043118 ], [ 73.014837418355583, 18.955301889910562 ], [ 73.014549578676082, 18.955298806113685 ], [ 73.014556061181892, 18.954751062341966 ] ], [ [ 73.016583884747277, 18.95367714988862 ], [ 73.016296047548607, 18.953674069057332 ], [ 73.016299285680617, 18.953400196837038 ], [ 73.016587122410172, 18.953403277620499 ], [ 73.016583884747277, 18.95367714988862 ] ], [ [ 73.016590360017446, 18.953129405343766 ], [ 73.017166032705262, 18.953135565475886 ], [ 73.017162796036203, 18.953409437848229 ], [ 73.016587122410172, 18.953403277620499 ], [ 73.016590360017446, 18.953129405343766 ] ], [ [ 73.018039247605884, 18.952323184727295 ], [ 73.018614918035212, 18.95232934010884 ], [ 73.018611683878362, 18.952603212745935 ], [ 73.018036012510876, 18.952597057268843 ], [ 73.018039247605884, 18.952323184727295 ] ], [ [ 73.019187355468119, 18.952609366437496 ], [ 73.018899519645444, 18.952606289814906 ], [ 73.018902753333236, 18.952332417130052 ], [ 73.01919058868684, 18.952335493704883 ], [ 73.019187355468119, 18.952609366437496 ] ], [ [ 73.019193821849996, 18.952061620963661 ], [ 73.019481656790063, 18.952064697044378 ], [ 73.019478424095979, 18.952338569833344 ], [ 73.01919058868684, 18.952335493704883 ], [ 73.019193821849996, 18.952061620963661 ] ], [ [ 73.019766259560669, 18.952341645515432 ], [ 73.019763027280106, 18.952615518343528 ], [ 73.019475191346345, 18.952612442613706 ], [ 73.019478424095979, 18.952338569833344 ], [ 73.019766259560669, 18.952341645515432 ] ], [ [ 73.019200288009628, 18.951513875455376 ], [ 73.019488122011595, 18.951516951440599 ], [ 73.019484889428597, 18.951790824246793 ], [ 73.019197054957587, 18.951787748213818 ], [ 73.019200288009628, 18.951513875455376 ] ], [ [ 73.018624620172375, 18.95150772214587 ], [ 73.018336786337088, 18.95150464482159 ], [ 73.018343255088766, 18.950956899565405 ], [ 73.01920675394706, 18.950966129912636 ], [ 73.019203521006119, 18.951240002688312 ], [ 73.018627854106953, 18.95123384947432 ], [ 73.018624620172375, 18.95150772214587 ] ] ], [ [ [ 73.02290986232687, 18.954292561846064 ], [ 73.022913089780261, 18.954018688544952 ], [ 73.022625250890471, 18.954015617487048 ], [ 73.022622022967937, 18.954289490740489 ], [ 73.02290986232687, 18.954292561846064 ] ] ], [ [ [ 73.020603917746911, 18.954541853412476 ], [ 73.020600686429447, 18.954815726314855 ], [ 73.020888526338254, 18.954818800640847 ], [ 73.020891757186561, 18.954544927690755 ], [ 73.021467436232413, 18.954551074908018 ], [ 73.021464206322378, 18.954824947953515 ], [ 73.021176366302569, 18.954821874520398 ], [ 73.021173135867883, 18.955095747509574 ], [ 73.020885295434425, 18.955092673582321 ], [ 73.020882064475089, 18.955366546515176 ], [ 73.021457746335827, 18.95537269401866 ], [ 73.021460976356849, 18.95509882099039 ], [ 73.022612338867603, 18.955111110449156 ], [ 73.022609110723224, 18.955384983668154 ], [ 73.022896951958757, 18.955388054964388 ], [ 73.022906634818014, 18.954566435138563 ], [ 73.022618794989953, 18.954563363985326 ], [ 73.022622022967937, 18.954289490740489 ], [ 73.022334183664483, 18.954286419188485 ], [ 73.022330955217356, 18.954560292385647 ], [ 73.022043115500225, 18.954557220339538 ], [ 73.02205280208257, 18.953735600865254 ], [ 73.020901449398465, 18.95372330878882 ], [ 73.020898218716667, 18.953997181764745 ], [ 73.020610380215274, 18.953994107581892 ], [ 73.020607149008853, 18.954267980501491 ], [ 73.020319310093839, 18.954264905824498 ], [ 73.020316078362768, 18.954538778687766 ], [ 73.020603917746911, 18.954541853412476 ] ], [ [ 73.021186057273582, 18.954000255501182 ], [ 73.021182827005404, 18.954274128516197 ], [ 73.020894987979375, 18.954271054732061 ], [ 73.020898218716667, 18.953997181764745 ], [ 73.021186057273582, 18.954000255501182 ] ] ], [ [ [ 73.021454516259325, 18.955646567038315 ], [ 73.021742357742113, 18.955649640168062 ], [ 73.021745587349457, 18.955375767100712 ], [ 73.021457746335827, 18.95537269401866 ], [ 73.021454516259325, 18.955646567038315 ] ] ], [ [ [ 73.014242287383212, 18.956938952691544 ], [ 73.013954445000024, 18.956935867714538 ], [ 73.013951202391041, 18.957209739440028 ], [ 73.014239045243428, 18.957212824464907 ], [ 73.014242287383212, 18.956938952691544 ] ] ], [ [ [ 73.014805007177074, 18.958040608730762 ], [ 73.015092851604223, 18.958043692559716 ], [ 73.015096092503413, 18.957769820668624 ], [ 73.015383936516997, 18.957772904003217 ], [ 73.015380696087036, 18.958046775942154 ], [ 73.015956385219667, 18.958052941367487 ], [ 73.015949906069707, 18.958600685410868 ], [ 73.016525597301936, 18.958606849241423 ], [ 73.016528835966241, 18.9583329771284 ], [ 73.016816681196559, 18.958336058326068 ], [ 73.016819919335987, 18.95806218615661 ], [ 73.016244229869471, 18.958056023410382 ], [ 73.016257185624667, 18.956960535028912 ], [ 73.016545028453223, 18.95696361643401 ], [ 73.016551505058558, 18.956415872095938 ], [ 73.015687979555011, 18.95640662682813 ], [ 73.015684739872569, 18.956680498857995 ], [ 73.015972582120639, 18.956683581108237 ], [ 73.015959624711172, 18.957779069332872 ], [ 73.01567178058626, 18.957775986891299 ], [ 73.015675020491315, 18.957502114895895 ], [ 73.014523646425246, 18.957489780855909 ], [ 73.014526888151522, 18.957215909043288 ], [ 73.014239045243428, 18.957212824464907 ], [ 73.014235803047939, 18.957486696229655 ], [ 73.013372273250255, 18.957477439671894 ], [ 73.013369029591402, 18.957751311284383 ], [ 73.014808248545506, 18.957766736887521 ], [ 73.014805007177074, 18.958040608730762 ] ] ], [ [ [ 73.017111001767276, 18.957791394634071 ], [ 73.016823157419793, 18.957788313978536 ], [ 73.016819919335987, 18.95806218615661 ], [ 73.017107764152698, 18.958065266859947 ], [ 73.017111001767276, 18.957791394634071 ] ] ], [ [ [ 73.017104526482527, 18.958339139077207 ], [ 73.017392371824101, 18.958342219381827 ], [ 73.01739560902503, 18.958068347116768 ], [ 73.017107764152698, 18.958065266859947 ], [ 73.017104526482527, 18.958339139077207 ] ] ], [ [ [ 73.017676980433976, 18.958619171544157 ], [ 73.017680217221283, 18.958345299239916 ], [ 73.017392371824101, 18.958342219381827 ], [ 73.017389134567551, 18.95861609163827 ], [ 73.017676980433976, 18.958619171544157 ] ] ], [ [ [ 73.015940186927367, 18.959422301411312 ], [ 73.015936947101963, 18.959696173394224 ], [ 73.016224794567322, 18.959699255724075 ], [ 73.016218315688093, 18.960246999759697 ], [ 73.0165061641477, 18.960250081738629 ], [ 73.016499685984513, 18.960797825835424 ], [ 73.016787535438368, 18.960800907463412 ], [ 73.016784296742642, 18.961074779546696 ], [ 73.017072146721475, 18.961077860775902 ], [ 73.017068908439427, 18.961351732898375 ], [ 73.017644609502597, 18.961357894112602 ], [ 73.017647846845975, 18.961084021894536 ], [ 73.017935696991657, 18.961087101783956 ], [ 73.017938933810086, 18.960813229509483 ], [ 73.018514633329588, 18.96081938785299 ], [ 73.018517869153797, 18.960545515474355 ], [ 73.019381417441934, 18.960554749496911 ], [ 73.019384651802625, 18.960280876966376 ], [ 73.018521104922399, 18.960271643087093 ], [ 73.018524340635452, 18.959997770691217 ], [ 73.018236492255838, 18.959994691886081 ], [ 73.018246200469306, 18.95917307479008 ], [ 73.017670506692568, 18.959166916126783 ], [ 73.017673743591075, 18.958893043839776 ], [ 73.017385897255366, 18.958889963886101 ], [ 73.017389134567551, 18.95861609163827 ], [ 73.016525597301936, 18.958606849241423 ], [ 73.016522358581994, 18.958880721345835 ], [ 73.015370974463124, 18.958868391707281 ], [ 73.015364493102169, 18.959416135507606 ], [ 73.015940186927367, 18.959422301411312 ] ], [ [ 73.017667269738439, 18.959440788405171 ], [ 73.017091575245573, 18.959434627860094 ], [ 73.017094813138243, 18.959160755677306 ], [ 73.017670506692568, 18.959166916126783 ], [ 73.017667269738439, 18.959440788405171 ] ], [ [ 73.017955117068283, 18.959443868007877 ], [ 73.017951880527846, 18.959717740325434 ], [ 73.017664032728717, 18.95971466067494 ], [ 73.017667269738439, 18.959440788405171 ], [ 73.017955117068283, 18.959443868007877 ] ], [ [ 73.01680696644452, 18.959157674782738 ], [ 73.016810204750826, 18.958883802639129 ], [ 73.017098050975278, 18.958886883485889 ], [ 73.017094813138243, 18.959160755677306 ], [ 73.01680696644452, 18.959157674782738 ] ] ] ] } },
{ "type": "Feature", "properties": { "patch_id": 4165, "area_m2": 493713.39690821164, "area_ha_site": 49.371339690821166, "area_km2": 0.49371339690821164, "site_size_class": "Large", "centroid_x": 351321.02371958073, "centroid_y": 2006118.305831125, "area_rank": 8, "village": "Sakhar", "subdistric": "Poladpur", "vlcode": "555174", "population": 879.0, "multihazard_priority_100": 84.482595073556752, "recommendation_rank": 1, "recommendation_status": "Suitable Candidate", "area_ha": 49.371339690821166, "required_area_ha": 8.79, "estimated_capacity_people": 4937.133969082116, "capacity_ratio": 5.6167621946326687, "distance_km": 16.327355076209162, "site_flood": 43.629325866699219, "site_landslide": 15.431212425231934, "site_slope_deg": 2.1298568248748779, "site_road_dist_m": 1340.3326416015625, "final_feasibility_score": 71.063425504316285, "recommendation_reason": "49.4 ha available; capacity ratio 5.6x; 16.3 km from habitation; flood score 43.6; landslide score 15.4; mean slope 2.1°" }, "geometry": { "type": "MultiPolygon", "coordinates": [ [ [ [ 73.599091652144068, 18.135401994854551 ], [ 73.599093833414912, 18.135128016172182 ], [ 73.598807277608387, 18.135125930444197 ], [ 73.59880509589172, 18.135399909092932 ], [ 73.599091652144068, 18.135401994854551 ] ] ], [ [ [ 73.589891129673617, 18.139170724637435 ], [ 73.588744884890971, 18.13916232257268 ], [ 73.588747082756214, 18.13888834521828 ], [ 73.587314279883387, 18.138877833213474 ], [ 73.587309879654683, 18.139425787575224 ], [ 73.58788300247069, 18.139429993791886 ], [ 73.587880803189762, 18.13970397102851 ], [ 73.588167365102137, 18.139706073531173 ], [ 73.588165166228208, 18.139980050793657 ], [ 73.588738291061659, 18.13998425458761 ], [ 73.588736093040708, 18.140258231909822 ], [ 73.58902265596177, 18.140260333201091 ], [ 73.589020458347861, 18.140534310549146 ], [ 73.589307021753825, 18.140536411447894 ], [ 73.589304824546957, 18.140810388821766 ], [ 73.589877952367544, 18.140814589407768 ], [ 73.589875756013726, 18.141088566841329 ], [ 73.590162320428348, 18.141090666528559 ], [ 73.590164516336188, 18.140816689061147 ], [ 73.590451080343698, 18.140818788288108 ], [ 73.590444493841517, 18.141640720767747 ], [ 73.592163886730702, 18.141653307783624 ], [ 73.592161693828245, 18.141927285463684 ], [ 73.592734825994071, 18.141931477791744 ], [ 73.592732633944806, 18.142205455531343 ], [ 73.594452034049738, 18.142218022483465 ], [ 73.594449844637808, 18.142492000417636 ], [ 73.596742383850099, 18.142508732742204 ], [ 73.596746755498842, 18.141960776326304 ], [ 73.597033322182597, 18.141962865880423 ], [ 73.597028951425898, 18.1425108223637 ], [ 73.597602086693598, 18.142515000327315 ], [ 73.597608640094478, 18.141693065388246 ], [ 73.597322073779338, 18.1416909767207 ], [ 73.597324258614947, 18.141416998425264 ], [ 73.597037692784497, 18.141414909364954 ], [ 73.597035507502895, 18.14168888762671 ], [ 73.59646237506611, 18.141684708159406 ], [ 73.596468933470788, 18.140862773552165 ], [ 73.597328628170061, 18.140869041810255 ], [ 73.597330812889581, 18.140595063490686 ], [ 73.597617377420747, 18.140597152023535 ], [ 73.59761956165562, 18.140323173662242 ], [ 73.597906125779488, 18.140325261735004 ], [ 73.59791267691412, 18.13950332650187 ], [ 73.59819923973879, 18.13950541404725 ], [ 73.598203606076652, 18.138957457117616 ], [ 73.598490168048116, 18.138959544169296 ], [ 73.598494533339462, 18.138411587140187 ], [ 73.598207972259843, 18.13840950015582 ], [ 73.598212338288363, 18.137861543161833 ], [ 73.597352657956947, 18.13785527985257 ], [ 73.597354842250894, 18.137581301444524 ], [ 73.598214521244643, 18.13758756465279 ], [ 73.598218887041199, 18.137039607610554 ], [ 73.598505445891348, 18.13704169442666 ], [ 73.598511992958635, 18.136219758702033 ], [ 73.598798550509841, 18.136221844990875 ], [ 73.59880509589172, 18.135399909092932 ], [ 73.597945427366597, 18.135393649250368 ], [ 73.597943244273779, 18.135667627790099 ], [ 73.597656687730236, 18.135665540289679 ], [ 73.597654504152928, 18.135939518787698 ], [ 73.597941061142308, 18.135941606321786 ], [ 73.597938877972169, 18.136215584845438 ], [ 73.597365763140374, 18.136211409283625 ], [ 73.597363579039865, 18.136485387731881 ], [ 73.597077021236132, 18.136483299277842 ], [ 73.597079205782521, 18.136209320863259 ], [ 73.596792648463335, 18.136207232016595 ], [ 73.596794833416865, 18.135933253627652 ], [ 73.597367947202216, 18.135937430827315 ], [ 73.597372315209824, 18.135389473890566 ], [ 73.597085759189483, 18.135387385571246 ], [ 73.59709012793401, 18.134839428669697 ], [ 73.59737668306272, 18.134841516921657 ], [ 73.59737449915562, 18.135115495410133 ], [ 73.597947610420732, 18.135119670702597 ], [ 73.597954159351133, 18.134297735011021 ], [ 73.598240713704271, 18.134299821916859 ], [ 73.598242896157956, 18.134025843303256 ], [ 73.597669788381921, 18.134021669132654 ], [ 73.597674154956408, 18.133473712015977 ], [ 73.597960707933538, 18.133475799247073 ], [ 73.597967256167934, 18.132653863410752 ], [ 73.597107601364428, 18.132647600741812 ], [ 73.597105417321046, 18.132921579260941 ], [ 73.596818865351494, 18.132919490818516 ], [ 73.59681668082365, 18.133193469295918 ], [ 73.596243576109146, 18.133189291065008 ], [ 73.596241390651073, 18.133463269466979 ], [ 73.59595483790612, 18.133461179678473 ], [ 73.595948279962286, 18.134283114735009 ], [ 73.59623483404458, 18.134285204624632 ], [ 73.596232648431666, 18.134559182994437 ], [ 73.596519202998479, 18.134561272491503 ], [ 73.596517017792635, 18.134835250886962 ], [ 73.596803572843967, 18.134837339991467 ], [ 73.596799203207823, 18.135385296825643 ], [ 73.596226091360592, 18.135381118055584 ], [ 73.596223905592808, 18.135655096393211 ], [ 73.595937349281442, 18.135653006335058 ], [ 73.595935163029111, 18.135926984630935 ], [ 73.595648606310633, 18.135924894112772 ], [ 73.59564423279808, 18.136472850612975 ], [ 73.594211445328355, 18.136462391290376 ], [ 73.594209256284671, 18.136736369359742 ], [ 73.593349582930472, 18.136730088549189 ], [ 73.593347392510424, 18.13700406650922 ], [ 73.593060834357402, 18.137001972019299 ], [ 73.593058643452693, 18.137275949937504 ], [ 73.592772084892616, 18.137273854987477 ], [ 73.592767702074994, 18.137821810732191 ], [ 73.592481142661953, 18.137819715288256 ], [ 73.592478950749026, 18.138093693114755 ], [ 73.591905831147614, 18.138089500880259 ], [ 73.591903638304061, 18.138363478631113 ], [ 73.591617078115718, 18.138361381840532 ], [ 73.591614884787404, 18.138635359549525 ], [ 73.591328324191991, 18.138633262298775 ], [ 73.591326130378917, 18.138907239965906 ], [ 73.591039569376434, 18.138905142254963 ], [ 73.591037375078585, 18.139179119880218 ], [ 73.590464252298361, 18.139174923111575 ], [ 73.590462057069772, 18.139448900661112 ], [ 73.589888933553183, 18.139444702119274 ], [ 73.589891129673617, 18.139170724637435 ] ], [ [ 73.597074836651061, 18.136757277684389 ], [ 73.596788278440172, 18.136755188770344 ], [ 73.596790463471109, 18.136481210397488 ], [ 73.597077021236132, 18.136483299277842 ], [ 73.597074836651061, 18.136757277684389 ] ], [ [ 73.594495814146967, 18.136738462110625 ], [ 73.594493625510395, 18.137012440205687 ], [ 73.594207067202234, 18.137010347421057 ], [ 73.594209256284671, 18.136736369359742 ], [ 73.594495814146967, 18.136738462110625 ] ], [ [ 73.590748618886394, 18.139450999292464 ], [ 73.590746424064889, 18.139724976867797 ], [ 73.590459861802316, 18.139722878202608 ], [ 73.590462057069772, 18.139448900661112 ], [ 73.590748618886394, 18.139450999292464 ] ], [ [ 73.596173622247449, 18.141956595938719 ], [ 73.595887055679839, 18.141954505105264 ], [ 73.595889242784182, 18.141680526986345 ], [ 73.596175808905784, 18.141682617786099 ], [ 73.596173622247449, 18.141956595938719 ] ], [ [ 73.595602676701319, 18.141678435760156 ], [ 73.59560486421293, 18.141404457666916 ], [ 73.5958914298498, 18.141406548859393 ], [ 73.595889242784182, 18.141680526986345 ], [ 73.595602676701319, 18.141678435760156 ] ], [ [ 73.594747356345636, 18.141124203530801 ], [ 73.594745167534782, 18.141398181530896 ], [ 73.595031733055407, 18.14140027400267 ], [ 73.595029544651794, 18.141674252028455 ], [ 73.593883281017852, 18.141665879447782 ], [ 73.593885471205482, 18.141391901556986 ], [ 73.593598905839954, 18.141389807379486 ], [ 73.593596715206331, 18.14166378523651 ], [ 73.593310149433577, 18.141661690598813 ], [ 73.593314531554029, 18.141113734944248 ], [ 73.594747356345636, 18.141124203530801 ] ], [ [ 73.593027966712071, 18.141111639947667 ], [ 73.593025775225257, 18.141385617745193 ], [ 73.592739209976131, 18.1413835222884 ], [ 73.592741401908938, 18.141109544524657 ], [ 73.593027966712071, 18.141111639947667 ] ], [ [ 73.590742034305251, 18.140272931994321 ], [ 73.590739839367117, 18.140546909545513 ], [ 73.590453275766691, 18.14054481077881 ], [ 73.590455471150776, 18.14027083326145 ], [ 73.590742034305251, 18.140272931994321 ] ], [ [ 73.594180795188535, 18.140298083529384 ], [ 73.594178605602025, 18.140572061486122 ], [ 73.593892041535653, 18.140569967836324 ], [ 73.593894231568129, 18.140295989913344 ], [ 73.594180795188535, 18.140298083529384 ] ], [ [ 73.596475491527045, 18.140040838872522 ], [ 73.596477677468371, 18.139766860629891 ], [ 73.595904551430152, 18.139762679928708 ], [ 73.595908924980449, 18.139214723554122 ], [ 73.596768611420188, 18.139220993764088 ], [ 73.596770796799433, 18.138947015463629 ], [ 73.597057358577501, 18.138949104647168 ], [ 73.597046433523914, 18.14031899623749 ], [ 73.596759869516106, 18.140316906885502 ], [ 73.596762055050178, 18.14004292861722 ], [ 73.596475491527045, 18.140040838872522 ] ], [ [ 73.591319548706593, 18.139729172919012 ], [ 73.591317354738123, 18.140003150553955 ], [ 73.59103079195188, 18.140001052707714 ], [ 73.591032986366301, 18.139727075106599 ], [ 73.591319548706593, 18.139729172919012 ] ], [ [ 73.595620175709584, 18.139486610788975 ], [ 73.59561798846913, 18.139760588938532 ], [ 73.5950448626633, 18.139756405679002 ], [ 73.595047050795657, 18.139482427596903 ], [ 73.595620175709584, 18.139486610788975 ] ], [ [ 73.593043306033152, 18.13919379513969 ], [ 73.593047688347056, 18.138645839407864 ], [ 73.593334249175427, 18.138647934100447 ], [ 73.59333863044229, 18.13809997826888 ], [ 73.593052070505735, 18.138097883643855 ], [ 73.593054261526845, 18.13782390574978 ], [ 73.593627380546977, 18.137828094505938 ], [ 73.593623000249522, 18.138376050421137 ], [ 73.594482681746015, 18.138382330560354 ], [ 73.594480492876855, 18.138656308607153 ], [ 73.593907370948585, 18.138652122206526 ], [ 73.593905181148799, 18.138926100177773 ], [ 73.593618619796899, 18.138924006304151 ], [ 73.593614239189122, 18.139471962154985 ], [ 73.59332767698416, 18.139469867787454 ], [ 73.593329867753383, 18.139195889899831 ], [ 73.593043306033152, 18.13919379513969 ] ], [ [ 73.59276112755748, 18.13864374428892 ], [ 73.592758935974018, 18.138917722125072 ], [ 73.59247237477733, 18.138915626545973 ], [ 73.592474566806729, 18.138641648743615 ], [ 73.59276112755748, 18.13864374428892 ] ], [ [ 73.595342363591428, 18.138388606862364 ], [ 73.595340176059992, 18.138662585010373 ], [ 73.595053614960193, 18.138660493302329 ], [ 73.595055802937537, 18.138386515188049 ], [ 73.595342363591428, 18.138388606862364 ] ], [ [ 73.594487059368063, 18.137834374442619 ], [ 73.594489248120937, 18.137560396371683 ], [ 73.595062366637066, 18.137564580796944 ], [ 73.595060178775981, 18.137838558935353 ], [ 73.595346738538055, 18.137840650542209 ], [ 73.595344551084111, 18.138114628706305 ], [ 73.594771430706899, 18.138110444998794 ], [ 73.594773619052631, 18.137836466902158 ], [ 73.594487059368063, 18.137834374442619 ] ], [ [ 73.5956398591306, 18.137020807081004 ], [ 73.595637672238752, 18.137294785302956 ], [ 73.595351113329713, 18.137292694189888 ], [ 73.595353300667426, 18.137018716001659 ], [ 73.5956398591306, 18.137020807081004 ] ], [ [ 73.59650172026798, 18.136753099429992 ], [ 73.596497349198273, 18.137301056084173 ], [ 73.596210790173032, 18.1372989662501 ], [ 73.596215162134499, 18.13675100966331 ], [ 73.59650172026798, 18.136753099429992 ] ], [ [ 73.596508276582227, 18.135931164388378 ], [ 73.59650609118286, 18.136205142743623 ], [ 73.596219533941081, 18.136203053044351 ], [ 73.596221719786314, 18.135929074722803 ], [ 73.596508276582227, 18.135931164388378 ] ], [ [ 73.597096680760586, 18.134017493257051 ], [ 73.597383234551913, 18.13401958140798 ], [ 73.597381050760873, 18.134293559920579 ], [ 73.596807942325341, 18.134289383125118 ], [ 73.596812311651902, 18.133741426226603 ], [ 73.597098864958738, 18.133743514770085 ], [ 73.597096680760586, 18.134017493257051 ] ], [ [ 73.596525758383734, 18.133739337256877 ], [ 73.596527943434751, 18.133465358829248 ], [ 73.596814496257124, 18.133467447765284 ], [ 73.596812311651902, 18.133741426226603 ], [ 73.596525758383734, 18.133739337256877 ] ] ], [ [ [ 73.59817303846377, 18.142793154949334 ], [ 73.59817085477286, 18.143067133305557 ], [ 73.598457423434155, 18.143069220862049 ], [ 73.598461789885263, 18.142521264074261 ], [ 73.597602086693598, 18.142515000327315 ], [ 73.59759990214927, 18.142788978624242 ], [ 73.59817303846377, 18.142793154949334 ] ] ] ] } },
{ "type": "Feature", "properties": { "patch_id": 4165, "area_m2": 493713.39690821164, "area_ha_site": 49.371339690821166, "area_km2": 0.49371339690821164, "site_size_class": "Large", "centroid_x": 351321.02371958073, "centroid_y": 2006118.305831125, "area_rank": 8, "village": "Wakan", "subdistric": "Poladpur", "vlcode": "555194", "population": 1661.0, "multihazard_priority_100": 84.439590322115393, "recommendation_rank": 1, "recommendation_status": "Suitable Candidate", "area_ha": 49.371339690821166, "required_area_ha": 16.61, "estimated_capacity_people": 4937.133969082116, "capacity_ratio": 2.9723864955340851, "distance_km": 20.933744723017799, "site_flood": 43.629325866699219, "site_landslide": 15.431212425231934, "site_slope_deg": 2.1298568248748779, "site_road_dist_m": 1340.3326416015625, "final_feasibility_score": 66.917674822188516, "recommendation_reason": "49.4 ha available; capacity ratio 3.0x; 20.9 km from habitation; flood score 43.6; landslide score 15.4; mean slope 2.1°" }, "geometry": { "type": "MultiPolygon", "coordinates": [ [ [ [ 73.599091652144068, 18.135401994854551 ], [ 73.599093833414912, 18.135128016172182 ], [ 73.598807277608387, 18.135125930444197 ], [ 73.59880509589172, 18.135399909092932 ], [ 73.599091652144068, 18.135401994854551 ] ] ], [ [ [ 73.589891129673617, 18.139170724637435 ], [ 73.588744884890971, 18.13916232257268 ], [ 73.588747082756214, 18.13888834521828 ], [ 73.587314279883387, 18.138877833213474 ], [ 73.587309879654683, 18.139425787575224 ], [ 73.58788300247069, 18.139429993791886 ], [ 73.587880803189762, 18.13970397102851 ], [ 73.588167365102137, 18.139706073531173 ], [ 73.588165166228208, 18.139980050793657 ], [ 73.588738291061659, 18.13998425458761 ], [ 73.588736093040708, 18.140258231909822 ], [ 73.58902265596177, 18.140260333201091 ], [ 73.589020458347861, 18.140534310549146 ], [ 73.589307021753825, 18.140536411447894 ], [ 73.589304824546957, 18.140810388821766 ], [ 73.589877952367544, 18.140814589407768 ], [ 73.589875756013726, 18.141088566841329 ], [ 73.590162320428348, 18.141090666528559 ], [ 73.590164516336188, 18.140816689061147 ], [ 73.590451080343698, 18.140818788288108 ], [ 73.590444493841517, 18.141640720767747 ], [ 73.592163886730702, 18.141653307783624 ], [ 73.592161693828245, 18.141927285463684 ], [ 73.592734825994071, 18.141931477791744 ], [ 73.592732633944806, 18.142205455531343 ], [ 73.594452034049738, 18.142218022483465 ], [ 73.594449844637808, 18.142492000417636 ], [ 73.596742383850099, 18.142508732742204 ], [ 73.596746755498842, 18.141960776326304 ], [ 73.597033322182597, 18.141962865880423 ], [ 73.597028951425898, 18.1425108223637 ], [ 73.597602086693598, 18.142515000327315 ], [ 73.597608640094478, 18.141693065388246 ], [ 73.597322073779338, 18.1416909767207 ], [ 73.597324258614947, 18.141416998425264 ], [ 73.597037692784497, 18.141414909364954 ], [ 73.597035507502895, 18.14168888762671 ], [ 73.59646237506611, 18.141684708159406 ], [ 73.596468933470788, 18.140862773552165 ], [ 73.597328628170061, 18.140869041810255 ], [ 73.597330812889581, 18.140595063490686 ], [ 73.597617377420747, 18.140597152023535 ], [ 73.59761956165562, 18.140323173662242 ], [ 73.597906125779488, 18.140325261735004 ], [ 73.59791267691412, 18.13950332650187 ], [ 73.59819923973879, 18.13950541404725 ], [ 73.598203606076652, 18.138957457117616 ], [ 73.598490168048116, 18.138959544169296 ], [ 73.598494533339462, 18.138411587140187 ], [ 73.598207972259843, 18.13840950015582 ], [ 73.598212338288363, 18.137861543161833 ], [ 73.597352657956947, 18.13785527985257 ], [ 73.597354842250894, 18.137581301444524 ], [ 73.598214521244643, 18.13758756465279 ], [ 73.598218887041199, 18.137039607610554 ], [ 73.598505445891348, 18.13704169442666 ], [ 73.598511992958635, 18.136219758702033 ], [ 73.598798550509841, 18.136221844990875 ], [ 73.59880509589172, 18.135399909092932 ], [ 73.597945427366597, 18.135393649250368 ], [ 73.597943244273779, 18.135667627790099 ], [ 73.597656687730236, 18.135665540289679 ], [ 73.597654504152928, 18.135939518787698 ], [ 73.597941061142308, 18.135941606321786 ], [ 73.597938877972169, 18.136215584845438 ], [ 73.597365763140374, 18.136211409283625 ], [ 73.597363579039865, 18.136485387731881 ], [ 73.597077021236132, 18.136483299277842 ], [ 73.597079205782521, 18.136209320863259 ], [ 73.596792648463335, 18.136207232016595 ], [ 73.596794833416865, 18.135933253627652 ], [ 73.597367947202216, 18.135937430827315 ], [ 73.597372315209824, 18.135389473890566 ], [ 73.597085759189483, 18.135387385571246 ], [ 73.59709012793401, 18.134839428669697 ], [ 73.59737668306272, 18.134841516921657 ], [ 73.59737449915562, 18.135115495410133 ], [ 73.597947610420732, 18.135119670702597 ], [ 73.597954159351133, 18.134297735011021 ], [ 73.598240713704271, 18.134299821916859 ], [ 73.598242896157956, 18.134025843303256 ], [ 73.597669788381921, 18.134021669132654 ], [ 73.597674154956408, 18.133473712015977 ], [ 73.597960707933538, 18.133475799247073 ], [ 73.597967256167934, 18.132653863410752 ], [ 73.597107601364428, 18.132647600741812 ], [ 73.597105417321046, 18.132921579260941 ], [ 73.596818865351494, 18.132919490818516 ], [ 73.59681668082365, 18.133193469295918 ], [ 73.596243576109146, 18.133189291065008 ], [ 73.596241390651073, 18.133463269466979 ], [ 73.59595483790612, 18.133461179678473 ], [ 73.595948279962286, 18.134283114735009 ], [ 73.59623483404458, 18.134285204624632 ], [ 73.596232648431666, 18.134559182994437 ], [ 73.596519202998479, 18.134561272491503 ], [ 73.596517017792635, 18.134835250886962 ], [ 73.596803572843967, 18.134837339991467 ], [ 73.596799203207823, 18.135385296825643 ], [ 73.596226091360592, 18.135381118055584 ], [ 73.596223905592808, 18.135655096393211 ], [ 73.595937349281442, 18.135653006335058 ], [ 73.595935163029111, 18.135926984630935 ], [ 73.595648606310633, 18.135924894112772 ], [ 73.59564423279808, 18.136472850612975 ], [ 73.594211445328355, 18.136462391290376 ], [ 73.594209256284671, 18.136736369359742 ], [ 73.593349582930472, 18.136730088549189 ], [ 73.593347392510424, 18.13700406650922 ], [ 73.593060834357402, 18.137001972019299 ], [ 73.593058643452693, 18.137275949937504 ], [ 73.592772084892616, 18.137273854987477 ], [ 73.592767702074994, 18.137821810732191 ], [ 73.592481142661953, 18.137819715288256 ], [ 73.592478950749026, 18.138093693114755 ], [ 73.591905831147614, 18.138089500880259 ], [ 73.591903638304061, 18.138363478631113 ], [ 73.591617078115718, 18.138361381840532 ], [ 73.591614884787404, 18.138635359549525 ], [ 73.591328324191991, 18.138633262298775 ], [ 73.591326130378917, 18.138907239965906 ], [ 73.591039569376434, 18.138905142254963 ], [ 73.591037375078585, 18.139179119880218 ], [ 73.590464252298361, 18.139174923111575 ], [ 73.590462057069772, 18.139448900661112 ], [ 73.589888933553183, 18.139444702119274 ], [ 73.589891129673617, 18.139170724637435 ] ], [ [ 73.597074836651061, 18.136757277684389 ], [ 73.596788278440172, 18.136755188770344 ], [ 73.596790463471109, 18.136481210397488 ], [ 73.597077021236132, 18.136483299277842 ], [ 73.597074836651061, 18.136757277684389 ] ], [ [ 73.594495814146967, 18.136738462110625 ], [ 73.594493625510395, 18.137012440205687 ], [ 73.594207067202234, 18.137010347421057 ], [ 73.594209256284671, 18.136736369359742 ], [ 73.594495814146967, 18.136738462110625 ] ], [ [ 73.590748618886394, 18.139450999292464 ], [ 73.590746424064889, 18.139724976867797 ], [ 73.590459861802316, 18.139722878202608 ], [ 73.590462057069772, 18.139448900661112 ], [ 73.590748618886394, 18.139450999292464 ] ], [ [ 73.596173622247449, 18.141956595938719 ], [ 73.595887055679839, 18.141954505105264 ], [ 73.595889242784182, 18.141680526986345 ], [ 73.596175808905784, 18.141682617786099 ], [ 73.596173622247449, 18.141956595938719 ] ], [ [ 73.595602676701319, 18.141678435760156 ], [ 73.59560486421293, 18.141404457666916 ], [ 73.5958914298498, 18.141406548859393 ], [ 73.595889242784182, 18.141680526986345 ], [ 73.595602676701319, 18.141678435760156 ] ], [ [ 73.594747356345636, 18.141124203530801 ], [ 73.594745167534782, 18.141398181530896 ], [ 73.595031733055407, 18.14140027400267 ], [ 73.595029544651794, 18.141674252028455 ], [ 73.593883281017852, 18.141665879447782 ], [ 73.593885471205482, 18.141391901556986 ], [ 73.593598905839954, 18.141389807379486 ], [ 73.593596715206331, 18.14166378523651 ], [ 73.593310149433577, 18.141661690598813 ], [ 73.593314531554029, 18.141113734944248 ], [ 73.594747356345636, 18.141124203530801 ] ], [ [ 73.593027966712071, 18.141111639947667 ], [ 73.593025775225257, 18.141385617745193 ], [ 73.592739209976131, 18.1413835222884 ], [ 73.592741401908938, 18.141109544524657 ], [ 73.593027966712071, 18.141111639947667 ] ], [ [ 73.590742034305251, 18.140272931994321 ], [ 73.590739839367117, 18.140546909545513 ], [ 73.590453275766691, 18.14054481077881 ], [ 73.590455471150776, 18.14027083326145 ], [ 73.590742034305251, 18.140272931994321 ] ], [ [ 73.594180795188535, 18.140298083529384 ], [ 73.594178605602025, 18.140572061486122 ], [ 73.593892041535653, 18.140569967836324 ], [ 73.593894231568129, 18.140295989913344 ], [ 73.594180795188535, 18.140298083529384 ] ], [ [ 73.596475491527045, 18.140040838872522 ], [ 73.596477677468371, 18.139766860629891 ], [ 73.595904551430152, 18.139762679928708 ], [ 73.595908924980449, 18.139214723554122 ], [ 73.596768611420188, 18.139220993764088 ], [ 73.596770796799433, 18.138947015463629 ], [ 73.597057358577501, 18.138949104647168 ], [ 73.597046433523914, 18.14031899623749 ], [ 73.596759869516106, 18.140316906885502 ], [ 73.596762055050178, 18.14004292861722 ], [ 73.596475491527045, 18.140040838872522 ] ], [ [ 73.591319548706593, 18.139729172919012 ], [ 73.591317354738123, 18.140003150553955 ], [ 73.59103079195188, 18.140001052707714 ], [ 73.591032986366301, 18.139727075106599 ], [ 73.591319548706593, 18.139729172919012 ] ], [ [ 73.595620175709584, 18.139486610788975 ], [ 73.59561798846913, 18.139760588938532 ], [ 73.5950448626633, 18.139756405679002 ], [ 73.595047050795657, 18.139482427596903 ], [ 73.595620175709584, 18.139486610788975 ] ], [ [ 73.593043306033152, 18.13919379513969 ], [ 73.593047688347056, 18.138645839407864 ], [ 73.593334249175427, 18.138647934100447 ], [ 73.59333863044229, 18.13809997826888 ], [ 73.593052070505735, 18.138097883643855 ], [ 73.593054261526845, 18.13782390574978 ], [ 73.593627380546977, 18.137828094505938 ], [ 73.593623000249522, 18.138376050421137 ], [ 73.594482681746015, 18.138382330560354 ], [ 73.594480492876855, 18.138656308607153 ], [ 73.593907370948585, 18.138652122206526 ], [ 73.593905181148799, 18.138926100177773 ], [ 73.593618619796899, 18.138924006304151 ], [ 73.593614239189122, 18.139471962154985 ], [ 73.59332767698416, 18.139469867787454 ], [ 73.593329867753383, 18.139195889899831 ], [ 73.593043306033152, 18.13919379513969 ] ], [ [ 73.59276112755748, 18.13864374428892 ], [ 73.592758935974018, 18.138917722125072 ], [ 73.59247237477733, 18.138915626545973 ], [ 73.592474566806729, 18.138641648743615 ], [ 73.59276112755748, 18.13864374428892 ] ], [ [ 73.595342363591428, 18.138388606862364 ], [ 73.595340176059992, 18.138662585010373 ], [ 73.595053614960193, 18.138660493302329 ], [ 73.595055802937537, 18.138386515188049 ], [ 73.595342363591428, 18.138388606862364 ] ], [ [ 73.594487059368063, 18.137834374442619 ], [ 73.594489248120937, 18.137560396371683 ], [ 73.595062366637066, 18.137564580796944 ], [ 73.595060178775981, 18.137838558935353 ], [ 73.595346738538055, 18.137840650542209 ], [ 73.595344551084111, 18.138114628706305 ], [ 73.594771430706899, 18.138110444998794 ], [ 73.594773619052631, 18.137836466902158 ], [ 73.594487059368063, 18.137834374442619 ] ], [ [ 73.5956398591306, 18.137020807081004 ], [ 73.595637672238752, 18.137294785302956 ], [ 73.595351113329713, 18.137292694189888 ], [ 73.595353300667426, 18.137018716001659 ], [ 73.5956398591306, 18.137020807081004 ] ], [ [ 73.59650172026798, 18.136753099429992 ], [ 73.596497349198273, 18.137301056084173 ], [ 73.596210790173032, 18.1372989662501 ], [ 73.596215162134499, 18.13675100966331 ], [ 73.59650172026798, 18.136753099429992 ] ], [ [ 73.596508276582227, 18.135931164388378 ], [ 73.59650609118286, 18.136205142743623 ], [ 73.596219533941081, 18.136203053044351 ], [ 73.596221719786314, 18.135929074722803 ], [ 73.596508276582227, 18.135931164388378 ] ], [ [ 73.597096680760586, 18.134017493257051 ], [ 73.597383234551913, 18.13401958140798 ], [ 73.597381050760873, 18.134293559920579 ], [ 73.596807942325341, 18.134289383125118 ], [ 73.596812311651902, 18.133741426226603 ], [ 73.597098864958738, 18.133743514770085 ], [ 73.597096680760586, 18.134017493257051 ] ], [ [ 73.596525758383734, 18.133739337256877 ], [ 73.596527943434751, 18.133465358829248 ], [ 73.596814496257124, 18.133467447765284 ], [ 73.596812311651902, 18.133741426226603 ], [ 73.596525758383734, 18.133739337256877 ] ] ], [ [ [ 73.59817303846377, 18.142793154949334 ], [ 73.59817085477286, 18.143067133305557 ], [ 73.598457423434155, 18.143069220862049 ], [ 73.598461789885263, 18.142521264074261 ], [ 73.597602086693598, 18.142515000327315 ], [ 73.59759990214927, 18.142788978624242 ], [ 73.59817303846377, 18.142793154949334 ] ] ] ] } },
{ "type": "Feature", "properties": { "patch_id": 4165, "area_m2": 493713.39690821164, "area_ha_site": 49.371339690821166, "area_km2": 0.49371339690821164, "site_size_class": "Large", "centroid_x": 351321.02371958073, "centroid_y": 2006118.305831125, "area_rank": 8, "village": "Wazarwadi", "subdistric": "Poladpur", "vlcode": "555168", "population": 799.0, "multihazard_priority_100": 79.194623150849935, "recommendation_rank": 1, "recommendation_status": "Suitable Candidate", "area_ha": 49.371339690821166, "required_area_ha": 7.99, "estimated_capacity_people": 4937.133969082116, "capacity_ratio": 6.1791413880877544, "distance_km": 18.055538591469329, "site_flood": 43.629325866699219, "site_landslide": 15.431212425231934, "site_slope_deg": 2.1298568248748779, "site_road_dist_m": 1340.3326416015625, "final_feasibility_score": 69.508060340582119, "recommendation_reason": "49.4 ha available; capacity ratio 6.2x; 18.1 km from habitation; flood score 43.6; landslide score 15.4; mean slope 2.1°" }, "geometry": { "type": "MultiPolygon", "coordinates": [ [ [ [ 73.599091652144068, 18.135401994854551 ], [ 73.599093833414912, 18.135128016172182 ], [ 73.598807277608387, 18.135125930444197 ], [ 73.59880509589172, 18.135399909092932 ], [ 73.599091652144068, 18.135401994854551 ] ] ], [ [ [ 73.589891129673617, 18.139170724637435 ], [ 73.588744884890971, 18.13916232257268 ], [ 73.588747082756214, 18.13888834521828 ], [ 73.587314279883387, 18.138877833213474 ], [ 73.587309879654683, 18.139425787575224 ], [ 73.58788300247069, 18.139429993791886 ], [ 73.587880803189762, 18.13970397102851 ], [ 73.588167365102137, 18.139706073531173 ], [ 73.588165166228208, 18.139980050793657 ], [ 73.588738291061659, 18.13998425458761 ], [ 73.588736093040708, 18.140258231909822 ], [ 73.58902265596177, 18.140260333201091 ], [ 73.589020458347861, 18.140534310549146 ], [ 73.589307021753825, 18.140536411447894 ], [ 73.589304824546957, 18.140810388821766 ], [ 73.589877952367544, 18.140814589407768 ], [ 73.589875756013726, 18.141088566841329 ], [ 73.590162320428348, 18.141090666528559 ], [ 73.590164516336188, 18.140816689061147 ], [ 73.590451080343698, 18.140818788288108 ], [ 73.590444493841517, 18.141640720767747 ], [ 73.592163886730702, 18.141653307783624 ], [ 73.592161693828245, 18.141927285463684 ], [ 73.592734825994071, 18.141931477791744 ], [ 73.592732633944806, 18.142205455531343 ], [ 73.594452034049738, 18.142218022483465 ], [ 73.594449844637808, 18.142492000417636 ], [ 73.596742383850099, 18.142508732742204 ], [ 73.596746755498842, 18.141960776326304 ], [ 73.597033322182597, 18.141962865880423 ], [ 73.597028951425898, 18.1425108223637 ], [ 73.597602086693598, 18.142515000327315 ], [ 73.597608640094478, 18.141693065388246 ], [ 73.597322073779338, 18.1416909767207 ], [ 73.597324258614947, 18.141416998425264 ], [ 73.597037692784497, 18.141414909364954 ], [ 73.597035507502895, 18.14168888762671 ], [ 73.59646237506611, 18.141684708159406 ], [ 73.596468933470788, 18.140862773552165 ], [ 73.597328628170061, 18.140869041810255 ], [ 73.597330812889581, 18.140595063490686 ], [ 73.597617377420747, 18.140597152023535 ], [ 73.59761956165562, 18.140323173662242 ], [ 73.597906125779488, 18.140325261735004 ], [ 73.59791267691412, 18.13950332650187 ], [ 73.59819923973879, 18.13950541404725 ], [ 73.598203606076652, 18.138957457117616 ], [ 73.598490168048116, 18.138959544169296 ], [ 73.598494533339462, 18.138411587140187 ], [ 73.598207972259843, 18.13840950015582 ], [ 73.598212338288363, 18.137861543161833 ], [ 73.597352657956947, 18.13785527985257 ], [ 73.597354842250894, 18.137581301444524 ], [ 73.598214521244643, 18.13758756465279 ], [ 73.598218887041199, 18.137039607610554 ], [ 73.598505445891348, 18.13704169442666 ], [ 73.598511992958635, 18.136219758702033 ], [ 73.598798550509841, 18.136221844990875 ], [ 73.59880509589172, 18.135399909092932 ], [ 73.597945427366597, 18.135393649250368 ], [ 73.597943244273779, 18.135667627790099 ], [ 73.597656687730236, 18.135665540289679 ], [ 73.597654504152928, 18.135939518787698 ], [ 73.597941061142308, 18.135941606321786 ], [ 73.597938877972169, 18.136215584845438 ], [ 73.597365763140374, 18.136211409283625 ], [ 73.597363579039865, 18.136485387731881 ], [ 73.597077021236132, 18.136483299277842 ], [ 73.597079205782521, 18.136209320863259 ], [ 73.596792648463335, 18.136207232016595 ], [ 73.596794833416865, 18.135933253627652 ], [ 73.597367947202216, 18.135937430827315 ], [ 73.597372315209824, 18.135389473890566 ], [ 73.597085759189483, 18.135387385571246 ], [ 73.59709012793401, 18.134839428669697 ], [ 73.59737668306272, 18.134841516921657 ], [ 73.59737449915562, 18.135115495410133 ], [ 73.597947610420732, 18.135119670702597 ], [ 73.597954159351133, 18.134297735011021 ], [ 73.598240713704271, 18.134299821916859 ], [ 73.598242896157956, 18.134025843303256 ], [ 73.597669788381921, 18.134021669132654 ], [ 73.597674154956408, 18.133473712015977 ], [ 73.597960707933538, 18.133475799247073 ], [ 73.597967256167934, 18.132653863410752 ], [ 73.597107601364428, 18.132647600741812 ], [ 73.597105417321046, 18.132921579260941 ], [ 73.596818865351494, 18.132919490818516 ], [ 73.59681668082365, 18.133193469295918 ], [ 73.596243576109146, 18.133189291065008 ], [ 73.596241390651073, 18.133463269466979 ], [ 73.59595483790612, 18.133461179678473 ], [ 73.595948279962286, 18.134283114735009 ], [ 73.59623483404458, 18.134285204624632 ], [ 73.596232648431666, 18.134559182994437 ], [ 73.596519202998479, 18.134561272491503 ], [ 73.596517017792635, 18.134835250886962 ], [ 73.596803572843967, 18.134837339991467 ], [ 73.596799203207823, 18.135385296825643 ], [ 73.596226091360592, 18.135381118055584 ], [ 73.596223905592808, 18.135655096393211 ], [ 73.595937349281442, 18.135653006335058 ], [ 73.595935163029111, 18.135926984630935 ], [ 73.595648606310633, 18.135924894112772 ], [ 73.59564423279808, 18.136472850612975 ], [ 73.594211445328355, 18.136462391290376 ], [ 73.594209256284671, 18.136736369359742 ], [ 73.593349582930472, 18.136730088549189 ], [ 73.593347392510424, 18.13700406650922 ], [ 73.593060834357402, 18.137001972019299 ], [ 73.593058643452693, 18.137275949937504 ], [ 73.592772084892616, 18.137273854987477 ], [ 73.592767702074994, 18.137821810732191 ], [ 73.592481142661953, 18.137819715288256 ], [ 73.592478950749026, 18.138093693114755 ], [ 73.591905831147614, 18.138089500880259 ], [ 73.591903638304061, 18.138363478631113 ], [ 73.591617078115718, 18.138361381840532 ], [ 73.591614884787404, 18.138635359549525 ], [ 73.591328324191991, 18.138633262298775 ], [ 73.591326130378917, 18.138907239965906 ], [ 73.591039569376434, 18.138905142254963 ], [ 73.591037375078585, 18.139179119880218 ], [ 73.590464252298361, 18.139174923111575 ], [ 73.590462057069772, 18.139448900661112 ], [ 73.589888933553183, 18.139444702119274 ], [ 73.589891129673617, 18.139170724637435 ] ], [ [ 73.597074836651061, 18.136757277684389 ], [ 73.596788278440172, 18.136755188770344 ], [ 73.596790463471109, 18.136481210397488 ], [ 73.597077021236132, 18.136483299277842 ], [ 73.597074836651061, 18.136757277684389 ] ], [ [ 73.594495814146967, 18.136738462110625 ], [ 73.594493625510395, 18.137012440205687 ], [ 73.594207067202234, 18.137010347421057 ], [ 73.594209256284671, 18.136736369359742 ], [ 73.594495814146967, 18.136738462110625 ] ], [ [ 73.590748618886394, 18.139450999292464 ], [ 73.590746424064889, 18.139724976867797 ], [ 73.590459861802316, 18.139722878202608 ], [ 73.590462057069772, 18.139448900661112 ], [ 73.590748618886394, 18.139450999292464 ] ], [ [ 73.596173622247449, 18.141956595938719 ], [ 73.595887055679839, 18.141954505105264 ], [ 73.595889242784182, 18.141680526986345 ], [ 73.596175808905784, 18.141682617786099 ], [ 73.596173622247449, 18.141956595938719 ] ], [ [ 73.595602676701319, 18.141678435760156 ], [ 73.59560486421293, 18.141404457666916 ], [ 73.5958914298498, 18.141406548859393 ], [ 73.595889242784182, 18.141680526986345 ], [ 73.595602676701319, 18.141678435760156 ] ], [ [ 73.594747356345636, 18.141124203530801 ], [ 73.594745167534782, 18.141398181530896 ], [ 73.595031733055407, 18.14140027400267 ], [ 73.595029544651794, 18.141674252028455 ], [ 73.593883281017852, 18.141665879447782 ], [ 73.593885471205482, 18.141391901556986 ], [ 73.593598905839954, 18.141389807379486 ], [ 73.593596715206331, 18.14166378523651 ], [ 73.593310149433577, 18.141661690598813 ], [ 73.593314531554029, 18.141113734944248 ], [ 73.594747356345636, 18.141124203530801 ] ], [ [ 73.593027966712071, 18.141111639947667 ], [ 73.593025775225257, 18.141385617745193 ], [ 73.592739209976131, 18.1413835222884 ], [ 73.592741401908938, 18.141109544524657 ], [ 73.593027966712071, 18.141111639947667 ] ], [ [ 73.590742034305251, 18.140272931994321 ], [ 73.590739839367117, 18.140546909545513 ], [ 73.590453275766691, 18.14054481077881 ], [ 73.590455471150776, 18.14027083326145 ], [ 73.590742034305251, 18.140272931994321 ] ], [ [ 73.594180795188535, 18.140298083529384 ], [ 73.594178605602025, 18.140572061486122 ], [ 73.593892041535653, 18.140569967836324 ], [ 73.593894231568129, 18.140295989913344 ], [ 73.594180795188535, 18.140298083529384 ] ], [ [ 73.596475491527045, 18.140040838872522 ], [ 73.596477677468371, 18.139766860629891 ], [ 73.595904551430152, 18.139762679928708 ], [ 73.595908924980449, 18.139214723554122 ], [ 73.596768611420188, 18.139220993764088 ], [ 73.596770796799433, 18.138947015463629 ], [ 73.597057358577501, 18.138949104647168 ], [ 73.597046433523914, 18.14031899623749 ], [ 73.596759869516106, 18.140316906885502 ], [ 73.596762055050178, 18.14004292861722 ], [ 73.596475491527045, 18.140040838872522 ] ], [ [ 73.591319548706593, 18.139729172919012 ], [ 73.591317354738123, 18.140003150553955 ], [ 73.59103079195188, 18.140001052707714 ], [ 73.591032986366301, 18.139727075106599 ], [ 73.591319548706593, 18.139729172919012 ] ], [ [ 73.595620175709584, 18.139486610788975 ], [ 73.59561798846913, 18.139760588938532 ], [ 73.5950448626633, 18.139756405679002 ], [ 73.595047050795657, 18.139482427596903 ], [ 73.595620175709584, 18.139486610788975 ] ], [ [ 73.593043306033152, 18.13919379513969 ], [ 73.593047688347056, 18.138645839407864 ], [ 73.593334249175427, 18.138647934100447 ], [ 73.59333863044229, 18.13809997826888 ], [ 73.593052070505735, 18.138097883643855 ], [ 73.593054261526845, 18.13782390574978 ], [ 73.593627380546977, 18.137828094505938 ], [ 73.593623000249522, 18.138376050421137 ], [ 73.594482681746015, 18.138382330560354 ], [ 73.594480492876855, 18.138656308607153 ], [ 73.593907370948585, 18.138652122206526 ], [ 73.593905181148799, 18.138926100177773 ], [ 73.593618619796899, 18.138924006304151 ], [ 73.593614239189122, 18.139471962154985 ], [ 73.59332767698416, 18.139469867787454 ], [ 73.593329867753383, 18.139195889899831 ], [ 73.593043306033152, 18.13919379513969 ] ], [ [ 73.59276112755748, 18.13864374428892 ], [ 73.592758935974018, 18.138917722125072 ], [ 73.59247237477733, 18.138915626545973 ], [ 73.592474566806729, 18.138641648743615 ], [ 73.59276112755748, 18.13864374428892 ] ], [ [ 73.595342363591428, 18.138388606862364 ], [ 73.595340176059992, 18.138662585010373 ], [ 73.595053614960193, 18.138660493302329 ], [ 73.595055802937537, 18.138386515188049 ], [ 73.595342363591428, 18.138388606862364 ] ], [ [ 73.594487059368063, 18.137834374442619 ], [ 73.594489248120937, 18.137560396371683 ], [ 73.595062366637066, 18.137564580796944 ], [ 73.595060178775981, 18.137838558935353 ], [ 73.595346738538055, 18.137840650542209 ], [ 73.595344551084111, 18.138114628706305 ], [ 73.594771430706899, 18.138110444998794 ], [ 73.594773619052631, 18.137836466902158 ], [ 73.594487059368063, 18.137834374442619 ] ], [ [ 73.5956398591306, 18.137020807081004 ], [ 73.595637672238752, 18.137294785302956 ], [ 73.595351113329713, 18.137292694189888 ], [ 73.595353300667426, 18.137018716001659 ], [ 73.5956398591306, 18.137020807081004 ] ], [ [ 73.59650172026798, 18.136753099429992 ], [ 73.596497349198273, 18.137301056084173 ], [ 73.596210790173032, 18.1372989662501 ], [ 73.596215162134499, 18.13675100966331 ], [ 73.59650172026798, 18.136753099429992 ] ], [ [ 73.596508276582227, 18.135931164388378 ], [ 73.59650609118286, 18.136205142743623 ], [ 73.596219533941081, 18.136203053044351 ], [ 73.596221719786314, 18.135929074722803 ], [ 73.596508276582227, 18.135931164388378 ] ], [ [ 73.597096680760586, 18.134017493257051 ], [ 73.597383234551913, 18.13401958140798 ], [ 73.597381050760873, 18.134293559920579 ], [ 73.596807942325341, 18.134289383125118 ], [ 73.596812311651902, 18.133741426226603 ], [ 73.597098864958738, 18.133743514770085 ], [ 73.597096680760586, 18.134017493257051 ] ], [ [ 73.596525758383734, 18.133739337256877 ], [ 73.596527943434751, 18.133465358829248 ], [ 73.596814496257124, 18.133467447765284 ], [ 73.596812311651902, 18.133741426226603 ], [ 73.596525758383734, 18.133739337256877 ] ] ], [ [ [ 73.59817303846377, 18.142793154949334 ], [ 73.59817085477286, 18.143067133305557 ], [ 73.598457423434155, 18.143069220862049 ], [ 73.598461789885263, 18.142521264074261 ], [ 73.597602086693598, 18.142515000327315 ], [ 73.59759990214927, 18.142788978624242 ], [ 73.59817303846377, 18.142793154949334 ] ] ] ] } },
{ "type": "Feature", "properties": { "patch_id": 4165, "area_m2": 493713.39690821164, "area_ha_site": 49.371339690821166, "area_km2": 0.49371339690821164, "site_size_class": "Large", "centroid_x": 351321.02371958073, "centroid_y": 2006118.305831125, "area_rank": 8, "village": "Deole", "subdistric": "Poladpur", "vlcode": "555186", "population": 600.0, "multihazard_priority_100": 78.896044420553196, "recommendation_rank": 1, "recommendation_status": "Suitable Candidate", "area_ha": 49.371339690821166, "required_area_ha": 6.0, "estimated_capacity_people": 4937.133969082116, "capacity_ratio": 8.2285566151368599, "distance_km": 18.69404176075092, "site_flood": 43.629325866699219, "site_landslide": 15.431212425231934, "site_slope_deg": 2.1298568248748779, "site_road_dist_m": 1340.3326416015625, "final_feasibility_score": 68.933407488228696, "recommendation_reason": "49.4 ha available; capacity ratio 8.2x; 18.7 km from habitation; flood score 43.6; landslide score 15.4; mean slope 2.1°" }, "geometry": { "type": "MultiPolygon", "coordinates": [ [ [ [ 73.599091652144068, 18.135401994854551 ], [ 73.599093833414912, 18.135128016172182 ], [ 73.598807277608387, 18.135125930444197 ], [ 73.59880509589172, 18.135399909092932 ], [ 73.599091652144068, 18.135401994854551 ] ] ], [ [ [ 73.589891129673617, 18.139170724637435 ], [ 73.588744884890971, 18.13916232257268 ], [ 73.588747082756214, 18.13888834521828 ], [ 73.587314279883387, 18.138877833213474 ], [ 73.587309879654683, 18.139425787575224 ], [ 73.58788300247069, 18.139429993791886 ], [ 73.587880803189762, 18.13970397102851 ], [ 73.588167365102137, 18.139706073531173 ], [ 73.588165166228208, 18.139980050793657 ], [ 73.588738291061659, 18.13998425458761 ], [ 73.588736093040708, 18.140258231909822 ], [ 73.58902265596177, 18.140260333201091 ], [ 73.589020458347861, 18.140534310549146 ], [ 73.589307021753825, 18.140536411447894 ], [ 73.589304824546957, 18.140810388821766 ], [ 73.589877952367544, 18.140814589407768 ], [ 73.589875756013726, 18.141088566841329 ], [ 73.590162320428348, 18.141090666528559 ], [ 73.590164516336188, 18.140816689061147 ], [ 73.590451080343698, 18.140818788288108 ], [ 73.590444493841517, 18.141640720767747 ], [ 73.592163886730702, 18.141653307783624 ], [ 73.592161693828245, 18.141927285463684 ], [ 73.592734825994071, 18.141931477791744 ], [ 73.592732633944806, 18.142205455531343 ], [ 73.594452034049738, 18.142218022483465 ], [ 73.594449844637808, 18.142492000417636 ], [ 73.596742383850099, 18.142508732742204 ], [ 73.596746755498842, 18.141960776326304 ], [ 73.597033322182597, 18.141962865880423 ], [ 73.597028951425898, 18.1425108223637 ], [ 73.597602086693598, 18.142515000327315 ], [ 73.597608640094478, 18.141693065388246 ], [ 73.597322073779338, 18.1416909767207 ], [ 73.597324258614947, 18.141416998425264 ], [ 73.597037692784497, 18.141414909364954 ], [ 73.597035507502895, 18.14168888762671 ], [ 73.59646237506611, 18.141684708159406 ], [ 73.596468933470788, 18.140862773552165 ], [ 73.597328628170061, 18.140869041810255 ], [ 73.597330812889581, 18.140595063490686 ], [ 73.597617377420747, 18.140597152023535 ], [ 73.59761956165562, 18.140323173662242 ], [ 73.597906125779488, 18.140325261735004 ], [ 73.59791267691412, 18.13950332650187 ], [ 73.59819923973879, 18.13950541404725 ], [ 73.598203606076652, 18.138957457117616 ], [ 73.598490168048116, 18.138959544169296 ], [ 73.598494533339462, 18.138411587140187 ], [ 73.598207972259843, 18.13840950015582 ], [ 73.598212338288363, 18.137861543161833 ], [ 73.597352657956947, 18.13785527985257 ], [ 73.597354842250894, 18.137581301444524 ], [ 73.598214521244643, 18.13758756465279 ], [ 73.598218887041199, 18.137039607610554 ], [ 73.598505445891348, 18.13704169442666 ], [ 73.598511992958635, 18.136219758702033 ], [ 73.598798550509841, 18.136221844990875 ], [ 73.59880509589172, 18.135399909092932 ], [ 73.597945427366597, 18.135393649250368 ], [ 73.597943244273779, 18.135667627790099 ], [ 73.597656687730236, 18.135665540289679 ], [ 73.597654504152928, 18.135939518787698 ], [ 73.597941061142308, 18.135941606321786 ], [ 73.597938877972169, 18.136215584845438 ], [ 73.597365763140374, 18.136211409283625 ], [ 73.597363579039865, 18.136485387731881 ], [ 73.597077021236132, 18.136483299277842 ], [ 73.597079205782521, 18.136209320863259 ], [ 73.596792648463335, 18.136207232016595 ], [ 73.596794833416865, 18.135933253627652 ], [ 73.597367947202216, 18.135937430827315 ], [ 73.597372315209824, 18.135389473890566 ], [ 73.597085759189483, 18.135387385571246 ], [ 73.59709012793401, 18.134839428669697 ], [ 73.59737668306272, 18.134841516921657 ], [ 73.59737449915562, 18.135115495410133 ], [ 73.597947610420732, 18.135119670702597 ], [ 73.597954159351133, 18.134297735011021 ], [ 73.598240713704271, 18.134299821916859 ], [ 73.598242896157956, 18.134025843303256 ], [ 73.597669788381921, 18.134021669132654 ], [ 73.597674154956408, 18.133473712015977 ], [ 73.597960707933538, 18.133475799247073 ], [ 73.597967256167934, 18.132653863410752 ], [ 73.597107601364428, 18.132647600741812 ], [ 73.597105417321046, 18.132921579260941 ], [ 73.596818865351494, 18.132919490818516 ], [ 73.59681668082365, 18.133193469295918 ], [ 73.596243576109146, 18.133189291065008 ], [ 73.596241390651073, 18.133463269466979 ], [ 73.59595483790612, 18.133461179678473 ], [ 73.595948279962286, 18.134283114735009 ], [ 73.59623483404458, 18.134285204624632 ], [ 73.596232648431666, 18.134559182994437 ], [ 73.596519202998479, 18.134561272491503 ], [ 73.596517017792635, 18.134835250886962 ], [ 73.596803572843967, 18.134837339991467 ], [ 73.596799203207823, 18.135385296825643 ], [ 73.596226091360592, 18.135381118055584 ], [ 73.596223905592808, 18.135655096393211 ], [ 73.595937349281442, 18.135653006335058 ], [ 73.595935163029111, 18.135926984630935 ], [ 73.595648606310633, 18.135924894112772 ], [ 73.59564423279808, 18.136472850612975 ], [ 73.594211445328355, 18.136462391290376 ], [ 73.594209256284671, 18.136736369359742 ], [ 73.593349582930472, 18.136730088549189 ], [ 73.593347392510424, 18.13700406650922 ], [ 73.593060834357402, 18.137001972019299 ], [ 73.593058643452693, 18.137275949937504 ], [ 73.592772084892616, 18.137273854987477 ], [ 73.592767702074994, 18.137821810732191 ], [ 73.592481142661953, 18.137819715288256 ], [ 73.592478950749026, 18.138093693114755 ], [ 73.591905831147614, 18.138089500880259 ], [ 73.591903638304061, 18.138363478631113 ], [ 73.591617078115718, 18.138361381840532 ], [ 73.591614884787404, 18.138635359549525 ], [ 73.591328324191991, 18.138633262298775 ], [ 73.591326130378917, 18.138907239965906 ], [ 73.591039569376434, 18.138905142254963 ], [ 73.591037375078585, 18.139179119880218 ], [ 73.590464252298361, 18.139174923111575 ], [ 73.590462057069772, 18.139448900661112 ], [ 73.589888933553183, 18.139444702119274 ], [ 73.589891129673617, 18.139170724637435 ] ], [ [ 73.597074836651061, 18.136757277684389 ], [ 73.596788278440172, 18.136755188770344 ], [ 73.596790463471109, 18.136481210397488 ], [ 73.597077021236132, 18.136483299277842 ], [ 73.597074836651061, 18.136757277684389 ] ], [ [ 73.594495814146967, 18.136738462110625 ], [ 73.594493625510395, 18.137012440205687 ], [ 73.594207067202234, 18.137010347421057 ], [ 73.594209256284671, 18.136736369359742 ], [ 73.594495814146967, 18.136738462110625 ] ], [ [ 73.590748618886394, 18.139450999292464 ], [ 73.590746424064889, 18.139724976867797 ], [ 73.590459861802316, 18.139722878202608 ], [ 73.590462057069772, 18.139448900661112 ], [ 73.590748618886394, 18.139450999292464 ] ], [ [ 73.596173622247449, 18.141956595938719 ], [ 73.595887055679839, 18.141954505105264 ], [ 73.595889242784182, 18.141680526986345 ], [ 73.596175808905784, 18.141682617786099 ], [ 73.596173622247449, 18.141956595938719 ] ], [ [ 73.595602676701319, 18.141678435760156 ], [ 73.59560486421293, 18.141404457666916 ], [ 73.5958914298498, 18.141406548859393 ], [ 73.595889242784182, 18.141680526986345 ], [ 73.595602676701319, 18.141678435760156 ] ], [ [ 73.594747356345636, 18.141124203530801 ], [ 73.594745167534782, 18.141398181530896 ], [ 73.595031733055407, 18.14140027400267 ], [ 73.595029544651794, 18.141674252028455 ], [ 73.593883281017852, 18.141665879447782 ], [ 73.593885471205482, 18.141391901556986 ], [ 73.593598905839954, 18.141389807379486 ], [ 73.593596715206331, 18.14166378523651 ], [ 73.593310149433577, 18.141661690598813 ], [ 73.593314531554029, 18.141113734944248 ], [ 73.594747356345636, 18.141124203530801 ] ], [ [ 73.593027966712071, 18.141111639947667 ], [ 73.593025775225257, 18.141385617745193 ], [ 73.592739209976131, 18.1413835222884 ], [ 73.592741401908938, 18.141109544524657 ], [ 73.593027966712071, 18.141111639947667 ] ], [ [ 73.590742034305251, 18.140272931994321 ], [ 73.590739839367117, 18.140546909545513 ], [ 73.590453275766691, 18.14054481077881 ], [ 73.590455471150776, 18.14027083326145 ], [ 73.590742034305251, 18.140272931994321 ] ], [ [ 73.594180795188535, 18.140298083529384 ], [ 73.594178605602025, 18.140572061486122 ], [ 73.593892041535653, 18.140569967836324 ], [ 73.593894231568129, 18.140295989913344 ], [ 73.594180795188535, 18.140298083529384 ] ], [ [ 73.596475491527045, 18.140040838872522 ], [ 73.596477677468371, 18.139766860629891 ], [ 73.595904551430152, 18.139762679928708 ], [ 73.595908924980449, 18.139214723554122 ], [ 73.596768611420188, 18.139220993764088 ], [ 73.596770796799433, 18.138947015463629 ], [ 73.597057358577501, 18.138949104647168 ], [ 73.597046433523914, 18.14031899623749 ], [ 73.596759869516106, 18.140316906885502 ], [ 73.596762055050178, 18.14004292861722 ], [ 73.596475491527045, 18.140040838872522 ] ], [ [ 73.591319548706593, 18.139729172919012 ], [ 73.591317354738123, 18.140003150553955 ], [ 73.59103079195188, 18.140001052707714 ], [ 73.591032986366301, 18.139727075106599 ], [ 73.591319548706593, 18.139729172919012 ] ], [ [ 73.595620175709584, 18.139486610788975 ], [ 73.59561798846913, 18.139760588938532 ], [ 73.5950448626633, 18.139756405679002 ], [ 73.595047050795657, 18.139482427596903 ], [ 73.595620175709584, 18.139486610788975 ] ], [ [ 73.593043306033152, 18.13919379513969 ], [ 73.593047688347056, 18.138645839407864 ], [ 73.593334249175427, 18.138647934100447 ], [ 73.59333863044229, 18.13809997826888 ], [ 73.593052070505735, 18.138097883643855 ], [ 73.593054261526845, 18.13782390574978 ], [ 73.593627380546977, 18.137828094505938 ], [ 73.593623000249522, 18.138376050421137 ], [ 73.594482681746015, 18.138382330560354 ], [ 73.594480492876855, 18.138656308607153 ], [ 73.593907370948585, 18.138652122206526 ], [ 73.593905181148799, 18.138926100177773 ], [ 73.593618619796899, 18.138924006304151 ], [ 73.593614239189122, 18.139471962154985 ], [ 73.59332767698416, 18.139469867787454 ], [ 73.593329867753383, 18.139195889899831 ], [ 73.593043306033152, 18.13919379513969 ] ], [ [ 73.59276112755748, 18.13864374428892 ], [ 73.592758935974018, 18.138917722125072 ], [ 73.59247237477733, 18.138915626545973 ], [ 73.592474566806729, 18.138641648743615 ], [ 73.59276112755748, 18.13864374428892 ] ], [ [ 73.595342363591428, 18.138388606862364 ], [ 73.595340176059992, 18.138662585010373 ], [ 73.595053614960193, 18.138660493302329 ], [ 73.595055802937537, 18.138386515188049 ], [ 73.595342363591428, 18.138388606862364 ] ], [ [ 73.594487059368063, 18.137834374442619 ], [ 73.594489248120937, 18.137560396371683 ], [ 73.595062366637066, 18.137564580796944 ], [ 73.595060178775981, 18.137838558935353 ], [ 73.595346738538055, 18.137840650542209 ], [ 73.595344551084111, 18.138114628706305 ], [ 73.594771430706899, 18.138110444998794 ], [ 73.594773619052631, 18.137836466902158 ], [ 73.594487059368063, 18.137834374442619 ] ], [ [ 73.5956398591306, 18.137020807081004 ], [ 73.595637672238752, 18.137294785302956 ], [ 73.595351113329713, 18.137292694189888 ], [ 73.595353300667426, 18.137018716001659 ], [ 73.5956398591306, 18.137020807081004 ] ], [ [ 73.59650172026798, 18.136753099429992 ], [ 73.596497349198273, 18.137301056084173 ], [ 73.596210790173032, 18.1372989662501 ], [ 73.596215162134499, 18.13675100966331 ], [ 73.59650172026798, 18.136753099429992 ] ], [ [ 73.596508276582227, 18.135931164388378 ], [ 73.59650609118286, 18.136205142743623 ], [ 73.596219533941081, 18.136203053044351 ], [ 73.596221719786314, 18.135929074722803 ], [ 73.596508276582227, 18.135931164388378 ] ], [ [ 73.597096680760586, 18.134017493257051 ], [ 73.597383234551913, 18.13401958140798 ], [ 73.597381050760873, 18.134293559920579 ], [ 73.596807942325341, 18.134289383125118 ], [ 73.596812311651902, 18.133741426226603 ], [ 73.597098864958738, 18.133743514770085 ], [ 73.597096680760586, 18.134017493257051 ] ], [ [ 73.596525758383734, 18.133739337256877 ], [ 73.596527943434751, 18.133465358829248 ], [ 73.596814496257124, 18.133467447765284 ], [ 73.596812311651902, 18.133741426226603 ], [ 73.596525758383734, 18.133739337256877 ] ] ], [ [ [ 73.59817303846377, 18.142793154949334 ], [ 73.59817085477286, 18.143067133305557 ], [ 73.598457423434155, 18.143069220862049 ], [ 73.598461789885263, 18.142521264074261 ], [ 73.597602086693598, 18.142515000327315 ], [ 73.59759990214927, 18.142788978624242 ], [ 73.59817303846377, 18.142793154949334 ] ] ] ] } },
{ "type": "Feature", "properties": { "patch_id": 4165, "area_m2": 493713.39690821164, "area_ha_site": 49.371339690821166, "area_km2": 0.49371339690821164, "site_size_class": "Large", "centroid_x": 351321.02371958073, "centroid_y": 2006118.305831125, "area_rank": 8, "village": "Cholai", "subdistric": "Poladpur", "vlcode": "555172", "population": 398.0, "multihazard_priority_100": 78.683903967418971, "recommendation_rank": 1, "recommendation_status": "Suitable Candidate", "area_ha": 49.371339690821166, "required_area_ha": 3.98, "estimated_capacity_people": 4937.133969082116, "capacity_ratio": 12.404859218799286, "distance_km": 22.339328197882651, "site_flood": 43.629325866699219, "site_landslide": 15.431212425231934, "site_slope_deg": 2.1298568248748779, "site_road_dist_m": 1340.3326416015625, "final_feasibility_score": 65.652649694810123, "recommendation_reason": "49.4 ha available; capacity ratio 12.4x; 22.3 km from habitation; flood score 43.6; landslide score 15.4; mean slope 2.1°" }, "geometry": { "type": "MultiPolygon", "coordinates": [ [ [ [ 73.599091652144068, 18.135401994854551 ], [ 73.599093833414912, 18.135128016172182 ], [ 73.598807277608387, 18.135125930444197 ], [ 73.59880509589172, 18.135399909092932 ], [ 73.599091652144068, 18.135401994854551 ] ] ], [ [ [ 73.589891129673617, 18.139170724637435 ], [ 73.588744884890971, 18.13916232257268 ], [ 73.588747082756214, 18.13888834521828 ], [ 73.587314279883387, 18.138877833213474 ], [ 73.587309879654683, 18.139425787575224 ], [ 73.58788300247069, 18.139429993791886 ], [ 73.587880803189762, 18.13970397102851 ], [ 73.588167365102137, 18.139706073531173 ], [ 73.588165166228208, 18.139980050793657 ], [ 73.588738291061659, 18.13998425458761 ], [ 73.588736093040708, 18.140258231909822 ], [ 73.58902265596177, 18.140260333201091 ], [ 73.589020458347861, 18.140534310549146 ], [ 73.589307021753825, 18.140536411447894 ], [ 73.589304824546957, 18.140810388821766 ], [ 73.589877952367544, 18.140814589407768 ], [ 73.589875756013726, 18.141088566841329 ], [ 73.590162320428348, 18.141090666528559 ], [ 73.590164516336188, 18.140816689061147 ], [ 73.590451080343698, 18.140818788288108 ], [ 73.590444493841517, 18.141640720767747 ], [ 73.592163886730702, 18.141653307783624 ], [ 73.592161693828245, 18.141927285463684 ], [ 73.592734825994071, 18.141931477791744 ], [ 73.592732633944806, 18.142205455531343 ], [ 73.594452034049738, 18.142218022483465 ], [ 73.594449844637808, 18.142492000417636 ], [ 73.596742383850099, 18.142508732742204 ], [ 73.596746755498842, 18.141960776326304 ], [ 73.597033322182597, 18.141962865880423 ], [ 73.597028951425898, 18.1425108223637 ], [ 73.597602086693598, 18.142515000327315 ], [ 73.597608640094478, 18.141693065388246 ], [ 73.597322073779338, 18.1416909767207 ], [ 73.597324258614947, 18.141416998425264 ], [ 73.597037692784497, 18.141414909364954 ], [ 73.597035507502895, 18.14168888762671 ], [ 73.59646237506611, 18.141684708159406 ], [ 73.596468933470788, 18.140862773552165 ], [ 73.597328628170061, 18.140869041810255 ], [ 73.597330812889581, 18.140595063490686 ], [ 73.597617377420747, 18.140597152023535 ], [ 73.59761956165562, 18.140323173662242 ], [ 73.597906125779488, 18.140325261735004 ], [ 73.59791267691412, 18.13950332650187 ], [ 73.59819923973879, 18.13950541404725 ], [ 73.598203606076652, 18.138957457117616 ], [ 73.598490168048116, 18.138959544169296 ], [ 73.598494533339462, 18.138411587140187 ], [ 73.598207972259843, 18.13840950015582 ], [ 73.598212338288363, 18.137861543161833 ], [ 73.597352657956947, 18.13785527985257 ], [ 73.597354842250894, 18.137581301444524 ], [ 73.598214521244643, 18.13758756465279 ], [ 73.598218887041199, 18.137039607610554 ], [ 73.598505445891348, 18.13704169442666 ], [ 73.598511992958635, 18.136219758702033 ], [ 73.598798550509841, 18.136221844990875 ], [ 73.59880509589172, 18.135399909092932 ], [ 73.597945427366597, 18.135393649250368 ], [ 73.597943244273779, 18.135667627790099 ], [ 73.597656687730236, 18.135665540289679 ], [ 73.597654504152928, 18.135939518787698 ], [ 73.597941061142308, 18.135941606321786 ], [ 73.597938877972169, 18.136215584845438 ], [ 73.597365763140374, 18.136211409283625 ], [ 73.597363579039865, 18.136485387731881 ], [ 73.597077021236132, 18.136483299277842 ], [ 73.597079205782521, 18.136209320863259 ], [ 73.596792648463335, 18.136207232016595 ], [ 73.596794833416865, 18.135933253627652 ], [ 73.597367947202216, 18.135937430827315 ], [ 73.597372315209824, 18.135389473890566 ], [ 73.597085759189483, 18.135387385571246 ], [ 73.59709012793401, 18.134839428669697 ], [ 73.59737668306272, 18.134841516921657 ], [ 73.59737449915562, 18.135115495410133 ], [ 73.597947610420732, 18.135119670702597 ], [ 73.597954159351133, 18.134297735011021 ], [ 73.598240713704271, 18.134299821916859 ], [ 73.598242896157956, 18.134025843303256 ], [ 73.597669788381921, 18.134021669132654 ], [ 73.597674154956408, 18.133473712015977 ], [ 73.597960707933538, 18.133475799247073 ], [ 73.597967256167934, 18.132653863410752 ], [ 73.597107601364428, 18.132647600741812 ], [ 73.597105417321046, 18.132921579260941 ], [ 73.596818865351494, 18.132919490818516 ], [ 73.59681668082365, 18.133193469295918 ], [ 73.596243576109146, 18.133189291065008 ], [ 73.596241390651073, 18.133463269466979 ], [ 73.59595483790612, 18.133461179678473 ], [ 73.595948279962286, 18.134283114735009 ], [ 73.59623483404458, 18.134285204624632 ], [ 73.596232648431666, 18.134559182994437 ], [ 73.596519202998479, 18.134561272491503 ], [ 73.596517017792635, 18.134835250886962 ], [ 73.596803572843967, 18.134837339991467 ], [ 73.596799203207823, 18.135385296825643 ], [ 73.596226091360592, 18.135381118055584 ], [ 73.596223905592808, 18.135655096393211 ], [ 73.595937349281442, 18.135653006335058 ], [ 73.595935163029111, 18.135926984630935 ], [ 73.595648606310633, 18.135924894112772 ], [ 73.59564423279808, 18.136472850612975 ], [ 73.594211445328355, 18.136462391290376 ], [ 73.594209256284671, 18.136736369359742 ], [ 73.593349582930472, 18.136730088549189 ], [ 73.593347392510424, 18.13700406650922 ], [ 73.593060834357402, 18.137001972019299 ], [ 73.593058643452693, 18.137275949937504 ], [ 73.592772084892616, 18.137273854987477 ], [ 73.592767702074994, 18.137821810732191 ], [ 73.592481142661953, 18.137819715288256 ], [ 73.592478950749026, 18.138093693114755 ], [ 73.591905831147614, 18.138089500880259 ], [ 73.591903638304061, 18.138363478631113 ], [ 73.591617078115718, 18.138361381840532 ], [ 73.591614884787404, 18.138635359549525 ], [ 73.591328324191991, 18.138633262298775 ], [ 73.591326130378917, 18.138907239965906 ], [ 73.591039569376434, 18.138905142254963 ], [ 73.591037375078585, 18.139179119880218 ], [ 73.590464252298361, 18.139174923111575 ], [ 73.590462057069772, 18.139448900661112 ], [ 73.589888933553183, 18.139444702119274 ], [ 73.589891129673617, 18.139170724637435 ] ], [ [ 73.597074836651061, 18.136757277684389 ], [ 73.596788278440172, 18.136755188770344 ], [ 73.596790463471109, 18.136481210397488 ], [ 73.597077021236132, 18.136483299277842 ], [ 73.597074836651061, 18.136757277684389 ] ], [ [ 73.594495814146967, 18.136738462110625 ], [ 73.594493625510395, 18.137012440205687 ], [ 73.594207067202234, 18.137010347421057 ], [ 73.594209256284671, 18.136736369359742 ], [ 73.594495814146967, 18.136738462110625 ] ], [ [ 73.590748618886394, 18.139450999292464 ], [ 73.590746424064889, 18.139724976867797 ], [ 73.590459861802316, 18.139722878202608 ], [ 73.590462057069772, 18.139448900661112 ], [ 73.590748618886394, 18.139450999292464 ] ], [ [ 73.596173622247449, 18.141956595938719 ], [ 73.595887055679839, 18.141954505105264 ], [ 73.595889242784182, 18.141680526986345 ], [ 73.596175808905784, 18.141682617786099 ], [ 73.596173622247449, 18.141956595938719 ] ], [ [ 73.595602676701319, 18.141678435760156 ], [ 73.59560486421293, 18.141404457666916 ], [ 73.5958914298498, 18.141406548859393 ], [ 73.595889242784182, 18.141680526986345 ], [ 73.595602676701319, 18.141678435760156 ] ], [ [ 73.594747356345636, 18.141124203530801 ], [ 73.594745167534782, 18.141398181530896 ], [ 73.595031733055407, 18.14140027400267 ], [ 73.595029544651794, 18.141674252028455 ], [ 73.593883281017852, 18.141665879447782 ], [ 73.593885471205482, 18.141391901556986 ], [ 73.593598905839954, 18.141389807379486 ], [ 73.593596715206331, 18.14166378523651 ], [ 73.593310149433577, 18.141661690598813 ], [ 73.593314531554029, 18.141113734944248 ], [ 73.594747356345636, 18.141124203530801 ] ], [ [ 73.593027966712071, 18.141111639947667 ], [ 73.593025775225257, 18.141385617745193 ], [ 73.592739209976131, 18.1413835222884 ], [ 73.592741401908938, 18.141109544524657 ], [ 73.593027966712071, 18.141111639947667 ] ], [ [ 73.590742034305251, 18.140272931994321 ], [ 73.590739839367117, 18.140546909545513 ], [ 73.590453275766691, 18.14054481077881 ], [ 73.590455471150776, 18.14027083326145 ], [ 73.590742034305251, 18.140272931994321 ] ], [ [ 73.594180795188535, 18.140298083529384 ], [ 73.594178605602025, 18.140572061486122 ], [ 73.593892041535653, 18.140569967836324 ], [ 73.593894231568129, 18.140295989913344 ], [ 73.594180795188535, 18.140298083529384 ] ], [ [ 73.596475491527045, 18.140040838872522 ], [ 73.596477677468371, 18.139766860629891 ], [ 73.595904551430152, 18.139762679928708 ], [ 73.595908924980449, 18.139214723554122 ], [ 73.596768611420188, 18.139220993764088 ], [ 73.596770796799433, 18.138947015463629 ], [ 73.597057358577501, 18.138949104647168 ], [ 73.597046433523914, 18.14031899623749 ], [ 73.596759869516106, 18.140316906885502 ], [ 73.596762055050178, 18.14004292861722 ], [ 73.596475491527045, 18.140040838872522 ] ], [ [ 73.591319548706593, 18.139729172919012 ], [ 73.591317354738123, 18.140003150553955 ], [ 73.59103079195188, 18.140001052707714 ], [ 73.591032986366301, 18.139727075106599 ], [ 73.591319548706593, 18.139729172919012 ] ], [ [ 73.595620175709584, 18.139486610788975 ], [ 73.59561798846913, 18.139760588938532 ], [ 73.5950448626633, 18.139756405679002 ], [ 73.595047050795657, 18.139482427596903 ], [ 73.595620175709584, 18.139486610788975 ] ], [ [ 73.593043306033152, 18.13919379513969 ], [ 73.593047688347056, 18.138645839407864 ], [ 73.593334249175427, 18.138647934100447 ], [ 73.59333863044229, 18.13809997826888 ], [ 73.593052070505735, 18.138097883643855 ], [ 73.593054261526845, 18.13782390574978 ], [ 73.593627380546977, 18.137828094505938 ], [ 73.593623000249522, 18.138376050421137 ], [ 73.594482681746015, 18.138382330560354 ], [ 73.594480492876855, 18.138656308607153 ], [ 73.593907370948585, 18.138652122206526 ], [ 73.593905181148799, 18.138926100177773 ], [ 73.593618619796899, 18.138924006304151 ], [ 73.593614239189122, 18.139471962154985 ], [ 73.59332767698416, 18.139469867787454 ], [ 73.593329867753383, 18.139195889899831 ], [ 73.593043306033152, 18.13919379513969 ] ], [ [ 73.59276112755748, 18.13864374428892 ], [ 73.592758935974018, 18.138917722125072 ], [ 73.59247237477733, 18.138915626545973 ], [ 73.592474566806729, 18.138641648743615 ], [ 73.59276112755748, 18.13864374428892 ] ], [ [ 73.595342363591428, 18.138388606862364 ], [ 73.595340176059992, 18.138662585010373 ], [ 73.595053614960193, 18.138660493302329 ], [ 73.595055802937537, 18.138386515188049 ], [ 73.595342363591428, 18.138388606862364 ] ], [ [ 73.594487059368063, 18.137834374442619 ], [ 73.594489248120937, 18.137560396371683 ], [ 73.595062366637066, 18.137564580796944 ], [ 73.595060178775981, 18.137838558935353 ], [ 73.595346738538055, 18.137840650542209 ], [ 73.595344551084111, 18.138114628706305 ], [ 73.594771430706899, 18.138110444998794 ], [ 73.594773619052631, 18.137836466902158 ], [ 73.594487059368063, 18.137834374442619 ] ], [ [ 73.5956398591306, 18.137020807081004 ], [ 73.595637672238752, 18.137294785302956 ], [ 73.595351113329713, 18.137292694189888 ], [ 73.595353300667426, 18.137018716001659 ], [ 73.5956398591306, 18.137020807081004 ] ], [ [ 73.59650172026798, 18.136753099429992 ], [ 73.596497349198273, 18.137301056084173 ], [ 73.596210790173032, 18.1372989662501 ], [ 73.596215162134499, 18.13675100966331 ], [ 73.59650172026798, 18.136753099429992 ] ], [ [ 73.596508276582227, 18.135931164388378 ], [ 73.59650609118286, 18.136205142743623 ], [ 73.596219533941081, 18.136203053044351 ], [ 73.596221719786314, 18.135929074722803 ], [ 73.596508276582227, 18.135931164388378 ] ], [ [ 73.597096680760586, 18.134017493257051 ], [ 73.597383234551913, 18.13401958140798 ], [ 73.597381050760873, 18.134293559920579 ], [ 73.596807942325341, 18.134289383125118 ], [ 73.596812311651902, 18.133741426226603 ], [ 73.597098864958738, 18.133743514770085 ], [ 73.597096680760586, 18.134017493257051 ] ], [ [ 73.596525758383734, 18.133739337256877 ], [ 73.596527943434751, 18.133465358829248 ], [ 73.596814496257124, 18.133467447765284 ], [ 73.596812311651902, 18.133741426226603 ], [ 73.596525758383734, 18.133739337256877 ] ] ], [ [ [ 73.59817303846377, 18.142793154949334 ], [ 73.59817085477286, 18.143067133305557 ], [ 73.598457423434155, 18.143069220862049 ], [ 73.598461789885263, 18.142521264074261 ], [ 73.597602086693598, 18.142515000327315 ], [ 73.59759990214927, 18.142788978624242 ], [ 73.59817303846377, 18.142793154949334 ] ] ] ] } },
{ "type": "Feature", "properties": { "patch_id": 4165, "area_m2": 493713.39690821164, "area_ha_site": 49.371339690821166, "area_km2": 0.49371339690821164, "site_size_class": "Large", "centroid_x": 351321.02371958073, "centroid_y": 2006118.305831125, "area_rank": 8, "village": "Kapade Kh", "subdistric": "Poladpur", "vlcode": "555195", "population": 1013.0, "multihazard_priority_100": 77.859170723273024, "recommendation_rank": 1, "recommendation_status": "Suitable Candidate", "area_ha": 49.371339690821166, "required_area_ha": 10.13, "estimated_capacity_people": 4937.133969082116, "capacity_ratio": 4.873774895441378, "distance_km": 23.127217552237767, "site_flood": 43.629325866699219, "site_landslide": 15.431212425231934, "site_slope_deg": 2.1298568248748779, "site_road_dist_m": 1340.3326416015625, "final_feasibility_score": 64.943549275890533, "recommendation_reason": "49.4 ha available; capacity ratio 4.9x; 23.1 km from habitation; flood score 43.6; landslide score 15.4; mean slope 2.1°" }, "geometry": { "type": "MultiPolygon", "coordinates": [ [ [ [ 73.599091652144068, 18.135401994854551 ], [ 73.599093833414912, 18.135128016172182 ], [ 73.598807277608387, 18.135125930444197 ], [ 73.59880509589172, 18.135399909092932 ], [ 73.599091652144068, 18.135401994854551 ] ] ], [ [ [ 73.589891129673617, 18.139170724637435 ], [ 73.588744884890971, 18.13916232257268 ], [ 73.588747082756214, 18.13888834521828 ], [ 73.587314279883387, 18.138877833213474 ], [ 73.587309879654683, 18.139425787575224 ], [ 73.58788300247069, 18.139429993791886 ], [ 73.587880803189762, 18.13970397102851 ], [ 73.588167365102137, 18.139706073531173 ], [ 73.588165166228208, 18.139980050793657 ], [ 73.588738291061659, 18.13998425458761 ], [ 73.588736093040708, 18.140258231909822 ], [ 73.58902265596177, 18.140260333201091 ], [ 73.589020458347861, 18.140534310549146 ], [ 73.589307021753825, 18.140536411447894 ], [ 73.589304824546957, 18.140810388821766 ], [ 73.589877952367544, 18.140814589407768 ], [ 73.589875756013726, 18.141088566841329 ], [ 73.590162320428348, 18.141090666528559 ], [ 73.590164516336188, 18.140816689061147 ], [ 73.590451080343698, 18.140818788288108 ], [ 73.590444493841517, 18.141640720767747 ], [ 73.592163886730702, 18.141653307783624 ], [ 73.592161693828245, 18.141927285463684 ], [ 73.592734825994071, 18.141931477791744 ], [ 73.592732633944806, 18.142205455531343 ], [ 73.594452034049738, 18.142218022483465 ], [ 73.594449844637808, 18.142492000417636 ], [ 73.596742383850099, 18.142508732742204 ], [ 73.596746755498842, 18.141960776326304 ], [ 73.597033322182597, 18.141962865880423 ], [ 73.597028951425898, 18.1425108223637 ], [ 73.597602086693598, 18.142515000327315 ], [ 73.597608640094478, 18.141693065388246 ], [ 73.597322073779338, 18.1416909767207 ], [ 73.597324258614947, 18.141416998425264 ], [ 73.597037692784497, 18.141414909364954 ], [ 73.597035507502895, 18.14168888762671 ], [ 73.59646237506611, 18.141684708159406 ], [ 73.596468933470788, 18.140862773552165 ], [ 73.597328628170061, 18.140869041810255 ], [ 73.597330812889581, 18.140595063490686 ], [ 73.597617377420747, 18.140597152023535 ], [ 73.59761956165562, 18.140323173662242 ], [ 73.597906125779488, 18.140325261735004 ], [ 73.59791267691412, 18.13950332650187 ], [ 73.59819923973879, 18.13950541404725 ], [ 73.598203606076652, 18.138957457117616 ], [ 73.598490168048116, 18.138959544169296 ], [ 73.598494533339462, 18.138411587140187 ], [ 73.598207972259843, 18.13840950015582 ], [ 73.598212338288363, 18.137861543161833 ], [ 73.597352657956947, 18.13785527985257 ], [ 73.597354842250894, 18.137581301444524 ], [ 73.598214521244643, 18.13758756465279 ], [ 73.598218887041199, 18.137039607610554 ], [ 73.598505445891348, 18.13704169442666 ], [ 73.598511992958635, 18.136219758702033 ], [ 73.598798550509841, 18.136221844990875 ], [ 73.59880509589172, 18.135399909092932 ], [ 73.597945427366597, 18.135393649250368 ], [ 73.597943244273779, 18.135667627790099 ], [ 73.597656687730236, 18.135665540289679 ], [ 73.597654504152928, 18.135939518787698 ], [ 73.597941061142308, 18.135941606321786 ], [ 73.597938877972169, 18.136215584845438 ], [ 73.597365763140374, 18.136211409283625 ], [ 73.597363579039865, 18.136485387731881 ], [ 73.597077021236132, 18.136483299277842 ], [ 73.597079205782521, 18.136209320863259 ], [ 73.596792648463335, 18.136207232016595 ], [ 73.596794833416865, 18.135933253627652 ], [ 73.597367947202216, 18.135937430827315 ], [ 73.597372315209824, 18.135389473890566 ], [ 73.597085759189483, 18.135387385571246 ], [ 73.59709012793401, 18.134839428669697 ], [ 73.59737668306272, 18.134841516921657 ], [ 73.59737449915562, 18.135115495410133 ], [ 73.597947610420732, 18.135119670702597 ], [ 73.597954159351133, 18.134297735011021 ], [ 73.598240713704271, 18.134299821916859 ], [ 73.598242896157956, 18.134025843303256 ], [ 73.597669788381921, 18.134021669132654 ], [ 73.597674154956408, 18.133473712015977 ], [ 73.597960707933538, 18.133475799247073 ], [ 73.597967256167934, 18.132653863410752 ], [ 73.597107601364428, 18.132647600741812 ], [ 73.597105417321046, 18.132921579260941 ], [ 73.596818865351494, 18.132919490818516 ], [ 73.59681668082365, 18.133193469295918 ], [ 73.596243576109146, 18.133189291065008 ], [ 73.596241390651073, 18.133463269466979 ], [ 73.59595483790612, 18.133461179678473 ], [ 73.595948279962286, 18.134283114735009 ], [ 73.59623483404458, 18.134285204624632 ], [ 73.596232648431666, 18.134559182994437 ], [ 73.596519202998479, 18.134561272491503 ], [ 73.596517017792635, 18.134835250886962 ], [ 73.596803572843967, 18.134837339991467 ], [ 73.596799203207823, 18.135385296825643 ], [ 73.596226091360592, 18.135381118055584 ], [ 73.596223905592808, 18.135655096393211 ], [ 73.595937349281442, 18.135653006335058 ], [ 73.595935163029111, 18.135926984630935 ], [ 73.595648606310633, 18.135924894112772 ], [ 73.59564423279808, 18.136472850612975 ], [ 73.594211445328355, 18.136462391290376 ], [ 73.594209256284671, 18.136736369359742 ], [ 73.593349582930472, 18.136730088549189 ], [ 73.593347392510424, 18.13700406650922 ], [ 73.593060834357402, 18.137001972019299 ], [ 73.593058643452693, 18.137275949937504 ], [ 73.592772084892616, 18.137273854987477 ], [ 73.592767702074994, 18.137821810732191 ], [ 73.592481142661953, 18.137819715288256 ], [ 73.592478950749026, 18.138093693114755 ], [ 73.591905831147614, 18.138089500880259 ], [ 73.591903638304061, 18.138363478631113 ], [ 73.591617078115718, 18.138361381840532 ], [ 73.591614884787404, 18.138635359549525 ], [ 73.591328324191991, 18.138633262298775 ], [ 73.591326130378917, 18.138907239965906 ], [ 73.591039569376434, 18.138905142254963 ], [ 73.591037375078585, 18.139179119880218 ], [ 73.590464252298361, 18.139174923111575 ], [ 73.590462057069772, 18.139448900661112 ], [ 73.589888933553183, 18.139444702119274 ], [ 73.589891129673617, 18.139170724637435 ] ], [ [ 73.597074836651061, 18.136757277684389 ], [ 73.596788278440172, 18.136755188770344 ], [ 73.596790463471109, 18.136481210397488 ], [ 73.597077021236132, 18.136483299277842 ], [ 73.597074836651061, 18.136757277684389 ] ], [ [ 73.594495814146967, 18.136738462110625 ], [ 73.594493625510395, 18.137012440205687 ], [ 73.594207067202234, 18.137010347421057 ], [ 73.594209256284671, 18.136736369359742 ], [ 73.594495814146967, 18.136738462110625 ] ], [ [ 73.590748618886394, 18.139450999292464 ], [ 73.590746424064889, 18.139724976867797 ], [ 73.590459861802316, 18.139722878202608 ], [ 73.590462057069772, 18.139448900661112 ], [ 73.590748618886394, 18.139450999292464 ] ], [ [ 73.596173622247449, 18.141956595938719 ], [ 73.595887055679839, 18.141954505105264 ], [ 73.595889242784182, 18.141680526986345 ], [ 73.596175808905784, 18.141682617786099 ], [ 73.596173622247449, 18.141956595938719 ] ], [ [ 73.595602676701319, 18.141678435760156 ], [ 73.59560486421293, 18.141404457666916 ], [ 73.5958914298498, 18.141406548859393 ], [ 73.595889242784182, 18.141680526986345 ], [ 73.595602676701319, 18.141678435760156 ] ], [ [ 73.594747356345636, 18.141124203530801 ], [ 73.594745167534782, 18.141398181530896 ], [ 73.595031733055407, 18.14140027400267 ], [ 73.595029544651794, 18.141674252028455 ], [ 73.593883281017852, 18.141665879447782 ], [ 73.593885471205482, 18.141391901556986 ], [ 73.593598905839954, 18.141389807379486 ], [ 73.593596715206331, 18.14166378523651 ], [ 73.593310149433577, 18.141661690598813 ], [ 73.593314531554029, 18.141113734944248 ], [ 73.594747356345636, 18.141124203530801 ] ], [ [ 73.593027966712071, 18.141111639947667 ], [ 73.593025775225257, 18.141385617745193 ], [ 73.592739209976131, 18.1413835222884 ], [ 73.592741401908938, 18.141109544524657 ], [ 73.593027966712071, 18.141111639947667 ] ], [ [ 73.590742034305251, 18.140272931994321 ], [ 73.590739839367117, 18.140546909545513 ], [ 73.590453275766691, 18.14054481077881 ], [ 73.590455471150776, 18.14027083326145 ], [ 73.590742034305251, 18.140272931994321 ] ], [ [ 73.594180795188535, 18.140298083529384 ], [ 73.594178605602025, 18.140572061486122 ], [ 73.593892041535653, 18.140569967836324 ], [ 73.593894231568129, 18.140295989913344 ], [ 73.594180795188535, 18.140298083529384 ] ], [ [ 73.596475491527045, 18.140040838872522 ], [ 73.596477677468371, 18.139766860629891 ], [ 73.595904551430152, 18.139762679928708 ], [ 73.595908924980449, 18.139214723554122 ], [ 73.596768611420188, 18.139220993764088 ], [ 73.596770796799433, 18.138947015463629 ], [ 73.597057358577501, 18.138949104647168 ], [ 73.597046433523914, 18.14031899623749 ], [ 73.596759869516106, 18.140316906885502 ], [ 73.596762055050178, 18.14004292861722 ], [ 73.596475491527045, 18.140040838872522 ] ], [ [ 73.591319548706593, 18.139729172919012 ], [ 73.591317354738123, 18.140003150553955 ], [ 73.59103079195188, 18.140001052707714 ], [ 73.591032986366301, 18.139727075106599 ], [ 73.591319548706593, 18.139729172919012 ] ], [ [ 73.595620175709584, 18.139486610788975 ], [ 73.59561798846913, 18.139760588938532 ], [ 73.5950448626633, 18.139756405679002 ], [ 73.595047050795657, 18.139482427596903 ], [ 73.595620175709584, 18.139486610788975 ] ], [ [ 73.593043306033152, 18.13919379513969 ], [ 73.593047688347056, 18.138645839407864 ], [ 73.593334249175427, 18.138647934100447 ], [ 73.59333863044229, 18.13809997826888 ], [ 73.593052070505735, 18.138097883643855 ], [ 73.593054261526845, 18.13782390574978 ], [ 73.593627380546977, 18.137828094505938 ], [ 73.593623000249522, 18.138376050421137 ], [ 73.594482681746015, 18.138382330560354 ], [ 73.594480492876855, 18.138656308607153 ], [ 73.593907370948585, 18.138652122206526 ], [ 73.593905181148799, 18.138926100177773 ], [ 73.593618619796899, 18.138924006304151 ], [ 73.593614239189122, 18.139471962154985 ], [ 73.59332767698416, 18.139469867787454 ], [ 73.593329867753383, 18.139195889899831 ], [ 73.593043306033152, 18.13919379513969 ] ], [ [ 73.59276112755748, 18.13864374428892 ], [ 73.592758935974018, 18.138917722125072 ], [ 73.59247237477733, 18.138915626545973 ], [ 73.592474566806729, 18.138641648743615 ], [ 73.59276112755748, 18.13864374428892 ] ], [ [ 73.595342363591428, 18.138388606862364 ], [ 73.595340176059992, 18.138662585010373 ], [ 73.595053614960193, 18.138660493302329 ], [ 73.595055802937537, 18.138386515188049 ], [ 73.595342363591428, 18.138388606862364 ] ], [ [ 73.594487059368063, 18.137834374442619 ], [ 73.594489248120937, 18.137560396371683 ], [ 73.595062366637066, 18.137564580796944 ], [ 73.595060178775981, 18.137838558935353 ], [ 73.595346738538055, 18.137840650542209 ], [ 73.595344551084111, 18.138114628706305 ], [ 73.594771430706899, 18.138110444998794 ], [ 73.594773619052631, 18.137836466902158 ], [ 73.594487059368063, 18.137834374442619 ] ], [ [ 73.5956398591306, 18.137020807081004 ], [ 73.595637672238752, 18.137294785302956 ], [ 73.595351113329713, 18.137292694189888 ], [ 73.595353300667426, 18.137018716001659 ], [ 73.5956398591306, 18.137020807081004 ] ], [ [ 73.59650172026798, 18.136753099429992 ], [ 73.596497349198273, 18.137301056084173 ], [ 73.596210790173032, 18.1372989662501 ], [ 73.596215162134499, 18.13675100966331 ], [ 73.59650172026798, 18.136753099429992 ] ], [ [ 73.596508276582227, 18.135931164388378 ], [ 73.59650609118286, 18.136205142743623 ], [ 73.596219533941081, 18.136203053044351 ], [ 73.596221719786314, 18.135929074722803 ], [ 73.596508276582227, 18.135931164388378 ] ], [ [ 73.597096680760586, 18.134017493257051 ], [ 73.597383234551913, 18.13401958140798 ], [ 73.597381050760873, 18.134293559920579 ], [ 73.596807942325341, 18.134289383125118 ], [ 73.596812311651902, 18.133741426226603 ], [ 73.597098864958738, 18.133743514770085 ], [ 73.597096680760586, 18.134017493257051 ] ], [ [ 73.596525758383734, 18.133739337256877 ], [ 73.596527943434751, 18.133465358829248 ], [ 73.596814496257124, 18.133467447765284 ], [ 73.596812311651902, 18.133741426226603 ], [ 73.596525758383734, 18.133739337256877 ] ] ], [ [ [ 73.59817303846377, 18.142793154949334 ], [ 73.59817085477286, 18.143067133305557 ], [ 73.598457423434155, 18.143069220862049 ], [ 73.598461789885263, 18.142521264074261 ], [ 73.597602086693598, 18.142515000327315 ], [ 73.59759990214927, 18.142788978624242 ], [ 73.59817303846377, 18.142793154949334 ] ] ] ] } },
{ "type": "Feature", "properties": { "patch_id": 4165, "area_m2": 493713.39690821164, "area_ha_site": 49.371339690821166, "area_km2": 0.49371339690821164, "site_size_class": "Large", "centroid_x": 351321.02371958073, "centroid_y": 2006118.305831125, "area_rank": 8, "village": "Naneghol", "subdistric": "Poladpur", "vlcode": "555193", "population": 388.0, "multihazard_priority_100": 76.043875756382192, "recommendation_rank": 1, "recommendation_status": "Suitable Candidate", "area_ha": 49.371339690821166, "required_area_ha": 3.88, "estimated_capacity_people": 4937.133969082116, "capacity_ratio": 12.724572085263183, "distance_km": 19.912980773454507, "site_flood": 43.629325866699219, "site_landslide": 15.431212425231934, "site_slope_deg": 2.1298568248748779, "site_road_dist_m": 1340.3326416015625, "final_feasibility_score": 67.836362376795464, "recommendation_reason": "49.4 ha available; capacity ratio 12.7x; 19.9 km from habitation; flood score 43.6; landslide score 15.4; mean slope 2.1°" }, "geometry": { "type": "MultiPolygon", "coordinates": [ [ [ [ 73.599091652144068, 18.135401994854551 ], [ 73.599093833414912, 18.135128016172182 ], [ 73.598807277608387, 18.135125930444197 ], [ 73.59880509589172, 18.135399909092932 ], [ 73.599091652144068, 18.135401994854551 ] ] ], [ [ [ 73.589891129673617, 18.139170724637435 ], [ 73.588744884890971, 18.13916232257268 ], [ 73.588747082756214, 18.13888834521828 ], [ 73.587314279883387, 18.138877833213474 ], [ 73.587309879654683, 18.139425787575224 ], [ 73.58788300247069, 18.139429993791886 ], [ 73.587880803189762, 18.13970397102851 ], [ 73.588167365102137, 18.139706073531173 ], [ 73.588165166228208, 18.139980050793657 ], [ 73.588738291061659, 18.13998425458761 ], [ 73.588736093040708, 18.140258231909822 ], [ 73.58902265596177, 18.140260333201091 ], [ 73.589020458347861, 18.140534310549146 ], [ 73.589307021753825, 18.140536411447894 ], [ 73.589304824546957, 18.140810388821766 ], [ 73.589877952367544, 18.140814589407768 ], [ 73.589875756013726, 18.141088566841329 ], [ 73.590162320428348, 18.141090666528559 ], [ 73.590164516336188, 18.140816689061147 ], [ 73.590451080343698, 18.140818788288108 ], [ 73.590444493841517, 18.141640720767747 ], [ 73.592163886730702, 18.141653307783624 ], [ 73.592161693828245, 18.141927285463684 ], [ 73.592734825994071, 18.141931477791744 ], [ 73.592732633944806, 18.142205455531343 ], [ 73.594452034049738, 18.142218022483465 ], [ 73.594449844637808, 18.142492000417636 ], [ 73.596742383850099, 18.142508732742204 ], [ 73.596746755498842, 18.141960776326304 ], [ 73.597033322182597, 18.141962865880423 ], [ 73.597028951425898, 18.1425108223637 ], [ 73.597602086693598, 18.142515000327315 ], [ 73.597608640094478, 18.141693065388246 ], [ 73.597322073779338, 18.1416909767207 ], [ 73.597324258614947, 18.141416998425264 ], [ 73.597037692784497, 18.141414909364954 ], [ 73.597035507502895, 18.14168888762671 ], [ 73.59646237506611, 18.141684708159406 ], [ 73.596468933470788, 18.140862773552165 ], [ 73.597328628170061, 18.140869041810255 ], [ 73.597330812889581, 18.140595063490686 ], [ 73.597617377420747, 18.140597152023535 ], [ 73.59761956165562, 18.140323173662242 ], [ 73.597906125779488, 18.140325261735004 ], [ 73.59791267691412, 18.13950332650187 ], [ 73.59819923973879, 18.13950541404725 ], [ 73.598203606076652, 18.138957457117616 ], [ 73.598490168048116, 18.138959544169296 ], [ 73.598494533339462, 18.138411587140187 ], [ 73.598207972259843, 18.13840950015582 ], [ 73.598212338288363, 18.137861543161833 ], [ 73.597352657956947, 18.13785527985257 ], [ 73.597354842250894, 18.137581301444524 ], [ 73.598214521244643, 18.13758756465279 ], [ 73.598218887041199, 18.137039607610554 ], [ 73.598505445891348, 18.13704169442666 ], [ 73.598511992958635, 18.136219758702033 ], [ 73.598798550509841, 18.136221844990875 ], [ 73.59880509589172, 18.135399909092932 ], [ 73.597945427366597, 18.135393649250368 ], [ 73.597943244273779, 18.135667627790099 ], [ 73.597656687730236, 18.135665540289679 ], [ 73.597654504152928, 18.135939518787698 ], [ 73.597941061142308, 18.135941606321786 ], [ 73.597938877972169, 18.136215584845438 ], [ 73.597365763140374, 18.136211409283625 ], [ 73.597363579039865, 18.136485387731881 ], [ 73.597077021236132, 18.136483299277842 ], [ 73.597079205782521, 18.136209320863259 ], [ 73.596792648463335, 18.136207232016595 ], [ 73.596794833416865, 18.135933253627652 ], [ 73.597367947202216, 18.135937430827315 ], [ 73.597372315209824, 18.135389473890566 ], [ 73.597085759189483, 18.135387385571246 ], [ 73.59709012793401, 18.134839428669697 ], [ 73.59737668306272, 18.134841516921657 ], [ 73.59737449915562, 18.135115495410133 ], [ 73.597947610420732, 18.135119670702597 ], [ 73.597954159351133, 18.134297735011021 ], [ 73.598240713704271, 18.134299821916859 ], [ 73.598242896157956, 18.134025843303256 ], [ 73.597669788381921, 18.134021669132654 ], [ 73.597674154956408, 18.133473712015977 ], [ 73.597960707933538, 18.133475799247073 ], [ 73.597967256167934, 18.132653863410752 ], [ 73.597107601364428, 18.132647600741812 ], [ 73.597105417321046, 18.132921579260941 ], [ 73.596818865351494, 18.132919490818516 ], [ 73.59681668082365, 18.133193469295918 ], [ 73.596243576109146, 18.133189291065008 ], [ 73.596241390651073, 18.133463269466979 ], [ 73.59595483790612, 18.133461179678473 ], [ 73.595948279962286, 18.134283114735009 ], [ 73.59623483404458, 18.134285204624632 ], [ 73.596232648431666, 18.134559182994437 ], [ 73.596519202998479, 18.134561272491503 ], [ 73.596517017792635, 18.134835250886962 ], [ 73.596803572843967, 18.134837339991467 ], [ 73.596799203207823, 18.135385296825643 ], [ 73.596226091360592, 18.135381118055584 ], [ 73.596223905592808, 18.135655096393211 ], [ 73.595937349281442, 18.135653006335058 ], [ 73.595935163029111, 18.135926984630935 ], [ 73.595648606310633, 18.135924894112772 ], [ 73.59564423279808, 18.136472850612975 ], [ 73.594211445328355, 18.136462391290376 ], [ 73.594209256284671, 18.136736369359742 ], [ 73.593349582930472, 18.136730088549189 ], [ 73.593347392510424, 18.13700406650922 ], [ 73.593060834357402, 18.137001972019299 ], [ 73.593058643452693, 18.137275949937504 ], [ 73.592772084892616, 18.137273854987477 ], [ 73.592767702074994, 18.137821810732191 ], [ 73.592481142661953, 18.137819715288256 ], [ 73.592478950749026, 18.138093693114755 ], [ 73.591905831147614, 18.138089500880259 ], [ 73.591903638304061, 18.138363478631113 ], [ 73.591617078115718, 18.138361381840532 ], [ 73.591614884787404, 18.138635359549525 ], [ 73.591328324191991, 18.138633262298775 ], [ 73.591326130378917, 18.138907239965906 ], [ 73.591039569376434, 18.138905142254963 ], [ 73.591037375078585, 18.139179119880218 ], [ 73.590464252298361, 18.139174923111575 ], [ 73.590462057069772, 18.139448900661112 ], [ 73.589888933553183, 18.139444702119274 ], [ 73.589891129673617, 18.139170724637435 ] ], [ [ 73.597074836651061, 18.136757277684389 ], [ 73.596788278440172, 18.136755188770344 ], [ 73.596790463471109, 18.136481210397488 ], [ 73.597077021236132, 18.136483299277842 ], [ 73.597074836651061, 18.136757277684389 ] ], [ [ 73.594495814146967, 18.136738462110625 ], [ 73.594493625510395, 18.137012440205687 ], [ 73.594207067202234, 18.137010347421057 ], [ 73.594209256284671, 18.136736369359742 ], [ 73.594495814146967, 18.136738462110625 ] ], [ [ 73.590748618886394, 18.139450999292464 ], [ 73.590746424064889, 18.139724976867797 ], [ 73.590459861802316, 18.139722878202608 ], [ 73.590462057069772, 18.139448900661112 ], [ 73.590748618886394, 18.139450999292464 ] ], [ [ 73.596173622247449, 18.141956595938719 ], [ 73.595887055679839, 18.141954505105264 ], [ 73.595889242784182, 18.141680526986345 ], [ 73.596175808905784, 18.141682617786099 ], [ 73.596173622247449, 18.141956595938719 ] ], [ [ 73.595602676701319, 18.141678435760156 ], [ 73.59560486421293, 18.141404457666916 ], [ 73.5958914298498, 18.141406548859393 ], [ 73.595889242784182, 18.141680526986345 ], [ 73.595602676701319, 18.141678435760156 ] ], [ [ 73.594747356345636, 18.141124203530801 ], [ 73.594745167534782, 18.141398181530896 ], [ 73.595031733055407, 18.14140027400267 ], [ 73.595029544651794, 18.141674252028455 ], [ 73.593883281017852, 18.141665879447782 ], [ 73.593885471205482, 18.141391901556986 ], [ 73.593598905839954, 18.141389807379486 ], [ 73.593596715206331, 18.14166378523651 ], [ 73.593310149433577, 18.141661690598813 ], [ 73.593314531554029, 18.141113734944248 ], [ 73.594747356345636, 18.141124203530801 ] ], [ [ 73.593027966712071, 18.141111639947667 ], [ 73.593025775225257, 18.141385617745193 ], [ 73.592739209976131, 18.1413835222884 ], [ 73.592741401908938, 18.141109544524657 ], [ 73.593027966712071, 18.141111639947667 ] ], [ [ 73.590742034305251, 18.140272931994321 ], [ 73.590739839367117, 18.140546909545513 ], [ 73.590453275766691, 18.14054481077881 ], [ 73.590455471150776, 18.14027083326145 ], [ 73.590742034305251, 18.140272931994321 ] ], [ [ 73.594180795188535, 18.140298083529384 ], [ 73.594178605602025, 18.140572061486122 ], [ 73.593892041535653, 18.140569967836324 ], [ 73.593894231568129, 18.140295989913344 ], [ 73.594180795188535, 18.140298083529384 ] ], [ [ 73.596475491527045, 18.140040838872522 ], [ 73.596477677468371, 18.139766860629891 ], [ 73.595904551430152, 18.139762679928708 ], [ 73.595908924980449, 18.139214723554122 ], [ 73.596768611420188, 18.139220993764088 ], [ 73.596770796799433, 18.138947015463629 ], [ 73.597057358577501, 18.138949104647168 ], [ 73.597046433523914, 18.14031899623749 ], [ 73.596759869516106, 18.140316906885502 ], [ 73.596762055050178, 18.14004292861722 ], [ 73.596475491527045, 18.140040838872522 ] ], [ [ 73.591319548706593, 18.139729172919012 ], [ 73.591317354738123, 18.140003150553955 ], [ 73.59103079195188, 18.140001052707714 ], [ 73.591032986366301, 18.139727075106599 ], [ 73.591319548706593, 18.139729172919012 ] ], [ [ 73.595620175709584, 18.139486610788975 ], [ 73.59561798846913, 18.139760588938532 ], [ 73.5950448626633, 18.139756405679002 ], [ 73.595047050795657, 18.139482427596903 ], [ 73.595620175709584, 18.139486610788975 ] ], [ [ 73.593043306033152, 18.13919379513969 ], [ 73.593047688347056, 18.138645839407864 ], [ 73.593334249175427, 18.138647934100447 ], [ 73.59333863044229, 18.13809997826888 ], [ 73.593052070505735, 18.138097883643855 ], [ 73.593054261526845, 18.13782390574978 ], [ 73.593627380546977, 18.137828094505938 ], [ 73.593623000249522, 18.138376050421137 ], [ 73.594482681746015, 18.138382330560354 ], [ 73.594480492876855, 18.138656308607153 ], [ 73.593907370948585, 18.138652122206526 ], [ 73.593905181148799, 18.138926100177773 ], [ 73.593618619796899, 18.138924006304151 ], [ 73.593614239189122, 18.139471962154985 ], [ 73.59332767698416, 18.139469867787454 ], [ 73.593329867753383, 18.139195889899831 ], [ 73.593043306033152, 18.13919379513969 ] ], [ [ 73.59276112755748, 18.13864374428892 ], [ 73.592758935974018, 18.138917722125072 ], [ 73.59247237477733, 18.138915626545973 ], [ 73.592474566806729, 18.138641648743615 ], [ 73.59276112755748, 18.13864374428892 ] ], [ [ 73.595342363591428, 18.138388606862364 ], [ 73.595340176059992, 18.138662585010373 ], [ 73.595053614960193, 18.138660493302329 ], [ 73.595055802937537, 18.138386515188049 ], [ 73.595342363591428, 18.138388606862364 ] ], [ [ 73.594487059368063, 18.137834374442619 ], [ 73.594489248120937, 18.137560396371683 ], [ 73.595062366637066, 18.137564580796944 ], [ 73.595060178775981, 18.137838558935353 ], [ 73.595346738538055, 18.137840650542209 ], [ 73.595344551084111, 18.138114628706305 ], [ 73.594771430706899, 18.138110444998794 ], [ 73.594773619052631, 18.137836466902158 ], [ 73.594487059368063, 18.137834374442619 ] ], [ [ 73.5956398591306, 18.137020807081004 ], [ 73.595637672238752, 18.137294785302956 ], [ 73.595351113329713, 18.137292694189888 ], [ 73.595353300667426, 18.137018716001659 ], [ 73.5956398591306, 18.137020807081004 ] ], [ [ 73.59650172026798, 18.136753099429992 ], [ 73.596497349198273, 18.137301056084173 ], [ 73.596210790173032, 18.1372989662501 ], [ 73.596215162134499, 18.13675100966331 ], [ 73.59650172026798, 18.136753099429992 ] ], [ [ 73.596508276582227, 18.135931164388378 ], [ 73.59650609118286, 18.136205142743623 ], [ 73.596219533941081, 18.136203053044351 ], [ 73.596221719786314, 18.135929074722803 ], [ 73.596508276582227, 18.135931164388378 ] ], [ [ 73.597096680760586, 18.134017493257051 ], [ 73.597383234551913, 18.13401958140798 ], [ 73.597381050760873, 18.134293559920579 ], [ 73.596807942325341, 18.134289383125118 ], [ 73.596812311651902, 18.133741426226603 ], [ 73.597098864958738, 18.133743514770085 ], [ 73.597096680760586, 18.134017493257051 ] ], [ [ 73.596525758383734, 18.133739337256877 ], [ 73.596527943434751, 18.133465358829248 ], [ 73.596814496257124, 18.133467447765284 ], [ 73.596812311651902, 18.133741426226603 ], [ 73.596525758383734, 18.133739337256877 ] ] ], [ [ [ 73.59817303846377, 18.142793154949334 ], [ 73.59817085477286, 18.143067133305557 ], [ 73.598457423434155, 18.143069220862049 ], [ 73.598461789885263, 18.142521264074261 ], [ 73.597602086693598, 18.142515000327315 ], [ 73.59759990214927, 18.142788978624242 ], [ 73.59817303846377, 18.142793154949334 ] ] ] ] } },
{ "type": "Feature", "properties": { "patch_id": 4165, "area_m2": 493713.39690821164, "area_ha_site": 49.371339690821166, "area_km2": 0.49371339690821164, "site_size_class": "Large", "centroid_x": 351321.02371958073, "centroid_y": 2006118.305831125, "area_rank": 8, "village": "Divil", "subdistric": "Poladpur", "vlcode": "555152", "population": 999.0, "multihazard_priority_100": 75.490505983056849, "recommendation_rank": 1, "recommendation_status": "Suitable Candidate", "area_ha": 49.371339690821166, "required_area_ha": 9.99, "estimated_capacity_people": 4937.133969082116, "capacity_ratio": 4.9420760451272434, "distance_km": 16.272614563054859, "site_flood": 43.629325866699219, "site_landslide": 15.431212425231934, "site_slope_deg": 2.1298568248748779, "site_road_dist_m": 1340.3326416015625, "final_feasibility_score": 71.112691966155154, "recommendation_reason": "49.4 ha available; capacity ratio 4.9x; 16.3 km from habitation; flood score 43.6; landslide score 15.4; mean slope 2.1°" }, "geometry": { "type": "MultiPolygon", "coordinates": [ [ [ [ 73.599091652144068, 18.135401994854551 ], [ 73.599093833414912, 18.135128016172182 ], [ 73.598807277608387, 18.135125930444197 ], [ 73.59880509589172, 18.135399909092932 ], [ 73.599091652144068, 18.135401994854551 ] ] ], [ [ [ 73.589891129673617, 18.139170724637435 ], [ 73.588744884890971, 18.13916232257268 ], [ 73.588747082756214, 18.13888834521828 ], [ 73.587314279883387, 18.138877833213474 ], [ 73.587309879654683, 18.139425787575224 ], [ 73.58788300247069, 18.139429993791886 ], [ 73.587880803189762, 18.13970397102851 ], [ 73.588167365102137, 18.139706073531173 ], [ 73.588165166228208, 18.139980050793657 ], [ 73.588738291061659, 18.13998425458761 ], [ 73.588736093040708, 18.140258231909822 ], [ 73.58902265596177, 18.140260333201091 ], [ 73.589020458347861, 18.140534310549146 ], [ 73.589307021753825, 18.140536411447894 ], [ 73.589304824546957, 18.140810388821766 ], [ 73.589877952367544, 18.140814589407768 ], [ 73.589875756013726, 18.141088566841329 ], [ 73.590162320428348, 18.141090666528559 ], [ 73.590164516336188, 18.140816689061147 ], [ 73.590451080343698, 18.140818788288108 ], [ 73.590444493841517, 18.141640720767747 ], [ 73.592163886730702, 18.141653307783624 ], [ 73.592161693828245, 18.141927285463684 ], [ 73.592734825994071, 18.141931477791744 ], [ 73.592732633944806, 18.142205455531343 ], [ 73.594452034049738, 18.142218022483465 ], [ 73.594449844637808, 18.142492000417636 ], [ 73.596742383850099, 18.142508732742204 ], [ 73.596746755498842, 18.141960776326304 ], [ 73.597033322182597, 18.141962865880423 ], [ 73.597028951425898, 18.1425108223637 ], [ 73.597602086693598, 18.142515000327315 ], [ 73.597608640094478, 18.141693065388246 ], [ 73.597322073779338, 18.1416909767207 ], [ 73.597324258614947, 18.141416998425264 ], [ 73.597037692784497, 18.141414909364954 ], [ 73.597035507502895, 18.14168888762671 ], [ 73.59646237506611, 18.141684708159406 ], [ 73.596468933470788, 18.140862773552165 ], [ 73.597328628170061, 18.140869041810255 ], [ 73.597330812889581, 18.140595063490686 ], [ 73.597617377420747, 18.140597152023535 ], [ 73.59761956165562, 18.140323173662242 ], [ 73.597906125779488, 18.140325261735004 ], [ 73.59791267691412, 18.13950332650187 ], [ 73.59819923973879, 18.13950541404725 ], [ 73.598203606076652, 18.138957457117616 ], [ 73.598490168048116, 18.138959544169296 ], [ 73.598494533339462, 18.138411587140187 ], [ 73.598207972259843, 18.13840950015582 ], [ 73.598212338288363, 18.137861543161833 ], [ 73.597352657956947, 18.13785527985257 ], [ 73.597354842250894, 18.137581301444524 ], [ 73.598214521244643, 18.13758756465279 ], [ 73.598218887041199, 18.137039607610554 ], [ 73.598505445891348, 18.13704169442666 ], [ 73.598511992958635, 18.136219758702033 ], [ 73.598798550509841, 18.136221844990875 ], [ 73.59880509589172, 18.135399909092932 ], [ 73.597945427366597, 18.135393649250368 ], [ 73.597943244273779, 18.135667627790099 ], [ 73.597656687730236, 18.135665540289679 ], [ 73.597654504152928, 18.135939518787698 ], [ 73.597941061142308, 18.135941606321786 ], [ 73.597938877972169, 18.136215584845438 ], [ 73.597365763140374, 18.136211409283625 ], [ 73.597363579039865, 18.136485387731881 ], [ 73.597077021236132, 18.136483299277842 ], [ 73.597079205782521, 18.136209320863259 ], [ 73.596792648463335, 18.136207232016595 ], [ 73.596794833416865, 18.135933253627652 ], [ 73.597367947202216, 18.135937430827315 ], [ 73.597372315209824, 18.135389473890566 ], [ 73.597085759189483, 18.135387385571246 ], [ 73.59709012793401, 18.134839428669697 ], [ 73.59737668306272, 18.134841516921657 ], [ 73.59737449915562, 18.135115495410133 ], [ 73.597947610420732, 18.135119670702597 ], [ 73.597954159351133, 18.134297735011021 ], [ 73.598240713704271, 18.134299821916859 ], [ 73.598242896157956, 18.134025843303256 ], [ 73.597669788381921, 18.134021669132654 ], [ 73.597674154956408, 18.133473712015977 ], [ 73.597960707933538, 18.133475799247073 ], [ 73.597967256167934, 18.132653863410752 ], [ 73.597107601364428, 18.132647600741812 ], [ 73.597105417321046, 18.132921579260941 ], [ 73.596818865351494, 18.132919490818516 ], [ 73.59681668082365, 18.133193469295918 ], [ 73.596243576109146, 18.133189291065008 ], [ 73.596241390651073, 18.133463269466979 ], [ 73.59595483790612, 18.133461179678473 ], [ 73.595948279962286, 18.134283114735009 ], [ 73.59623483404458, 18.134285204624632 ], [ 73.596232648431666, 18.134559182994437 ], [ 73.596519202998479, 18.134561272491503 ], [ 73.596517017792635, 18.134835250886962 ], [ 73.596803572843967, 18.134837339991467 ], [ 73.596799203207823, 18.135385296825643 ], [ 73.596226091360592, 18.135381118055584 ], [ 73.596223905592808, 18.135655096393211 ], [ 73.595937349281442, 18.135653006335058 ], [ 73.595935163029111, 18.135926984630935 ], [ 73.595648606310633, 18.135924894112772 ], [ 73.59564423279808, 18.136472850612975 ], [ 73.594211445328355, 18.136462391290376 ], [ 73.594209256284671, 18.136736369359742 ], [ 73.593349582930472, 18.136730088549189 ], [ 73.593347392510424, 18.13700406650922 ], [ 73.593060834357402, 18.137001972019299 ], [ 73.593058643452693, 18.137275949937504 ], [ 73.592772084892616, 18.137273854987477 ], [ 73.592767702074994, 18.137821810732191 ], [ 73.592481142661953, 18.137819715288256 ], [ 73.592478950749026, 18.138093693114755 ], [ 73.591905831147614, 18.138089500880259 ], [ 73.591903638304061, 18.138363478631113 ], [ 73.591617078115718, 18.138361381840532 ], [ 73.591614884787404, 18.138635359549525 ], [ 73.591328324191991, 18.138633262298775 ], [ 73.591326130378917, 18.138907239965906 ], [ 73.591039569376434, 18.138905142254963 ], [ 73.591037375078585, 18.139179119880218 ], [ 73.590464252298361, 18.139174923111575 ], [ 73.590462057069772, 18.139448900661112 ], [ 73.589888933553183, 18.139444702119274 ], [ 73.589891129673617, 18.139170724637435 ] ], [ [ 73.597074836651061, 18.136757277684389 ], [ 73.596788278440172, 18.136755188770344 ], [ 73.596790463471109, 18.136481210397488 ], [ 73.597077021236132, 18.136483299277842 ], [ 73.597074836651061, 18.136757277684389 ] ], [ [ 73.594495814146967, 18.136738462110625 ], [ 73.594493625510395, 18.137012440205687 ], [ 73.594207067202234, 18.137010347421057 ], [ 73.594209256284671, 18.136736369359742 ], [ 73.594495814146967, 18.136738462110625 ] ], [ [ 73.590748618886394, 18.139450999292464 ], [ 73.590746424064889, 18.139724976867797 ], [ 73.590459861802316, 18.139722878202608 ], [ 73.590462057069772, 18.139448900661112 ], [ 73.590748618886394, 18.139450999292464 ] ], [ [ 73.596173622247449, 18.141956595938719 ], [ 73.595887055679839, 18.141954505105264 ], [ 73.595889242784182, 18.141680526986345 ], [ 73.596175808905784, 18.141682617786099 ], [ 73.596173622247449, 18.141956595938719 ] ], [ [ 73.595602676701319, 18.141678435760156 ], [ 73.59560486421293, 18.141404457666916 ], [ 73.5958914298498, 18.141406548859393 ], [ 73.595889242784182, 18.141680526986345 ], [ 73.595602676701319, 18.141678435760156 ] ], [ [ 73.594747356345636, 18.141124203530801 ], [ 73.594745167534782, 18.141398181530896 ], [ 73.595031733055407, 18.14140027400267 ], [ 73.595029544651794, 18.141674252028455 ], [ 73.593883281017852, 18.141665879447782 ], [ 73.593885471205482, 18.141391901556986 ], [ 73.593598905839954, 18.141389807379486 ], [ 73.593596715206331, 18.14166378523651 ], [ 73.593310149433577, 18.141661690598813 ], [ 73.593314531554029, 18.141113734944248 ], [ 73.594747356345636, 18.141124203530801 ] ], [ [ 73.593027966712071, 18.141111639947667 ], [ 73.593025775225257, 18.141385617745193 ], [ 73.592739209976131, 18.1413835222884 ], [ 73.592741401908938, 18.141109544524657 ], [ 73.593027966712071, 18.141111639947667 ] ], [ [ 73.590742034305251, 18.140272931994321 ], [ 73.590739839367117, 18.140546909545513 ], [ 73.590453275766691, 18.14054481077881 ], [ 73.590455471150776, 18.14027083326145 ], [ 73.590742034305251, 18.140272931994321 ] ], [ [ 73.594180795188535, 18.140298083529384 ], [ 73.594178605602025, 18.140572061486122 ], [ 73.593892041535653, 18.140569967836324 ], [ 73.593894231568129, 18.140295989913344 ], [ 73.594180795188535, 18.140298083529384 ] ], [ [ 73.596475491527045, 18.140040838872522 ], [ 73.596477677468371, 18.139766860629891 ], [ 73.595904551430152, 18.139762679928708 ], [ 73.595908924980449, 18.139214723554122 ], [ 73.596768611420188, 18.139220993764088 ], [ 73.596770796799433, 18.138947015463629 ], [ 73.597057358577501, 18.138949104647168 ], [ 73.597046433523914, 18.14031899623749 ], [ 73.596759869516106, 18.140316906885502 ], [ 73.596762055050178, 18.14004292861722 ], [ 73.596475491527045, 18.140040838872522 ] ], [ [ 73.591319548706593, 18.139729172919012 ], [ 73.591317354738123, 18.140003150553955 ], [ 73.59103079195188, 18.140001052707714 ], [ 73.591032986366301, 18.139727075106599 ], [ 73.591319548706593, 18.139729172919012 ] ], [ [ 73.595620175709584, 18.139486610788975 ], [ 73.59561798846913, 18.139760588938532 ], [ 73.5950448626633, 18.139756405679002 ], [ 73.595047050795657, 18.139482427596903 ], [ 73.595620175709584, 18.139486610788975 ] ], [ [ 73.593043306033152, 18.13919379513969 ], [ 73.593047688347056, 18.138645839407864 ], [ 73.593334249175427, 18.138647934100447 ], [ 73.59333863044229, 18.13809997826888 ], [ 73.593052070505735, 18.138097883643855 ], [ 73.593054261526845, 18.13782390574978 ], [ 73.593627380546977, 18.137828094505938 ], [ 73.593623000249522, 18.138376050421137 ], [ 73.594482681746015, 18.138382330560354 ], [ 73.594480492876855, 18.138656308607153 ], [ 73.593907370948585, 18.138652122206526 ], [ 73.593905181148799, 18.138926100177773 ], [ 73.593618619796899, 18.138924006304151 ], [ 73.593614239189122, 18.139471962154985 ], [ 73.59332767698416, 18.139469867787454 ], [ 73.593329867753383, 18.139195889899831 ], [ 73.593043306033152, 18.13919379513969 ] ], [ [ 73.59276112755748, 18.13864374428892 ], [ 73.592758935974018, 18.138917722125072 ], [ 73.59247237477733, 18.138915626545973 ], [ 73.592474566806729, 18.138641648743615 ], [ 73.59276112755748, 18.13864374428892 ] ], [ [ 73.595342363591428, 18.138388606862364 ], [ 73.595340176059992, 18.138662585010373 ], [ 73.595053614960193, 18.138660493302329 ], [ 73.595055802937537, 18.138386515188049 ], [ 73.595342363591428, 18.138388606862364 ] ], [ [ 73.594487059368063, 18.137834374442619 ], [ 73.594489248120937, 18.137560396371683 ], [ 73.595062366637066, 18.137564580796944 ], [ 73.595060178775981, 18.137838558935353 ], [ 73.595346738538055, 18.137840650542209 ], [ 73.595344551084111, 18.138114628706305 ], [ 73.594771430706899, 18.138110444998794 ], [ 73.594773619052631, 18.137836466902158 ], [ 73.594487059368063, 18.137834374442619 ] ], [ [ 73.5956398591306, 18.137020807081004 ], [ 73.595637672238752, 18.137294785302956 ], [ 73.595351113329713, 18.137292694189888 ], [ 73.595353300667426, 18.137018716001659 ], [ 73.5956398591306, 18.137020807081004 ] ], [ [ 73.59650172026798, 18.136753099429992 ], [ 73.596497349198273, 18.137301056084173 ], [ 73.596210790173032, 18.1372989662501 ], [ 73.596215162134499, 18.13675100966331 ], [ 73.59650172026798, 18.136753099429992 ] ], [ [ 73.596508276582227, 18.135931164388378 ], [ 73.59650609118286, 18.136205142743623 ], [ 73.596219533941081, 18.136203053044351 ], [ 73.596221719786314, 18.135929074722803 ], [ 73.596508276582227, 18.135931164388378 ] ], [ [ 73.597096680760586, 18.134017493257051 ], [ 73.597383234551913, 18.13401958140798 ], [ 73.597381050760873, 18.134293559920579 ], [ 73.596807942325341, 18.134289383125118 ], [ 73.596812311651902, 18.133741426226603 ], [ 73.597098864958738, 18.133743514770085 ], [ 73.597096680760586, 18.134017493257051 ] ], [ [ 73.596525758383734, 18.133739337256877 ], [ 73.596527943434751, 18.133465358829248 ], [ 73.596814496257124, 18.133467447765284 ], [ 73.596812311651902, 18.133741426226603 ], [ 73.596525758383734, 18.133739337256877 ] ] ], [ [ [ 73.59817303846377, 18.142793154949334 ], [ 73.59817085477286, 18.143067133305557 ], [ 73.598457423434155, 18.143069220862049 ], [ 73.598461789885263, 18.142521264074261 ], [ 73.597602086693598, 18.142515000327315 ], [ 73.59759990214927, 18.142788978624242 ], [ 73.59817303846377, 18.142793154949334 ] ] ] ] } },
{ "type": "Feature", "properties": { "patch_id": 4165, "area_m2": 493713.39690821164, "area_ha_site": 49.371339690821166, "area_km2": 0.49371339690821164, "site_size_class": "Large", "centroid_x": 351321.02371958073, "centroid_y": 2006118.305831125, "area_rank": 8, "village": "Rupavali", "subdistric": "Mahad", "vlcode": "555037", "population": 812.0, "multihazard_priority_100": 74.367264853946679, "recommendation_rank": 1, "recommendation_status": "Strong Candidate", "area_ha": 49.371339690821166, "required_area_ha": 8.12, "estimated_capacity_people": 4937.133969082116, "capacity_ratio": 6.0802142476380743, "distance_km": 8.675823065006135, "site_flood": 43.629325866699219, "site_landslide": 15.431212425231934, "site_slope_deg": 2.1298568248748779, "site_road_dist_m": 1340.3326416015625, "final_feasibility_score": 77.949804314399003, "recommendation_reason": "49.4 ha available; capacity ratio 6.1x; 8.7 km from habitation; flood score 43.6; landslide score 15.4; mean slope 2.1°" }, "geometry": { "type": "MultiPolygon", "coordinates": [ [ [ [ 73.599091652144068, 18.135401994854551 ], [ 73.599093833414912, 18.135128016172182 ], [ 73.598807277608387, 18.135125930444197 ], [ 73.59880509589172, 18.135399909092932 ], [ 73.599091652144068, 18.135401994854551 ] ] ], [ [ [ 73.589891129673617, 18.139170724637435 ], [ 73.588744884890971, 18.13916232257268 ], [ 73.588747082756214, 18.13888834521828 ], [ 73.587314279883387, 18.138877833213474 ], [ 73.587309879654683, 18.139425787575224 ], [ 73.58788300247069, 18.139429993791886 ], [ 73.587880803189762, 18.13970397102851 ], [ 73.588167365102137, 18.139706073531173 ], [ 73.588165166228208, 18.139980050793657 ], [ 73.588738291061659, 18.13998425458761 ], [ 73.588736093040708, 18.140258231909822 ], [ 73.58902265596177, 18.140260333201091 ], [ 73.589020458347861, 18.140534310549146 ], [ 73.589307021753825, 18.140536411447894 ], [ 73.589304824546957, 18.140810388821766 ], [ 73.589877952367544, 18.140814589407768 ], [ 73.589875756013726, 18.141088566841329 ], [ 73.590162320428348, 18.141090666528559 ], [ 73.590164516336188, 18.140816689061147 ], [ 73.590451080343698, 18.140818788288108 ], [ 73.590444493841517, 18.141640720767747 ], [ 73.592163886730702, 18.141653307783624 ], [ 73.592161693828245, 18.141927285463684 ], [ 73.592734825994071, 18.141931477791744 ], [ 73.592732633944806, 18.142205455531343 ], [ 73.594452034049738, 18.142218022483465 ], [ 73.594449844637808, 18.142492000417636 ], [ 73.596742383850099, 18.142508732742204 ], [ 73.596746755498842, 18.141960776326304 ], [ 73.597033322182597, 18.141962865880423 ], [ 73.597028951425898, 18.1425108223637 ], [ 73.597602086693598, 18.142515000327315 ], [ 73.597608640094478, 18.141693065388246 ], [ 73.597322073779338, 18.1416909767207 ], [ 73.597324258614947, 18.141416998425264 ], [ 73.597037692784497, 18.141414909364954 ], [ 73.597035507502895, 18.14168888762671 ], [ 73.59646237506611, 18.141684708159406 ], [ 73.596468933470788, 18.140862773552165 ], [ 73.597328628170061, 18.140869041810255 ], [ 73.597330812889581, 18.140595063490686 ], [ 73.597617377420747, 18.140597152023535 ], [ 73.59761956165562, 18.140323173662242 ], [ 73.597906125779488, 18.140325261735004 ], [ 73.59791267691412, 18.13950332650187 ], [ 73.59819923973879, 18.13950541404725 ], [ 73.598203606076652, 18.138957457117616 ], [ 73.598490168048116, 18.138959544169296 ], [ 73.598494533339462, 18.138411587140187 ], [ 73.598207972259843, 18.13840950015582 ], [ 73.598212338288363, 18.137861543161833 ], [ 73.597352657956947, 18.13785527985257 ], [ 73.597354842250894, 18.137581301444524 ], [ 73.598214521244643, 18.13758756465279 ], [ 73.598218887041199, 18.137039607610554 ], [ 73.598505445891348, 18.13704169442666 ], [ 73.598511992958635, 18.136219758702033 ], [ 73.598798550509841, 18.136221844990875 ], [ 73.59880509589172, 18.135399909092932 ], [ 73.597945427366597, 18.135393649250368 ], [ 73.597943244273779, 18.135667627790099 ], [ 73.597656687730236, 18.135665540289679 ], [ 73.597654504152928, 18.135939518787698 ], [ 73.597941061142308, 18.135941606321786 ], [ 73.597938877972169, 18.136215584845438 ], [ 73.597365763140374, 18.136211409283625 ], [ 73.597363579039865, 18.136485387731881 ], [ 73.597077021236132, 18.136483299277842 ], [ 73.597079205782521, 18.136209320863259 ], [ 73.596792648463335, 18.136207232016595 ], [ 73.596794833416865, 18.135933253627652 ], [ 73.597367947202216, 18.135937430827315 ], [ 73.597372315209824, 18.135389473890566 ], [ 73.597085759189483, 18.135387385571246 ], [ 73.59709012793401, 18.134839428669697 ], [ 73.59737668306272, 18.134841516921657 ], [ 73.59737449915562, 18.135115495410133 ], [ 73.597947610420732, 18.135119670702597 ], [ 73.597954159351133, 18.134297735011021 ], [ 73.598240713704271, 18.134299821916859 ], [ 73.598242896157956, 18.134025843303256 ], [ 73.597669788381921, 18.134021669132654 ], [ 73.597674154956408, 18.133473712015977 ], [ 73.597960707933538, 18.133475799247073 ], [ 73.597967256167934, 18.132653863410752 ], [ 73.597107601364428, 18.132647600741812 ], [ 73.597105417321046, 18.132921579260941 ], [ 73.596818865351494, 18.132919490818516 ], [ 73.59681668082365, 18.133193469295918 ], [ 73.596243576109146, 18.133189291065008 ], [ 73.596241390651073, 18.133463269466979 ], [ 73.59595483790612, 18.133461179678473 ], [ 73.595948279962286, 18.134283114735009 ], [ 73.59623483404458, 18.134285204624632 ], [ 73.596232648431666, 18.134559182994437 ], [ 73.596519202998479, 18.134561272491503 ], [ 73.596517017792635, 18.134835250886962 ], [ 73.596803572843967, 18.134837339991467 ], [ 73.596799203207823, 18.135385296825643 ], [ 73.596226091360592, 18.135381118055584 ], [ 73.596223905592808, 18.135655096393211 ], [ 73.595937349281442, 18.135653006335058 ], [ 73.595935163029111, 18.135926984630935 ], [ 73.595648606310633, 18.135924894112772 ], [ 73.59564423279808, 18.136472850612975 ], [ 73.594211445328355, 18.136462391290376 ], [ 73.594209256284671, 18.136736369359742 ], [ 73.593349582930472, 18.136730088549189 ], [ 73.593347392510424, 18.13700406650922 ], [ 73.593060834357402, 18.137001972019299 ], [ 73.593058643452693, 18.137275949937504 ], [ 73.592772084892616, 18.137273854987477 ], [ 73.592767702074994, 18.137821810732191 ], [ 73.592481142661953, 18.137819715288256 ], [ 73.592478950749026, 18.138093693114755 ], [ 73.591905831147614, 18.138089500880259 ], [ 73.591903638304061, 18.138363478631113 ], [ 73.591617078115718, 18.138361381840532 ], [ 73.591614884787404, 18.138635359549525 ], [ 73.591328324191991, 18.138633262298775 ], [ 73.591326130378917, 18.138907239965906 ], [ 73.591039569376434, 18.138905142254963 ], [ 73.591037375078585, 18.139179119880218 ], [ 73.590464252298361, 18.139174923111575 ], [ 73.590462057069772, 18.139448900661112 ], [ 73.589888933553183, 18.139444702119274 ], [ 73.589891129673617, 18.139170724637435 ] ], [ [ 73.597074836651061, 18.136757277684389 ], [ 73.596788278440172, 18.136755188770344 ], [ 73.596790463471109, 18.136481210397488 ], [ 73.597077021236132, 18.136483299277842 ], [ 73.597074836651061, 18.136757277684389 ] ], [ [ 73.594495814146967, 18.136738462110625 ], [ 73.594493625510395, 18.137012440205687 ], [ 73.594207067202234, 18.137010347421057 ], [ 73.594209256284671, 18.136736369359742 ], [ 73.594495814146967, 18.136738462110625 ] ], [ [ 73.590748618886394, 18.139450999292464 ], [ 73.590746424064889, 18.139724976867797 ], [ 73.590459861802316, 18.139722878202608 ], [ 73.590462057069772, 18.139448900661112 ], [ 73.590748618886394, 18.139450999292464 ] ], [ [ 73.596173622247449, 18.141956595938719 ], [ 73.595887055679839, 18.141954505105264 ], [ 73.595889242784182, 18.141680526986345 ], [ 73.596175808905784, 18.141682617786099 ], [ 73.596173622247449, 18.141956595938719 ] ], [ [ 73.595602676701319, 18.141678435760156 ], [ 73.59560486421293, 18.141404457666916 ], [ 73.5958914298498, 18.141406548859393 ], [ 73.595889242784182, 18.141680526986345 ], [ 73.595602676701319, 18.141678435760156 ] ], [ [ 73.594747356345636, 18.141124203530801 ], [ 73.594745167534782, 18.141398181530896 ], [ 73.595031733055407, 18.14140027400267 ], [ 73.595029544651794, 18.141674252028455 ], [ 73.593883281017852, 18.141665879447782 ], [ 73.593885471205482, 18.141391901556986 ], [ 73.593598905839954, 18.141389807379486 ], [ 73.593596715206331, 18.14166378523651 ], [ 73.593310149433577, 18.141661690598813 ], [ 73.593314531554029, 18.141113734944248 ], [ 73.594747356345636, 18.141124203530801 ] ], [ [ 73.593027966712071, 18.141111639947667 ], [ 73.593025775225257, 18.141385617745193 ], [ 73.592739209976131, 18.1413835222884 ], [ 73.592741401908938, 18.141109544524657 ], [ 73.593027966712071, 18.141111639947667 ] ], [ [ 73.590742034305251, 18.140272931994321 ], [ 73.590739839367117, 18.140546909545513 ], [ 73.590453275766691, 18.14054481077881 ], [ 73.590455471150776, 18.14027083326145 ], [ 73.590742034305251, 18.140272931994321 ] ], [ [ 73.594180795188535, 18.140298083529384 ], [ 73.594178605602025, 18.140572061486122 ], [ 73.593892041535653, 18.140569967836324 ], [ 73.593894231568129, 18.140295989913344 ], [ 73.594180795188535, 18.140298083529384 ] ], [ [ 73.596475491527045, 18.140040838872522 ], [ 73.596477677468371, 18.139766860629891 ], [ 73.595904551430152, 18.139762679928708 ], [ 73.595908924980449, 18.139214723554122 ], [ 73.596768611420188, 18.139220993764088 ], [ 73.596770796799433, 18.138947015463629 ], [ 73.597057358577501, 18.138949104647168 ], [ 73.597046433523914, 18.14031899623749 ], [ 73.596759869516106, 18.140316906885502 ], [ 73.596762055050178, 18.14004292861722 ], [ 73.596475491527045, 18.140040838872522 ] ], [ [ 73.591319548706593, 18.139729172919012 ], [ 73.591317354738123, 18.140003150553955 ], [ 73.59103079195188, 18.140001052707714 ], [ 73.591032986366301, 18.139727075106599 ], [ 73.591319548706593, 18.139729172919012 ] ], [ [ 73.595620175709584, 18.139486610788975 ], [ 73.59561798846913, 18.139760588938532 ], [ 73.5950448626633, 18.139756405679002 ], [ 73.595047050795657, 18.139482427596903 ], [ 73.595620175709584, 18.139486610788975 ] ], [ [ 73.593043306033152, 18.13919379513969 ], [ 73.593047688347056, 18.138645839407864 ], [ 73.593334249175427, 18.138647934100447 ], [ 73.59333863044229, 18.13809997826888 ], [ 73.593052070505735, 18.138097883643855 ], [ 73.593054261526845, 18.13782390574978 ], [ 73.593627380546977, 18.137828094505938 ], [ 73.593623000249522, 18.138376050421137 ], [ 73.594482681746015, 18.138382330560354 ], [ 73.594480492876855, 18.138656308607153 ], [ 73.593907370948585, 18.138652122206526 ], [ 73.593905181148799, 18.138926100177773 ], [ 73.593618619796899, 18.138924006304151 ], [ 73.593614239189122, 18.139471962154985 ], [ 73.59332767698416, 18.139469867787454 ], [ 73.593329867753383, 18.139195889899831 ], [ 73.593043306033152, 18.13919379513969 ] ], [ [ 73.59276112755748, 18.13864374428892 ], [ 73.592758935974018, 18.138917722125072 ], [ 73.59247237477733, 18.138915626545973 ], [ 73.592474566806729, 18.138641648743615 ], [ 73.59276112755748, 18.13864374428892 ] ], [ [ 73.595342363591428, 18.138388606862364 ], [ 73.595340176059992, 18.138662585010373 ], [ 73.595053614960193, 18.138660493302329 ], [ 73.595055802937537, 18.138386515188049 ], [ 73.595342363591428, 18.138388606862364 ] ], [ [ 73.594487059368063, 18.137834374442619 ], [ 73.594489248120937, 18.137560396371683 ], [ 73.595062366637066, 18.137564580796944 ], [ 73.595060178775981, 18.137838558935353 ], [ 73.595346738538055, 18.137840650542209 ], [ 73.595344551084111, 18.138114628706305 ], [ 73.594771430706899, 18.138110444998794 ], [ 73.594773619052631, 18.137836466902158 ], [ 73.594487059368063, 18.137834374442619 ] ], [ [ 73.5956398591306, 18.137020807081004 ], [ 73.595637672238752, 18.137294785302956 ], [ 73.595351113329713, 18.137292694189888 ], [ 73.595353300667426, 18.137018716001659 ], [ 73.5956398591306, 18.137020807081004 ] ], [ [ 73.59650172026798, 18.136753099429992 ], [ 73.596497349198273, 18.137301056084173 ], [ 73.596210790173032, 18.1372989662501 ], [ 73.596215162134499, 18.13675100966331 ], [ 73.59650172026798, 18.136753099429992 ] ], [ [ 73.596508276582227, 18.135931164388378 ], [ 73.59650609118286, 18.136205142743623 ], [ 73.596219533941081, 18.136203053044351 ], [ 73.596221719786314, 18.135929074722803 ], [ 73.596508276582227, 18.135931164388378 ] ], [ [ 73.597096680760586, 18.134017493257051 ], [ 73.597383234551913, 18.13401958140798 ], [ 73.597381050760873, 18.134293559920579 ], [ 73.596807942325341, 18.134289383125118 ], [ 73.596812311651902, 18.133741426226603 ], [ 73.597098864958738, 18.133743514770085 ], [ 73.597096680760586, 18.134017493257051 ] ], [ [ 73.596525758383734, 18.133739337256877 ], [ 73.596527943434751, 18.133465358829248 ], [ 73.596814496257124, 18.133467447765284 ], [ 73.596812311651902, 18.133741426226603 ], [ 73.596525758383734, 18.133739337256877 ] ] ], [ [ [ 73.59817303846377, 18.142793154949334 ], [ 73.59817085477286, 18.143067133305557 ], [ 73.598457423434155, 18.143069220862049 ], [ 73.598461789885263, 18.142521264074261 ], [ 73.597602086693598, 18.142515000327315 ], [ 73.59759990214927, 18.142788978624242 ], [ 73.59817303846377, 18.142793154949334 ] ] ] ] } },
{ "type": "Feature", "properties": { "patch_id": 4165, "area_m2": 493713.39690821164, "area_ha_site": 49.371339690821166, "area_km2": 0.49371339690821164, "site_size_class": "Large", "centroid_x": 351321.02371958073, "centroid_y": 2006118.305831125, "area_rank": 8, "village": "Bhivghar", "subdistric": "Mahad", "vlcode": "555044", "population": 444.0, "multihazard_priority_100": 73.851053314222398, "recommendation_rank": 1, "recommendation_status": "Strong Candidate", "area_ha": 49.371339690821166, "required_area_ha": 4.44, "estimated_capacity_people": 4937.133969082116, "capacity_ratio": 11.119671101536298, "distance_km": 10.429334861384714, "site_flood": 43.629325866699219, "site_landslide": 15.431212425231934, "site_slope_deg": 2.1298568248748779, "site_road_dist_m": 1340.3326416015625, "final_feasibility_score": 76.371643697658271, "recommendation_reason": "49.4 ha available; capacity ratio 11.1x; 10.4 km from habitation; flood score 43.6; landslide score 15.4; mean slope 2.1°" }, "geometry": { "type": "MultiPolygon", "coordinates": [ [ [ [ 73.599091652144068, 18.135401994854551 ], [ 73.599093833414912, 18.135128016172182 ], [ 73.598807277608387, 18.135125930444197 ], [ 73.59880509589172, 18.135399909092932 ], [ 73.599091652144068, 18.135401994854551 ] ] ], [ [ [ 73.589891129673617, 18.139170724637435 ], [ 73.588744884890971, 18.13916232257268 ], [ 73.588747082756214, 18.13888834521828 ], [ 73.587314279883387, 18.138877833213474 ], [ 73.587309879654683, 18.139425787575224 ], [ 73.58788300247069, 18.139429993791886 ], [ 73.587880803189762, 18.13970397102851 ], [ 73.588167365102137, 18.139706073531173 ], [ 73.588165166228208, 18.139980050793657 ], [ 73.588738291061659, 18.13998425458761 ], [ 73.588736093040708, 18.140258231909822 ], [ 73.58902265596177, 18.140260333201091 ], [ 73.589020458347861, 18.140534310549146 ], [ 73.589307021753825, 18.140536411447894 ], [ 73.589304824546957, 18.140810388821766 ], [ 73.589877952367544, 18.140814589407768 ], [ 73.589875756013726, 18.141088566841329 ], [ 73.590162320428348, 18.141090666528559 ], [ 73.590164516336188, 18.140816689061147 ], [ 73.590451080343698, 18.140818788288108 ], [ 73.590444493841517, 18.141640720767747 ], [ 73.592163886730702, 18.141653307783624 ], [ 73.592161693828245, 18.141927285463684 ], [ 73.592734825994071, 18.141931477791744 ], [ 73.592732633944806, 18.142205455531343 ], [ 73.594452034049738, 18.142218022483465 ], [ 73.594449844637808, 18.142492000417636 ], [ 73.596742383850099, 18.142508732742204 ], [ 73.596746755498842, 18.141960776326304 ], [ 73.597033322182597, 18.141962865880423 ], [ 73.597028951425898, 18.1425108223637 ], [ 73.597602086693598, 18.142515000327315 ], [ 73.597608640094478, 18.141693065388246 ], [ 73.597322073779338, 18.1416909767207 ], [ 73.597324258614947, 18.141416998425264 ], [ 73.597037692784497, 18.141414909364954 ], [ 73.597035507502895, 18.14168888762671 ], [ 73.59646237506611, 18.141684708159406 ], [ 73.596468933470788, 18.140862773552165 ], [ 73.597328628170061, 18.140869041810255 ], [ 73.597330812889581, 18.140595063490686 ], [ 73.597617377420747, 18.140597152023535 ], [ 73.59761956165562, 18.140323173662242 ], [ 73.597906125779488, 18.140325261735004 ], [ 73.59791267691412, 18.13950332650187 ], [ 73.59819923973879, 18.13950541404725 ], [ 73.598203606076652, 18.138957457117616 ], [ 73.598490168048116, 18.138959544169296 ], [ 73.598494533339462, 18.138411587140187 ], [ 73.598207972259843, 18.13840950015582 ], [ 73.598212338288363, 18.137861543161833 ], [ 73.597352657956947, 18.13785527985257 ], [ 73.597354842250894, 18.137581301444524 ], [ 73.598214521244643, 18.13758756465279 ], [ 73.598218887041199, 18.137039607610554 ], [ 73.598505445891348, 18.13704169442666 ], [ 73.598511992958635, 18.136219758702033 ], [ 73.598798550509841, 18.136221844990875 ], [ 73.59880509589172, 18.135399909092932 ], [ 73.597945427366597, 18.135393649250368 ], [ 73.597943244273779, 18.135667627790099 ], [ 73.597656687730236, 18.135665540289679 ], [ 73.597654504152928, 18.135939518787698 ], [ 73.597941061142308, 18.135941606321786 ], [ 73.597938877972169, 18.136215584845438 ], [ 73.597365763140374, 18.136211409283625 ], [ 73.597363579039865, 18.136485387731881 ], [ 73.597077021236132, 18.136483299277842 ], [ 73.597079205782521, 18.136209320863259 ], [ 73.596792648463335, 18.136207232016595 ], [ 73.596794833416865, 18.135933253627652 ], [ 73.597367947202216, 18.135937430827315 ], [ 73.597372315209824, 18.135389473890566 ], [ 73.597085759189483, 18.135387385571246 ], [ 73.59709012793401, 18.134839428669697 ], [ 73.59737668306272, 18.134841516921657 ], [ 73.59737449915562, 18.135115495410133 ], [ 73.597947610420732, 18.135119670702597 ], [ 73.597954159351133, 18.134297735011021 ], [ 73.598240713704271, 18.134299821916859 ], [ 73.598242896157956, 18.134025843303256 ], [ 73.597669788381921, 18.134021669132654 ], [ 73.597674154956408, 18.133473712015977 ], [ 73.597960707933538, 18.133475799247073 ], [ 73.597967256167934, 18.132653863410752 ], [ 73.597107601364428, 18.132647600741812 ], [ 73.597105417321046, 18.132921579260941 ], [ 73.596818865351494, 18.132919490818516 ], [ 73.59681668082365, 18.133193469295918 ], [ 73.596243576109146, 18.133189291065008 ], [ 73.596241390651073, 18.133463269466979 ], [ 73.59595483790612, 18.133461179678473 ], [ 73.595948279962286, 18.134283114735009 ], [ 73.59623483404458, 18.134285204624632 ], [ 73.596232648431666, 18.134559182994437 ], [ 73.596519202998479, 18.134561272491503 ], [ 73.596517017792635, 18.134835250886962 ], [ 73.596803572843967, 18.134837339991467 ], [ 73.596799203207823, 18.135385296825643 ], [ 73.596226091360592, 18.135381118055584 ], [ 73.596223905592808, 18.135655096393211 ], [ 73.595937349281442, 18.135653006335058 ], [ 73.595935163029111, 18.135926984630935 ], [ 73.595648606310633, 18.135924894112772 ], [ 73.59564423279808, 18.136472850612975 ], [ 73.594211445328355, 18.136462391290376 ], [ 73.594209256284671, 18.136736369359742 ], [ 73.593349582930472, 18.136730088549189 ], [ 73.593347392510424, 18.13700406650922 ], [ 73.593060834357402, 18.137001972019299 ], [ 73.593058643452693, 18.137275949937504 ], [ 73.592772084892616, 18.137273854987477 ], [ 73.592767702074994, 18.137821810732191 ], [ 73.592481142661953, 18.137819715288256 ], [ 73.592478950749026, 18.138093693114755 ], [ 73.591905831147614, 18.138089500880259 ], [ 73.591903638304061, 18.138363478631113 ], [ 73.591617078115718, 18.138361381840532 ], [ 73.591614884787404, 18.138635359549525 ], [ 73.591328324191991, 18.138633262298775 ], [ 73.591326130378917, 18.138907239965906 ], [ 73.591039569376434, 18.138905142254963 ], [ 73.591037375078585, 18.139179119880218 ], [ 73.590464252298361, 18.139174923111575 ], [ 73.590462057069772, 18.139448900661112 ], [ 73.589888933553183, 18.139444702119274 ], [ 73.589891129673617, 18.139170724637435 ] ], [ [ 73.597074836651061, 18.136757277684389 ], [ 73.596788278440172, 18.136755188770344 ], [ 73.596790463471109, 18.136481210397488 ], [ 73.597077021236132, 18.136483299277842 ], [ 73.597074836651061, 18.136757277684389 ] ], [ [ 73.594495814146967, 18.136738462110625 ], [ 73.594493625510395, 18.137012440205687 ], [ 73.594207067202234, 18.137010347421057 ], [ 73.594209256284671, 18.136736369359742 ], [ 73.594495814146967, 18.136738462110625 ] ], [ [ 73.590748618886394, 18.139450999292464 ], [ 73.590746424064889, 18.139724976867797 ], [ 73.590459861802316, 18.139722878202608 ], [ 73.590462057069772, 18.139448900661112 ], [ 73.590748618886394, 18.139450999292464 ] ], [ [ 73.596173622247449, 18.141956595938719 ], [ 73.595887055679839, 18.141954505105264 ], [ 73.595889242784182, 18.141680526986345 ], [ 73.596175808905784, 18.141682617786099 ], [ 73.596173622247449, 18.141956595938719 ] ], [ [ 73.595602676701319, 18.141678435760156 ], [ 73.59560486421293, 18.141404457666916 ], [ 73.5958914298498, 18.141406548859393 ], [ 73.595889242784182, 18.141680526986345 ], [ 73.595602676701319, 18.141678435760156 ] ], [ [ 73.594747356345636, 18.141124203530801 ], [ 73.594745167534782, 18.141398181530896 ], [ 73.595031733055407, 18.14140027400267 ], [ 73.595029544651794, 18.141674252028455 ], [ 73.593883281017852, 18.141665879447782 ], [ 73.593885471205482, 18.141391901556986 ], [ 73.593598905839954, 18.141389807379486 ], [ 73.593596715206331, 18.14166378523651 ], [ 73.593310149433577, 18.141661690598813 ], [ 73.593314531554029, 18.141113734944248 ], [ 73.594747356345636, 18.141124203530801 ] ], [ [ 73.593027966712071, 18.141111639947667 ], [ 73.593025775225257, 18.141385617745193 ], [ 73.592739209976131, 18.1413835222884 ], [ 73.592741401908938, 18.141109544524657 ], [ 73.593027966712071, 18.141111639947667 ] ], [ [ 73.590742034305251, 18.140272931994321 ], [ 73.590739839367117, 18.140546909545513 ], [ 73.590453275766691, 18.14054481077881 ], [ 73.590455471150776, 18.14027083326145 ], [ 73.590742034305251, 18.140272931994321 ] ], [ [ 73.594180795188535, 18.140298083529384 ], [ 73.594178605602025, 18.140572061486122 ], [ 73.593892041535653, 18.140569967836324 ], [ 73.593894231568129, 18.140295989913344 ], [ 73.594180795188535, 18.140298083529384 ] ], [ [ 73.596475491527045, 18.140040838872522 ], [ 73.596477677468371, 18.139766860629891 ], [ 73.595904551430152, 18.139762679928708 ], [ 73.595908924980449, 18.139214723554122 ], [ 73.596768611420188, 18.139220993764088 ], [ 73.596770796799433, 18.138947015463629 ], [ 73.597057358577501, 18.138949104647168 ], [ 73.597046433523914, 18.14031899623749 ], [ 73.596759869516106, 18.140316906885502 ], [ 73.596762055050178, 18.14004292861722 ], [ 73.596475491527045, 18.140040838872522 ] ], [ [ 73.591319548706593, 18.139729172919012 ], [ 73.591317354738123, 18.140003150553955 ], [ 73.59103079195188, 18.140001052707714 ], [ 73.591032986366301, 18.139727075106599 ], [ 73.591319548706593, 18.139729172919012 ] ], [ [ 73.595620175709584, 18.139486610788975 ], [ 73.59561798846913, 18.139760588938532 ], [ 73.5950448626633, 18.139756405679002 ], [ 73.595047050795657, 18.139482427596903 ], [ 73.595620175709584, 18.139486610788975 ] ], [ [ 73.593043306033152, 18.13919379513969 ], [ 73.593047688347056, 18.138645839407864 ], [ 73.593334249175427, 18.138647934100447 ], [ 73.59333863044229, 18.13809997826888 ], [ 73.593052070505735, 18.138097883643855 ], [ 73.593054261526845, 18.13782390574978 ], [ 73.593627380546977, 18.137828094505938 ], [ 73.593623000249522, 18.138376050421137 ], [ 73.594482681746015, 18.138382330560354 ], [ 73.594480492876855, 18.138656308607153 ], [ 73.593907370948585, 18.138652122206526 ], [ 73.593905181148799, 18.138926100177773 ], [ 73.593618619796899, 18.138924006304151 ], [ 73.593614239189122, 18.139471962154985 ], [ 73.59332767698416, 18.139469867787454 ], [ 73.593329867753383, 18.139195889899831 ], [ 73.593043306033152, 18.13919379513969 ] ], [ [ 73.59276112755748, 18.13864374428892 ], [ 73.592758935974018, 18.138917722125072 ], [ 73.59247237477733, 18.138915626545973 ], [ 73.592474566806729, 18.138641648743615 ], [ 73.59276112755748, 18.13864374428892 ] ], [ [ 73.595342363591428, 18.138388606862364 ], [ 73.595340176059992, 18.138662585010373 ], [ 73.595053614960193, 18.138660493302329 ], [ 73.595055802937537, 18.138386515188049 ], [ 73.595342363591428, 18.138388606862364 ] ], [ [ 73.594487059368063, 18.137834374442619 ], [ 73.594489248120937, 18.137560396371683 ], [ 73.595062366637066, 18.137564580796944 ], [ 73.595060178775981, 18.137838558935353 ], [ 73.595346738538055, 18.137840650542209 ], [ 73.595344551084111, 18.138114628706305 ], [ 73.594771430706899, 18.138110444998794 ], [ 73.594773619052631, 18.137836466902158 ], [ 73.594487059368063, 18.137834374442619 ] ], [ [ 73.5956398591306, 18.137020807081004 ], [ 73.595637672238752, 18.137294785302956 ], [ 73.595351113329713, 18.137292694189888 ], [ 73.595353300667426, 18.137018716001659 ], [ 73.5956398591306, 18.137020807081004 ] ], [ [ 73.59650172026798, 18.136753099429992 ], [ 73.596497349198273, 18.137301056084173 ], [ 73.596210790173032, 18.1372989662501 ], [ 73.596215162134499, 18.13675100966331 ], [ 73.59650172026798, 18.136753099429992 ] ], [ [ 73.596508276582227, 18.135931164388378 ], [ 73.59650609118286, 18.136205142743623 ], [ 73.596219533941081, 18.136203053044351 ], [ 73.596221719786314, 18.135929074722803 ], [ 73.596508276582227, 18.135931164388378 ] ], [ [ 73.597096680760586, 18.134017493257051 ], [ 73.597383234551913, 18.13401958140798 ], [ 73.597381050760873, 18.134293559920579 ], [ 73.596807942325341, 18.134289383125118 ], [ 73.596812311651902, 18.133741426226603 ], [ 73.597098864958738, 18.133743514770085 ], [ 73.597096680760586, 18.134017493257051 ] ], [ [ 73.596525758383734, 18.133739337256877 ], [ 73.596527943434751, 18.133465358829248 ], [ 73.596814496257124, 18.133467447765284 ], [ 73.596812311651902, 18.133741426226603 ], [ 73.596525758383734, 18.133739337256877 ] ] ], [ [ [ 73.59817303846377, 18.142793154949334 ], [ 73.59817085477286, 18.143067133305557 ], [ 73.598457423434155, 18.143069220862049 ], [ 73.598461789885263, 18.142521264074261 ], [ 73.597602086693598, 18.142515000327315 ], [ 73.59759990214927, 18.142788978624242 ], [ 73.59817303846377, 18.142793154949334 ] ] ] ] } },
{ "type": "Feature", "properties": { "patch_id": 4165, "area_m2": 493713.39690821164, "area_ha_site": 49.371339690821166, "area_km2": 0.49371339690821164, "site_size_class": "Large", "centroid_x": 351321.02371958073, "centroid_y": 2006118.305831125, "area_rank": 8, "village": "Matwan", "subdistric": "Poladpur", "vlcode": "555144", "population": 944.0, "multihazard_priority_100": 73.474530700099663, "recommendation_rank": 1, "recommendation_status": "Strong Candidate", "area_ha": 49.371339690821166, "required_area_ha": 9.44, "estimated_capacity_people": 4937.133969082116, "capacity_ratio": 5.2300147977564784, "distance_km": 12.371855162297246, "site_flood": 43.629325866699219, "site_landslide": 15.431212425231934, "site_slope_deg": 2.1298568248748779, "site_road_dist_m": 1340.3326416015625, "final_feasibility_score": 74.623375426837001, "recommendation_reason": "49.4 ha available; capacity ratio 5.2x; 12.4 km from habitation; flood score 43.6; landslide score 15.4; mean slope 2.1°" }, "geometry": { "type": "MultiPolygon", "coordinates": [ [ [ [ 73.599091652144068, 18.135401994854551 ], [ 73.599093833414912, 18.135128016172182 ], [ 73.598807277608387, 18.135125930444197 ], [ 73.59880509589172, 18.135399909092932 ], [ 73.599091652144068, 18.135401994854551 ] ] ], [ [ [ 73.589891129673617, 18.139170724637435 ], [ 73.588744884890971, 18.13916232257268 ], [ 73.588747082756214, 18.13888834521828 ], [ 73.587314279883387, 18.138877833213474 ], [ 73.587309879654683, 18.139425787575224 ], [ 73.58788300247069, 18.139429993791886 ], [ 73.587880803189762, 18.13970397102851 ], [ 73.588167365102137, 18.139706073531173 ], [ 73.588165166228208, 18.139980050793657 ], [ 73.588738291061659, 18.13998425458761 ], [ 73.588736093040708, 18.140258231909822 ], [ 73.58902265596177, 18.140260333201091 ], [ 73.589020458347861, 18.140534310549146 ], [ 73.589307021753825, 18.140536411447894 ], [ 73.589304824546957, 18.140810388821766 ], [ 73.589877952367544, 18.140814589407768 ], [ 73.589875756013726, 18.141088566841329 ], [ 73.590162320428348, 18.141090666528559 ], [ 73.590164516336188, 18.140816689061147 ], [ 73.590451080343698, 18.140818788288108 ], [ 73.590444493841517, 18.141640720767747 ], [ 73.592163886730702, 18.141653307783624 ], [ 73.592161693828245, 18.141927285463684 ], [ 73.592734825994071, 18.141931477791744 ], [ 73.592732633944806, 18.142205455531343 ], [ 73.594452034049738, 18.142218022483465 ], [ 73.594449844637808, 18.142492000417636 ], [ 73.596742383850099, 18.142508732742204 ], [ 73.596746755498842, 18.141960776326304 ], [ 73.597033322182597, 18.141962865880423 ], [ 73.597028951425898, 18.1425108223637 ], [ 73.597602086693598, 18.142515000327315 ], [ 73.597608640094478, 18.141693065388246 ], [ 73.597322073779338, 18.1416909767207 ], [ 73.597324258614947, 18.141416998425264 ], [ 73.597037692784497, 18.141414909364954 ], [ 73.597035507502895, 18.14168888762671 ], [ 73.59646237506611, 18.141684708159406 ], [ 73.596468933470788, 18.140862773552165 ], [ 73.597328628170061, 18.140869041810255 ], [ 73.597330812889581, 18.140595063490686 ], [ 73.597617377420747, 18.140597152023535 ], [ 73.59761956165562, 18.140323173662242 ], [ 73.597906125779488, 18.140325261735004 ], [ 73.59791267691412, 18.13950332650187 ], [ 73.59819923973879, 18.13950541404725 ], [ 73.598203606076652, 18.138957457117616 ], [ 73.598490168048116, 18.138959544169296 ], [ 73.598494533339462, 18.138411587140187 ], [ 73.598207972259843, 18.13840950015582 ], [ 73.598212338288363, 18.137861543161833 ], [ 73.597352657956947, 18.13785527985257 ], [ 73.597354842250894, 18.137581301444524 ], [ 73.598214521244643, 18.13758756465279 ], [ 73.598218887041199, 18.137039607610554 ], [ 73.598505445891348, 18.13704169442666 ], [ 73.598511992958635, 18.136219758702033 ], [ 73.598798550509841, 18.136221844990875 ], [ 73.59880509589172, 18.135399909092932 ], [ 73.597945427366597, 18.135393649250368 ], [ 73.597943244273779, 18.135667627790099 ], [ 73.597656687730236, 18.135665540289679 ], [ 73.597654504152928, 18.135939518787698 ], [ 73.597941061142308, 18.135941606321786 ], [ 73.597938877972169, 18.136215584845438 ], [ 73.597365763140374, 18.136211409283625 ], [ 73.597363579039865, 18.136485387731881 ], [ 73.597077021236132, 18.136483299277842 ], [ 73.597079205782521, 18.136209320863259 ], [ 73.596792648463335, 18.136207232016595 ], [ 73.596794833416865, 18.135933253627652 ], [ 73.597367947202216, 18.135937430827315 ], [ 73.597372315209824, 18.135389473890566 ], [ 73.597085759189483, 18.135387385571246 ], [ 73.59709012793401, 18.134839428669697 ], [ 73.59737668306272, 18.134841516921657 ], [ 73.59737449915562, 18.135115495410133 ], [ 73.597947610420732, 18.135119670702597 ], [ 73.597954159351133, 18.134297735011021 ], [ 73.598240713704271, 18.134299821916859 ], [ 73.598242896157956, 18.134025843303256 ], [ 73.597669788381921, 18.134021669132654 ], [ 73.597674154956408, 18.133473712015977 ], [ 73.597960707933538, 18.133475799247073 ], [ 73.597967256167934, 18.132653863410752 ], [ 73.597107601364428, 18.132647600741812 ], [ 73.597105417321046, 18.132921579260941 ], [ 73.596818865351494, 18.132919490818516 ], [ 73.59681668082365, 18.133193469295918 ], [ 73.596243576109146, 18.133189291065008 ], [ 73.596241390651073, 18.133463269466979 ], [ 73.59595483790612, 18.133461179678473 ], [ 73.595948279962286, 18.134283114735009 ], [ 73.59623483404458, 18.134285204624632 ], [ 73.596232648431666, 18.134559182994437 ], [ 73.596519202998479, 18.134561272491503 ], [ 73.596517017792635, 18.134835250886962 ], [ 73.596803572843967, 18.134837339991467 ], [ 73.596799203207823, 18.135385296825643 ], [ 73.596226091360592, 18.135381118055584 ], [ 73.596223905592808, 18.135655096393211 ], [ 73.595937349281442, 18.135653006335058 ], [ 73.595935163029111, 18.135926984630935 ], [ 73.595648606310633, 18.135924894112772 ], [ 73.59564423279808, 18.136472850612975 ], [ 73.594211445328355, 18.136462391290376 ], [ 73.594209256284671, 18.136736369359742 ], [ 73.593349582930472, 18.136730088549189 ], [ 73.593347392510424, 18.13700406650922 ], [ 73.593060834357402, 18.137001972019299 ], [ 73.593058643452693, 18.137275949937504 ], [ 73.592772084892616, 18.137273854987477 ], [ 73.592767702074994, 18.137821810732191 ], [ 73.592481142661953, 18.137819715288256 ], [ 73.592478950749026, 18.138093693114755 ], [ 73.591905831147614, 18.138089500880259 ], [ 73.591903638304061, 18.138363478631113 ], [ 73.591617078115718, 18.138361381840532 ], [ 73.591614884787404, 18.138635359549525 ], [ 73.591328324191991, 18.138633262298775 ], [ 73.591326130378917, 18.138907239965906 ], [ 73.591039569376434, 18.138905142254963 ], [ 73.591037375078585, 18.139179119880218 ], [ 73.590464252298361, 18.139174923111575 ], [ 73.590462057069772, 18.139448900661112 ], [ 73.589888933553183, 18.139444702119274 ], [ 73.589891129673617, 18.139170724637435 ] ], [ [ 73.597074836651061, 18.136757277684389 ], [ 73.596788278440172, 18.136755188770344 ], [ 73.596790463471109, 18.136481210397488 ], [ 73.597077021236132, 18.136483299277842 ], [ 73.597074836651061, 18.136757277684389 ] ], [ [ 73.594495814146967, 18.136738462110625 ], [ 73.594493625510395, 18.137012440205687 ], [ 73.594207067202234, 18.137010347421057 ], [ 73.594209256284671, 18.136736369359742 ], [ 73.594495814146967, 18.136738462110625 ] ], [ [ 73.590748618886394, 18.139450999292464 ], [ 73.590746424064889, 18.139724976867797 ], [ 73.590459861802316, 18.139722878202608 ], [ 73.590462057069772, 18.139448900661112 ], [ 73.590748618886394, 18.139450999292464 ] ], [ [ 73.596173622247449, 18.141956595938719 ], [ 73.595887055679839, 18.141954505105264 ], [ 73.595889242784182, 18.141680526986345 ], [ 73.596175808905784, 18.141682617786099 ], [ 73.596173622247449, 18.141956595938719 ] ], [ [ 73.595602676701319, 18.141678435760156 ], [ 73.59560486421293, 18.141404457666916 ], [ 73.5958914298498, 18.141406548859393 ], [ 73.595889242784182, 18.141680526986345 ], [ 73.595602676701319, 18.141678435760156 ] ], [ [ 73.594747356345636, 18.141124203530801 ], [ 73.594745167534782, 18.141398181530896 ], [ 73.595031733055407, 18.14140027400267 ], [ 73.595029544651794, 18.141674252028455 ], [ 73.593883281017852, 18.141665879447782 ], [ 73.593885471205482, 18.141391901556986 ], [ 73.593598905839954, 18.141389807379486 ], [ 73.593596715206331, 18.14166378523651 ], [ 73.593310149433577, 18.141661690598813 ], [ 73.593314531554029, 18.141113734944248 ], [ 73.594747356345636, 18.141124203530801 ] ], [ [ 73.593027966712071, 18.141111639947667 ], [ 73.593025775225257, 18.141385617745193 ], [ 73.592739209976131, 18.1413835222884 ], [ 73.592741401908938, 18.141109544524657 ], [ 73.593027966712071, 18.141111639947667 ] ], [ [ 73.590742034305251, 18.140272931994321 ], [ 73.590739839367117, 18.140546909545513 ], [ 73.590453275766691, 18.14054481077881 ], [ 73.590455471150776, 18.14027083326145 ], [ 73.590742034305251, 18.140272931994321 ] ], [ [ 73.594180795188535, 18.140298083529384 ], [ 73.594178605602025, 18.140572061486122 ], [ 73.593892041535653, 18.140569967836324 ], [ 73.593894231568129, 18.140295989913344 ], [ 73.594180795188535, 18.140298083529384 ] ], [ [ 73.596475491527045, 18.140040838872522 ], [ 73.596477677468371, 18.139766860629891 ], [ 73.595904551430152, 18.139762679928708 ], [ 73.595908924980449, 18.139214723554122 ], [ 73.596768611420188, 18.139220993764088 ], [ 73.596770796799433, 18.138947015463629 ], [ 73.597057358577501, 18.138949104647168 ], [ 73.597046433523914, 18.14031899623749 ], [ 73.596759869516106, 18.140316906885502 ], [ 73.596762055050178, 18.14004292861722 ], [ 73.596475491527045, 18.140040838872522 ] ], [ [ 73.591319548706593, 18.139729172919012 ], [ 73.591317354738123, 18.140003150553955 ], [ 73.59103079195188, 18.140001052707714 ], [ 73.591032986366301, 18.139727075106599 ], [ 73.591319548706593, 18.139729172919012 ] ], [ [ 73.595620175709584, 18.139486610788975 ], [ 73.59561798846913, 18.139760588938532 ], [ 73.5950448626633, 18.139756405679002 ], [ 73.595047050795657, 18.139482427596903 ], [ 73.595620175709584, 18.139486610788975 ] ], [ [ 73.593043306033152, 18.13919379513969 ], [ 73.593047688347056, 18.138645839407864 ], [ 73.593334249175427, 18.138647934100447 ], [ 73.59333863044229, 18.13809997826888 ], [ 73.593052070505735, 18.138097883643855 ], [ 73.593054261526845, 18.13782390574978 ], [ 73.593627380546977, 18.137828094505938 ], [ 73.593623000249522, 18.138376050421137 ], [ 73.594482681746015, 18.138382330560354 ], [ 73.594480492876855, 18.138656308607153 ], [ 73.593907370948585, 18.138652122206526 ], [ 73.593905181148799, 18.138926100177773 ], [ 73.593618619796899, 18.138924006304151 ], [ 73.593614239189122, 18.139471962154985 ], [ 73.59332767698416, 18.139469867787454 ], [ 73.593329867753383, 18.139195889899831 ], [ 73.593043306033152, 18.13919379513969 ] ], [ [ 73.59276112755748, 18.13864374428892 ], [ 73.592758935974018, 18.138917722125072 ], [ 73.59247237477733, 18.138915626545973 ], [ 73.592474566806729, 18.138641648743615 ], [ 73.59276112755748, 18.13864374428892 ] ], [ [ 73.595342363591428, 18.138388606862364 ], [ 73.595340176059992, 18.138662585010373 ], [ 73.595053614960193, 18.138660493302329 ], [ 73.595055802937537, 18.138386515188049 ], [ 73.595342363591428, 18.138388606862364 ] ], [ [ 73.594487059368063, 18.137834374442619 ], [ 73.594489248120937, 18.137560396371683 ], [ 73.595062366637066, 18.137564580796944 ], [ 73.595060178775981, 18.137838558935353 ], [ 73.595346738538055, 18.137840650542209 ], [ 73.595344551084111, 18.138114628706305 ], [ 73.594771430706899, 18.138110444998794 ], [ 73.594773619052631, 18.137836466902158 ], [ 73.594487059368063, 18.137834374442619 ] ], [ [ 73.5956398591306, 18.137020807081004 ], [ 73.595637672238752, 18.137294785302956 ], [ 73.595351113329713, 18.137292694189888 ], [ 73.595353300667426, 18.137018716001659 ], [ 73.5956398591306, 18.137020807081004 ] ], [ [ 73.59650172026798, 18.136753099429992 ], [ 73.596497349198273, 18.137301056084173 ], [ 73.596210790173032, 18.1372989662501 ], [ 73.596215162134499, 18.13675100966331 ], [ 73.59650172026798, 18.136753099429992 ] ], [ [ 73.596508276582227, 18.135931164388378 ], [ 73.59650609118286, 18.136205142743623 ], [ 73.596219533941081, 18.136203053044351 ], [ 73.596221719786314, 18.135929074722803 ], [ 73.596508276582227, 18.135931164388378 ] ], [ [ 73.597096680760586, 18.134017493257051 ], [ 73.597383234551913, 18.13401958140798 ], [ 73.597381050760873, 18.134293559920579 ], [ 73.596807942325341, 18.134289383125118 ], [ 73.596812311651902, 18.133741426226603 ], [ 73.597098864958738, 18.133743514770085 ], [ 73.597096680760586, 18.134017493257051 ] ], [ [ 73.596525758383734, 18.133739337256877 ], [ 73.596527943434751, 18.133465358829248 ], [ 73.596814496257124, 18.133467447765284 ], [ 73.596812311651902, 18.133741426226603 ], [ 73.596525758383734, 18.133739337256877 ] ] ], [ [ [ 73.59817303846377, 18.142793154949334 ], [ 73.59817085477286, 18.143067133305557 ], [ 73.598457423434155, 18.143069220862049 ], [ 73.598461789885263, 18.142521264074261 ], [ 73.597602086693598, 18.142515000327315 ], [ 73.59759990214927, 18.142788978624242 ], [ 73.59817303846377, 18.142793154949334 ] ] ] ] } },
{ "type": "Feature", "properties": { "patch_id": 4165, "area_m2": 493713.39690821164, "area_ha_site": 49.371339690821166, "area_km2": 0.49371339690821164, "site_size_class": "Large", "centroid_x": 351321.02371958073, "centroid_y": 2006118.305831125, "area_rank": 8, "village": "Karanje", "subdistric": "Poladpur", "vlcode": "555187", "population": 690.0, "multihazard_priority_100": 73.067819504395686, "recommendation_rank": 1, "recommendation_status": "Suitable Candidate", "area_ha": 49.371339690821166, "required_area_ha": 6.9, "estimated_capacity_people": 4937.133969082116, "capacity_ratio": 7.1552666218581393, "distance_km": 18.061540062716269, "site_flood": 43.629325866699219, "site_landslide": 15.431212425231934, "site_slope_deg": 2.1298568248748779, "site_road_dist_m": 1340.3326416015625, "final_feasibility_score": 69.502659016459887, "recommendation_reason": "49.4 ha available; capacity ratio 7.2x; 18.1 km from habitation; flood score 43.6; landslide score 15.4; mean slope 2.1°" }, "geometry": { "type": "MultiPolygon", "coordinates": [ [ [ [ 73.599091652144068, 18.135401994854551 ], [ 73.599093833414912, 18.135128016172182 ], [ 73.598807277608387, 18.135125930444197 ], [ 73.59880509589172, 18.135399909092932 ], [ 73.599091652144068, 18.135401994854551 ] ] ], [ [ [ 73.589891129673617, 18.139170724637435 ], [ 73.588744884890971, 18.13916232257268 ], [ 73.588747082756214, 18.13888834521828 ], [ 73.587314279883387, 18.138877833213474 ], [ 73.587309879654683, 18.139425787575224 ], [ 73.58788300247069, 18.139429993791886 ], [ 73.587880803189762, 18.13970397102851 ], [ 73.588167365102137, 18.139706073531173 ], [ 73.588165166228208, 18.139980050793657 ], [ 73.588738291061659, 18.13998425458761 ], [ 73.588736093040708, 18.140258231909822 ], [ 73.58902265596177, 18.140260333201091 ], [ 73.589020458347861, 18.140534310549146 ], [ 73.589307021753825, 18.140536411447894 ], [ 73.589304824546957, 18.140810388821766 ], [ 73.589877952367544, 18.140814589407768 ], [ 73.589875756013726, 18.141088566841329 ], [ 73.590162320428348, 18.141090666528559 ], [ 73.590164516336188, 18.140816689061147 ], [ 73.590451080343698, 18.140818788288108 ], [ 73.590444493841517, 18.141640720767747 ], [ 73.592163886730702, 18.141653307783624 ], [ 73.592161693828245, 18.141927285463684 ], [ 73.592734825994071, 18.141931477791744 ], [ 73.592732633944806, 18.142205455531343 ], [ 73.594452034049738, 18.142218022483465 ], [ 73.594449844637808, 18.142492000417636 ], [ 73.596742383850099, 18.142508732742204 ], [ 73.596746755498842, 18.141960776326304 ], [ 73.597033322182597, 18.141962865880423 ], [ 73.597028951425898, 18.1425108223637 ], [ 73.597602086693598, 18.142515000327315 ], [ 73.597608640094478, 18.141693065388246 ], [ 73.597322073779338, 18.1416909767207 ], [ 73.597324258614947, 18.141416998425264 ], [ 73.597037692784497, 18.141414909364954 ], [ 73.597035507502895, 18.14168888762671 ], [ 73.59646237506611, 18.141684708159406 ], [ 73.596468933470788, 18.140862773552165 ], [ 73.597328628170061, 18.140869041810255 ], [ 73.597330812889581, 18.140595063490686 ], [ 73.597617377420747, 18.140597152023535 ], [ 73.59761956165562, 18.140323173662242 ], [ 73.597906125779488, 18.140325261735004 ], [ 73.59791267691412, 18.13950332650187 ], [ 73.59819923973879, 18.13950541404725 ], [ 73.598203606076652, 18.138957457117616 ], [ 73.598490168048116, 18.138959544169296 ], [ 73.598494533339462, 18.138411587140187 ], [ 73.598207972259843, 18.13840950015582 ], [ 73.598212338288363, 18.137861543161833 ], [ 73.597352657956947, 18.13785527985257 ], [ 73.597354842250894, 18.137581301444524 ], [ 73.598214521244643, 18.13758756465279 ], [ 73.598218887041199, 18.137039607610554 ], [ 73.598505445891348, 18.13704169442666 ], [ 73.598511992958635, 18.136219758702033 ], [ 73.598798550509841, 18.136221844990875 ], [ 73.59880509589172, 18.135399909092932 ], [ 73.597945427366597, 18.135393649250368 ], [ 73.597943244273779, 18.135667627790099 ], [ 73.597656687730236, 18.135665540289679 ], [ 73.597654504152928, 18.135939518787698 ], [ 73.597941061142308, 18.135941606321786 ], [ 73.597938877972169, 18.136215584845438 ], [ 73.597365763140374, 18.136211409283625 ], [ 73.597363579039865, 18.136485387731881 ], [ 73.597077021236132, 18.136483299277842 ], [ 73.597079205782521, 18.136209320863259 ], [ 73.596792648463335, 18.136207232016595 ], [ 73.596794833416865, 18.135933253627652 ], [ 73.597367947202216, 18.135937430827315 ], [ 73.597372315209824, 18.135389473890566 ], [ 73.597085759189483, 18.135387385571246 ], [ 73.59709012793401, 18.134839428669697 ], [ 73.59737668306272, 18.134841516921657 ], [ 73.59737449915562, 18.135115495410133 ], [ 73.597947610420732, 18.135119670702597 ], [ 73.597954159351133, 18.134297735011021 ], [ 73.598240713704271, 18.134299821916859 ], [ 73.598242896157956, 18.134025843303256 ], [ 73.597669788381921, 18.134021669132654 ], [ 73.597674154956408, 18.133473712015977 ], [ 73.597960707933538, 18.133475799247073 ], [ 73.597967256167934, 18.132653863410752 ], [ 73.597107601364428, 18.132647600741812 ], [ 73.597105417321046, 18.132921579260941 ], [ 73.596818865351494, 18.132919490818516 ], [ 73.59681668082365, 18.133193469295918 ], [ 73.596243576109146, 18.133189291065008 ], [ 73.596241390651073, 18.133463269466979 ], [ 73.59595483790612, 18.133461179678473 ], [ 73.595948279962286, 18.134283114735009 ], [ 73.59623483404458, 18.134285204624632 ], [ 73.596232648431666, 18.134559182994437 ], [ 73.596519202998479, 18.134561272491503 ], [ 73.596517017792635, 18.134835250886962 ], [ 73.596803572843967, 18.134837339991467 ], [ 73.596799203207823, 18.135385296825643 ], [ 73.596226091360592, 18.135381118055584 ], [ 73.596223905592808, 18.135655096393211 ], [ 73.595937349281442, 18.135653006335058 ], [ 73.595935163029111, 18.135926984630935 ], [ 73.595648606310633, 18.135924894112772 ], [ 73.59564423279808, 18.136472850612975 ], [ 73.594211445328355, 18.136462391290376 ], [ 73.594209256284671, 18.136736369359742 ], [ 73.593349582930472, 18.136730088549189 ], [ 73.593347392510424, 18.13700406650922 ], [ 73.593060834357402, 18.137001972019299 ], [ 73.593058643452693, 18.137275949937504 ], [ 73.592772084892616, 18.137273854987477 ], [ 73.592767702074994, 18.137821810732191 ], [ 73.592481142661953, 18.137819715288256 ], [ 73.592478950749026, 18.138093693114755 ], [ 73.591905831147614, 18.138089500880259 ], [ 73.591903638304061, 18.138363478631113 ], [ 73.591617078115718, 18.138361381840532 ], [ 73.591614884787404, 18.138635359549525 ], [ 73.591328324191991, 18.138633262298775 ], [ 73.591326130378917, 18.138907239965906 ], [ 73.591039569376434, 18.138905142254963 ], [ 73.591037375078585, 18.139179119880218 ], [ 73.590464252298361, 18.139174923111575 ], [ 73.590462057069772, 18.139448900661112 ], [ 73.589888933553183, 18.139444702119274 ], [ 73.589891129673617, 18.139170724637435 ] ], [ [ 73.597074836651061, 18.136757277684389 ], [ 73.596788278440172, 18.136755188770344 ], [ 73.596790463471109, 18.136481210397488 ], [ 73.597077021236132, 18.136483299277842 ], [ 73.597074836651061, 18.136757277684389 ] ], [ [ 73.594495814146967, 18.136738462110625 ], [ 73.594493625510395, 18.137012440205687 ], [ 73.594207067202234, 18.137010347421057 ], [ 73.594209256284671, 18.136736369359742 ], [ 73.594495814146967, 18.136738462110625 ] ], [ [ 73.590748618886394, 18.139450999292464 ], [ 73.590746424064889, 18.139724976867797 ], [ 73.590459861802316, 18.139722878202608 ], [ 73.590462057069772, 18.139448900661112 ], [ 73.590748618886394, 18.139450999292464 ] ], [ [ 73.596173622247449, 18.141956595938719 ], [ 73.595887055679839, 18.141954505105264 ], [ 73.595889242784182, 18.141680526986345 ], [ 73.596175808905784, 18.141682617786099 ], [ 73.596173622247449, 18.141956595938719 ] ], [ [ 73.595602676701319, 18.141678435760156 ], [ 73.59560486421293, 18.141404457666916 ], [ 73.5958914298498, 18.141406548859393 ], [ 73.595889242784182, 18.141680526986345 ], [ 73.595602676701319, 18.141678435760156 ] ], [ [ 73.594747356345636, 18.141124203530801 ], [ 73.594745167534782, 18.141398181530896 ], [ 73.595031733055407, 18.14140027400267 ], [ 73.595029544651794, 18.141674252028455 ], [ 73.593883281017852, 18.141665879447782 ], [ 73.593885471205482, 18.141391901556986 ], [ 73.593598905839954, 18.141389807379486 ], [ 73.593596715206331, 18.14166378523651 ], [ 73.593310149433577, 18.141661690598813 ], [ 73.593314531554029, 18.141113734944248 ], [ 73.594747356345636, 18.141124203530801 ] ], [ [ 73.593027966712071, 18.141111639947667 ], [ 73.593025775225257, 18.141385617745193 ], [ 73.592739209976131, 18.1413835222884 ], [ 73.592741401908938, 18.141109544524657 ], [ 73.593027966712071, 18.141111639947667 ] ], [ [ 73.590742034305251, 18.140272931994321 ], [ 73.590739839367117, 18.140546909545513 ], [ 73.590453275766691, 18.14054481077881 ], [ 73.590455471150776, 18.14027083326145 ], [ 73.590742034305251, 18.140272931994321 ] ], [ [ 73.594180795188535, 18.140298083529384 ], [ 73.594178605602025, 18.140572061486122 ], [ 73.593892041535653, 18.140569967836324 ], [ 73.593894231568129, 18.140295989913344 ], [ 73.594180795188535, 18.140298083529384 ] ], [ [ 73.596475491527045, 18.140040838872522 ], [ 73.596477677468371, 18.139766860629891 ], [ 73.595904551430152, 18.139762679928708 ], [ 73.595908924980449, 18.139214723554122 ], [ 73.596768611420188, 18.139220993764088 ], [ 73.596770796799433, 18.138947015463629 ], [ 73.597057358577501, 18.138949104647168 ], [ 73.597046433523914, 18.14031899623749 ], [ 73.596759869516106, 18.140316906885502 ], [ 73.596762055050178, 18.14004292861722 ], [ 73.596475491527045, 18.140040838872522 ] ], [ [ 73.591319548706593, 18.139729172919012 ], [ 73.591317354738123, 18.140003150553955 ], [ 73.59103079195188, 18.140001052707714 ], [ 73.591032986366301, 18.139727075106599 ], [ 73.591319548706593, 18.139729172919012 ] ], [ [ 73.595620175709584, 18.139486610788975 ], [ 73.59561798846913, 18.139760588938532 ], [ 73.5950448626633, 18.139756405679002 ], [ 73.595047050795657, 18.139482427596903 ], [ 73.595620175709584, 18.139486610788975 ] ], [ [ 73.593043306033152, 18.13919379513969 ], [ 73.593047688347056, 18.138645839407864 ], [ 73.593334249175427, 18.138647934100447 ], [ 73.59333863044229, 18.13809997826888 ], [ 73.593052070505735, 18.138097883643855 ], [ 73.593054261526845, 18.13782390574978 ], [ 73.593627380546977, 18.137828094505938 ], [ 73.593623000249522, 18.138376050421137 ], [ 73.594482681746015, 18.138382330560354 ], [ 73.594480492876855, 18.138656308607153 ], [ 73.593907370948585, 18.138652122206526 ], [ 73.593905181148799, 18.138926100177773 ], [ 73.593618619796899, 18.138924006304151 ], [ 73.593614239189122, 18.139471962154985 ], [ 73.59332767698416, 18.139469867787454 ], [ 73.593329867753383, 18.139195889899831 ], [ 73.593043306033152, 18.13919379513969 ] ], [ [ 73.59276112755748, 18.13864374428892 ], [ 73.592758935974018, 18.138917722125072 ], [ 73.59247237477733, 18.138915626545973 ], [ 73.592474566806729, 18.138641648743615 ], [ 73.59276112755748, 18.13864374428892 ] ], [ [ 73.595342363591428, 18.138388606862364 ], [ 73.595340176059992, 18.138662585010373 ], [ 73.595053614960193, 18.138660493302329 ], [ 73.595055802937537, 18.138386515188049 ], [ 73.595342363591428, 18.138388606862364 ] ], [ [ 73.594487059368063, 18.137834374442619 ], [ 73.594489248120937, 18.137560396371683 ], [ 73.595062366637066, 18.137564580796944 ], [ 73.595060178775981, 18.137838558935353 ], [ 73.595346738538055, 18.137840650542209 ], [ 73.595344551084111, 18.138114628706305 ], [ 73.594771430706899, 18.138110444998794 ], [ 73.594773619052631, 18.137836466902158 ], [ 73.594487059368063, 18.137834374442619 ] ], [ [ 73.5956398591306, 18.137020807081004 ], [ 73.595637672238752, 18.137294785302956 ], [ 73.595351113329713, 18.137292694189888 ], [ 73.595353300667426, 18.137018716001659 ], [ 73.5956398591306, 18.137020807081004 ] ], [ [ 73.59650172026798, 18.136753099429992 ], [ 73.596497349198273, 18.137301056084173 ], [ 73.596210790173032, 18.1372989662501 ], [ 73.596215162134499, 18.13675100966331 ], [ 73.59650172026798, 18.136753099429992 ] ], [ [ 73.596508276582227, 18.135931164388378 ], [ 73.59650609118286, 18.136205142743623 ], [ 73.596219533941081, 18.136203053044351 ], [ 73.596221719786314, 18.135929074722803 ], [ 73.596508276582227, 18.135931164388378 ] ], [ [ 73.597096680760586, 18.134017493257051 ], [ 73.597383234551913, 18.13401958140798 ], [ 73.597381050760873, 18.134293559920579 ], [ 73.596807942325341, 18.134289383125118 ], [ 73.596812311651902, 18.133741426226603 ], [ 73.597098864958738, 18.133743514770085 ], [ 73.597096680760586, 18.134017493257051 ] ], [ [ 73.596525758383734, 18.133739337256877 ], [ 73.596527943434751, 18.133465358829248 ], [ 73.596814496257124, 18.133467447765284 ], [ 73.596812311651902, 18.133741426226603 ], [ 73.596525758383734, 18.133739337256877 ] ] ], [ [ [ 73.59817303846377, 18.142793154949334 ], [ 73.59817085477286, 18.143067133305557 ], [ 73.598457423434155, 18.143069220862049 ], [ 73.598461789885263, 18.142521264074261 ], [ 73.597602086693598, 18.142515000327315 ], [ 73.59759990214927, 18.142788978624242 ], [ 73.59817303846377, 18.142793154949334 ] ] ] ] } },
{ "type": "Feature", "properties": { "patch_id": 4165, "area_m2": 493713.39690821164, "area_ha_site": 49.371339690821166, "area_km2": 0.49371339690821164, "site_size_class": "Large", "centroid_x": 351321.02371958073, "centroid_y": 2006118.305831125, "area_rank": 8, "village": "Borawale", "subdistric": "Poladpur", "vlcode": "555185", "population": 591.0, "multihazard_priority_100": 72.387076840702861, "recommendation_rank": 1, "recommendation_status": "Suitable Candidate", "area_ha": 49.371339690821166, "required_area_ha": 5.91, "estimated_capacity_people": 4937.133969082116, "capacity_ratio": 8.3538645838952892, "distance_km": 17.332319890584696, "site_flood": 43.629325866699219, "site_landslide": 15.431212425231934, "site_slope_deg": 2.1298568248748779, "site_road_dist_m": 1340.3326416015625, "final_feasibility_score": 70.158957171378304, "recommendation_reason": "49.4 ha available; capacity ratio 8.4x; 17.3 km from habitation; flood score 43.6; landslide score 15.4; mean slope 2.1°" }, "geometry": { "type": "MultiPolygon", "coordinates": [ [ [ [ 73.599091652144068, 18.135401994854551 ], [ 73.599093833414912, 18.135128016172182 ], [ 73.598807277608387, 18.135125930444197 ], [ 73.59880509589172, 18.135399909092932 ], [ 73.599091652144068, 18.135401994854551 ] ] ], [ [ [ 73.589891129673617, 18.139170724637435 ], [ 73.588744884890971, 18.13916232257268 ], [ 73.588747082756214, 18.13888834521828 ], [ 73.587314279883387, 18.138877833213474 ], [ 73.587309879654683, 18.139425787575224 ], [ 73.58788300247069, 18.139429993791886 ], [ 73.587880803189762, 18.13970397102851 ], [ 73.588167365102137, 18.139706073531173 ], [ 73.588165166228208, 18.139980050793657 ], [ 73.588738291061659, 18.13998425458761 ], [ 73.588736093040708, 18.140258231909822 ], [ 73.58902265596177, 18.140260333201091 ], [ 73.589020458347861, 18.140534310549146 ], [ 73.589307021753825, 18.140536411447894 ], [ 73.589304824546957, 18.140810388821766 ], [ 73.589877952367544, 18.140814589407768 ], [ 73.589875756013726, 18.141088566841329 ], [ 73.590162320428348, 18.141090666528559 ], [ 73.590164516336188, 18.140816689061147 ], [ 73.590451080343698, 18.140818788288108 ], [ 73.590444493841517, 18.141640720767747 ], [ 73.592163886730702, 18.141653307783624 ], [ 73.592161693828245, 18.141927285463684 ], [ 73.592734825994071, 18.141931477791744 ], [ 73.592732633944806, 18.142205455531343 ], [ 73.594452034049738, 18.142218022483465 ], [ 73.594449844637808, 18.142492000417636 ], [ 73.596742383850099, 18.142508732742204 ], [ 73.596746755498842, 18.141960776326304 ], [ 73.597033322182597, 18.141962865880423 ], [ 73.597028951425898, 18.1425108223637 ], [ 73.597602086693598, 18.142515000327315 ], [ 73.597608640094478, 18.141693065388246 ], [ 73.597322073779338, 18.1416909767207 ], [ 73.597324258614947, 18.141416998425264 ], [ 73.597037692784497, 18.141414909364954 ], [ 73.597035507502895, 18.14168888762671 ], [ 73.59646237506611, 18.141684708159406 ], [ 73.596468933470788, 18.140862773552165 ], [ 73.597328628170061, 18.140869041810255 ], [ 73.597330812889581, 18.140595063490686 ], [ 73.597617377420747, 18.140597152023535 ], [ 73.59761956165562, 18.140323173662242 ], [ 73.597906125779488, 18.140325261735004 ], [ 73.59791267691412, 18.13950332650187 ], [ 73.59819923973879, 18.13950541404725 ], [ 73.598203606076652, 18.138957457117616 ], [ 73.598490168048116, 18.138959544169296 ], [ 73.598494533339462, 18.138411587140187 ], [ 73.598207972259843, 18.13840950015582 ], [ 73.598212338288363, 18.137861543161833 ], [ 73.597352657956947, 18.13785527985257 ], [ 73.597354842250894, 18.137581301444524 ], [ 73.598214521244643, 18.13758756465279 ], [ 73.598218887041199, 18.137039607610554 ], [ 73.598505445891348, 18.13704169442666 ], [ 73.598511992958635, 18.136219758702033 ], [ 73.598798550509841, 18.136221844990875 ], [ 73.59880509589172, 18.135399909092932 ], [ 73.597945427366597, 18.135393649250368 ], [ 73.597943244273779, 18.135667627790099 ], [ 73.597656687730236, 18.135665540289679 ], [ 73.597654504152928, 18.135939518787698 ], [ 73.597941061142308, 18.135941606321786 ], [ 73.597938877972169, 18.136215584845438 ], [ 73.597365763140374, 18.136211409283625 ], [ 73.597363579039865, 18.136485387731881 ], [ 73.597077021236132, 18.136483299277842 ], [ 73.597079205782521, 18.136209320863259 ], [ 73.596792648463335, 18.136207232016595 ], [ 73.596794833416865, 18.135933253627652 ], [ 73.597367947202216, 18.135937430827315 ], [ 73.597372315209824, 18.135389473890566 ], [ 73.597085759189483, 18.135387385571246 ], [ 73.59709012793401, 18.134839428669697 ], [ 73.59737668306272, 18.134841516921657 ], [ 73.59737449915562, 18.135115495410133 ], [ 73.597947610420732, 18.135119670702597 ], [ 73.597954159351133, 18.134297735011021 ], [ 73.598240713704271, 18.134299821916859 ], [ 73.598242896157956, 18.134025843303256 ], [ 73.597669788381921, 18.134021669132654 ], [ 73.597674154956408, 18.133473712015977 ], [ 73.597960707933538, 18.133475799247073 ], [ 73.597967256167934, 18.132653863410752 ], [ 73.597107601364428, 18.132647600741812 ], [ 73.597105417321046, 18.132921579260941 ], [ 73.596818865351494, 18.132919490818516 ], [ 73.59681668082365, 18.133193469295918 ], [ 73.596243576109146, 18.133189291065008 ], [ 73.596241390651073, 18.133463269466979 ], [ 73.59595483790612, 18.133461179678473 ], [ 73.595948279962286, 18.134283114735009 ], [ 73.59623483404458, 18.134285204624632 ], [ 73.596232648431666, 18.134559182994437 ], [ 73.596519202998479, 18.134561272491503 ], [ 73.596517017792635, 18.134835250886962 ], [ 73.596803572843967, 18.134837339991467 ], [ 73.596799203207823, 18.135385296825643 ], [ 73.596226091360592, 18.135381118055584 ], [ 73.596223905592808, 18.135655096393211 ], [ 73.595937349281442, 18.135653006335058 ], [ 73.595935163029111, 18.135926984630935 ], [ 73.595648606310633, 18.135924894112772 ], [ 73.59564423279808, 18.136472850612975 ], [ 73.594211445328355, 18.136462391290376 ], [ 73.594209256284671, 18.136736369359742 ], [ 73.593349582930472, 18.136730088549189 ], [ 73.593347392510424, 18.13700406650922 ], [ 73.593060834357402, 18.137001972019299 ], [ 73.593058643452693, 18.137275949937504 ], [ 73.592772084892616, 18.137273854987477 ], [ 73.592767702074994, 18.137821810732191 ], [ 73.592481142661953, 18.137819715288256 ], [ 73.592478950749026, 18.138093693114755 ], [ 73.591905831147614, 18.138089500880259 ], [ 73.591903638304061, 18.138363478631113 ], [ 73.591617078115718, 18.138361381840532 ], [ 73.591614884787404, 18.138635359549525 ], [ 73.591328324191991, 18.138633262298775 ], [ 73.591326130378917, 18.138907239965906 ], [ 73.591039569376434, 18.138905142254963 ], [ 73.591037375078585, 18.139179119880218 ], [ 73.590464252298361, 18.139174923111575 ], [ 73.590462057069772, 18.139448900661112 ], [ 73.589888933553183, 18.139444702119274 ], [ 73.589891129673617, 18.139170724637435 ] ], [ [ 73.597074836651061, 18.136757277684389 ], [ 73.596788278440172, 18.136755188770344 ], [ 73.596790463471109, 18.136481210397488 ], [ 73.597077021236132, 18.136483299277842 ], [ 73.597074836651061, 18.136757277684389 ] ], [ [ 73.594495814146967, 18.136738462110625 ], [ 73.594493625510395, 18.137012440205687 ], [ 73.594207067202234, 18.137010347421057 ], [ 73.594209256284671, 18.136736369359742 ], [ 73.594495814146967, 18.136738462110625 ] ], [ [ 73.590748618886394, 18.139450999292464 ], [ 73.590746424064889, 18.139724976867797 ], [ 73.590459861802316, 18.139722878202608 ], [ 73.590462057069772, 18.139448900661112 ], [ 73.590748618886394, 18.139450999292464 ] ], [ [ 73.596173622247449, 18.141956595938719 ], [ 73.595887055679839, 18.141954505105264 ], [ 73.595889242784182, 18.141680526986345 ], [ 73.596175808905784, 18.141682617786099 ], [ 73.596173622247449, 18.141956595938719 ] ], [ [ 73.595602676701319, 18.141678435760156 ], [ 73.59560486421293, 18.141404457666916 ], [ 73.5958914298498, 18.141406548859393 ], [ 73.595889242784182, 18.141680526986345 ], [ 73.595602676701319, 18.141678435760156 ] ], [ [ 73.594747356345636, 18.141124203530801 ], [ 73.594745167534782, 18.141398181530896 ], [ 73.595031733055407, 18.14140027400267 ], [ 73.595029544651794, 18.141674252028455 ], [ 73.593883281017852, 18.141665879447782 ], [ 73.593885471205482, 18.141391901556986 ], [ 73.593598905839954, 18.141389807379486 ], [ 73.593596715206331, 18.14166378523651 ], [ 73.593310149433577, 18.141661690598813 ], [ 73.593314531554029, 18.141113734944248 ], [ 73.594747356345636, 18.141124203530801 ] ], [ [ 73.593027966712071, 18.141111639947667 ], [ 73.593025775225257, 18.141385617745193 ], [ 73.592739209976131, 18.1413835222884 ], [ 73.592741401908938, 18.141109544524657 ], [ 73.593027966712071, 18.141111639947667 ] ], [ [ 73.590742034305251, 18.140272931994321 ], [ 73.590739839367117, 18.140546909545513 ], [ 73.590453275766691, 18.14054481077881 ], [ 73.590455471150776, 18.14027083326145 ], [ 73.590742034305251, 18.140272931994321 ] ], [ [ 73.594180795188535, 18.140298083529384 ], [ 73.594178605602025, 18.140572061486122 ], [ 73.593892041535653, 18.140569967836324 ], [ 73.593894231568129, 18.140295989913344 ], [ 73.594180795188535, 18.140298083529384 ] ], [ [ 73.596475491527045, 18.140040838872522 ], [ 73.596477677468371, 18.139766860629891 ], [ 73.595904551430152, 18.139762679928708 ], [ 73.595908924980449, 18.139214723554122 ], [ 73.596768611420188, 18.139220993764088 ], [ 73.596770796799433, 18.138947015463629 ], [ 73.597057358577501, 18.138949104647168 ], [ 73.597046433523914, 18.14031899623749 ], [ 73.596759869516106, 18.140316906885502 ], [ 73.596762055050178, 18.14004292861722 ], [ 73.596475491527045, 18.140040838872522 ] ], [ [ 73.591319548706593, 18.139729172919012 ], [ 73.591317354738123, 18.140003150553955 ], [ 73.59103079195188, 18.140001052707714 ], [ 73.591032986366301, 18.139727075106599 ], [ 73.591319548706593, 18.139729172919012 ] ], [ [ 73.595620175709584, 18.139486610788975 ], [ 73.59561798846913, 18.139760588938532 ], [ 73.5950448626633, 18.139756405679002 ], [ 73.595047050795657, 18.139482427596903 ], [ 73.595620175709584, 18.139486610788975 ] ], [ [ 73.593043306033152, 18.13919379513969 ], [ 73.593047688347056, 18.138645839407864 ], [ 73.593334249175427, 18.138647934100447 ], [ 73.59333863044229, 18.13809997826888 ], [ 73.593052070505735, 18.138097883643855 ], [ 73.593054261526845, 18.13782390574978 ], [ 73.593627380546977, 18.137828094505938 ], [ 73.593623000249522, 18.138376050421137 ], [ 73.594482681746015, 18.138382330560354 ], [ 73.594480492876855, 18.138656308607153 ], [ 73.593907370948585, 18.138652122206526 ], [ 73.593905181148799, 18.138926100177773 ], [ 73.593618619796899, 18.138924006304151 ], [ 73.593614239189122, 18.139471962154985 ], [ 73.59332767698416, 18.139469867787454 ], [ 73.593329867753383, 18.139195889899831 ], [ 73.593043306033152, 18.13919379513969 ] ], [ [ 73.59276112755748, 18.13864374428892 ], [ 73.592758935974018, 18.138917722125072 ], [ 73.59247237477733, 18.138915626545973 ], [ 73.592474566806729, 18.138641648743615 ], [ 73.59276112755748, 18.13864374428892 ] ], [ [ 73.595342363591428, 18.138388606862364 ], [ 73.595340176059992, 18.138662585010373 ], [ 73.595053614960193, 18.138660493302329 ], [ 73.595055802937537, 18.138386515188049 ], [ 73.595342363591428, 18.138388606862364 ] ], [ [ 73.594487059368063, 18.137834374442619 ], [ 73.594489248120937, 18.137560396371683 ], [ 73.595062366637066, 18.137564580796944 ], [ 73.595060178775981, 18.137838558935353 ], [ 73.595346738538055, 18.137840650542209 ], [ 73.595344551084111, 18.138114628706305 ], [ 73.594771430706899, 18.138110444998794 ], [ 73.594773619052631, 18.137836466902158 ], [ 73.594487059368063, 18.137834374442619 ] ], [ [ 73.5956398591306, 18.137020807081004 ], [ 73.595637672238752, 18.137294785302956 ], [ 73.595351113329713, 18.137292694189888 ], [ 73.595353300667426, 18.137018716001659 ], [ 73.5956398591306, 18.137020807081004 ] ], [ [ 73.59650172026798, 18.136753099429992 ], [ 73.596497349198273, 18.137301056084173 ], [ 73.596210790173032, 18.1372989662501 ], [ 73.596215162134499, 18.13675100966331 ], [ 73.59650172026798, 18.136753099429992 ] ], [ [ 73.596508276582227, 18.135931164388378 ], [ 73.59650609118286, 18.136205142743623 ], [ 73.596219533941081, 18.136203053044351 ], [ 73.596221719786314, 18.135929074722803 ], [ 73.596508276582227, 18.135931164388378 ] ], [ [ 73.597096680760586, 18.134017493257051 ], [ 73.597383234551913, 18.13401958140798 ], [ 73.597381050760873, 18.134293559920579 ], [ 73.596807942325341, 18.134289383125118 ], [ 73.596812311651902, 18.133741426226603 ], [ 73.597098864958738, 18.133743514770085 ], [ 73.597096680760586, 18.134017493257051 ] ], [ [ 73.596525758383734, 18.133739337256877 ], [ 73.596527943434751, 18.133465358829248 ], [ 73.596814496257124, 18.133467447765284 ], [ 73.596812311651902, 18.133741426226603 ], [ 73.596525758383734, 18.133739337256877 ] ] ], [ [ [ 73.59817303846377, 18.142793154949334 ], [ 73.59817085477286, 18.143067133305557 ], [ 73.598457423434155, 18.143069220862049 ], [ 73.598461789885263, 18.142521264074261 ], [ 73.597602086693598, 18.142515000327315 ], [ 73.59759990214927, 18.142788978624242 ], [ 73.59817303846377, 18.142793154949334 ] ] ] ] } },
{ "type": "Feature", "properties": { "patch_id": 4165, "area_m2": 493713.39690821164, "area_ha_site": 49.371339690821166, "area_km2": 0.49371339690821164, "site_size_class": "Large", "centroid_x": 351321.02371958073, "centroid_y": 2006118.305831125, "area_rank": 8, "village": "Boraj", "subdistric": "Poladpur", "vlcode": "555182", "population": 319.0, "multihazard_priority_100": 71.986223551053058, "recommendation_rank": 1, "recommendation_status": "Suitable Candidate", "area_ha": 49.371339690821166, "required_area_ha": 3.19, "estimated_capacity_people": 4937.133969082116, "capacity_ratio": 15.476908993987823, "distance_km": 17.977611847826687, "site_flood": 43.629325866699219, "site_landslide": 15.431212425231934, "site_slope_deg": 2.1298568248748779, "site_road_dist_m": 1340.3326416015625, "final_feasibility_score": 69.578194409860501, "recommendation_reason": "49.4 ha available; capacity ratio 15.5x; 18.0 km from habitation; flood score 43.6; landslide score 15.4; mean slope 2.1°" }, "geometry": { "type": "MultiPolygon", "coordinates": [ [ [ [ 73.599091652144068, 18.135401994854551 ], [ 73.599093833414912, 18.135128016172182 ], [ 73.598807277608387, 18.135125930444197 ], [ 73.59880509589172, 18.135399909092932 ], [ 73.599091652144068, 18.135401994854551 ] ] ], [ [ [ 73.589891129673617, 18.139170724637435 ], [ 73.588744884890971, 18.13916232257268 ], [ 73.588747082756214, 18.13888834521828 ], [ 73.587314279883387, 18.138877833213474 ], [ 73.587309879654683, 18.139425787575224 ], [ 73.58788300247069, 18.139429993791886 ], [ 73.587880803189762, 18.13970397102851 ], [ 73.588167365102137, 18.139706073531173 ], [ 73.588165166228208, 18.139980050793657 ], [ 73.588738291061659, 18.13998425458761 ], [ 73.588736093040708, 18.140258231909822 ], [ 73.58902265596177, 18.140260333201091 ], [ 73.589020458347861, 18.140534310549146 ], [ 73.589307021753825, 18.140536411447894 ], [ 73.589304824546957, 18.140810388821766 ], [ 73.589877952367544, 18.140814589407768 ], [ 73.589875756013726, 18.141088566841329 ], [ 73.590162320428348, 18.141090666528559 ], [ 73.590164516336188, 18.140816689061147 ], [ 73.590451080343698, 18.140818788288108 ], [ 73.590444493841517, 18.141640720767747 ], [ 73.592163886730702, 18.141653307783624 ], [ 73.592161693828245, 18.141927285463684 ], [ 73.592734825994071, 18.141931477791744 ], [ 73.592732633944806, 18.142205455531343 ], [ 73.594452034049738, 18.142218022483465 ], [ 73.594449844637808, 18.142492000417636 ], [ 73.596742383850099, 18.142508732742204 ], [ 73.596746755498842, 18.141960776326304 ], [ 73.597033322182597, 18.141962865880423 ], [ 73.597028951425898, 18.1425108223637 ], [ 73.597602086693598, 18.142515000327315 ], [ 73.597608640094478, 18.141693065388246 ], [ 73.597322073779338, 18.1416909767207 ], [ 73.597324258614947, 18.141416998425264 ], [ 73.597037692784497, 18.141414909364954 ], [ 73.597035507502895, 18.14168888762671 ], [ 73.59646237506611, 18.141684708159406 ], [ 73.596468933470788, 18.140862773552165 ], [ 73.597328628170061, 18.140869041810255 ], [ 73.597330812889581, 18.140595063490686 ], [ 73.597617377420747, 18.140597152023535 ], [ 73.59761956165562, 18.140323173662242 ], [ 73.597906125779488, 18.140325261735004 ], [ 73.59791267691412, 18.13950332650187 ], [ 73.59819923973879, 18.13950541404725 ], [ 73.598203606076652, 18.138957457117616 ], [ 73.598490168048116, 18.138959544169296 ], [ 73.598494533339462, 18.138411587140187 ], [ 73.598207972259843, 18.13840950015582 ], [ 73.598212338288363, 18.137861543161833 ], [ 73.597352657956947, 18.13785527985257 ], [ 73.597354842250894, 18.137581301444524 ], [ 73.598214521244643, 18.13758756465279 ], [ 73.598218887041199, 18.137039607610554 ], [ 73.598505445891348, 18.13704169442666 ], [ 73.598511992958635, 18.136219758702033 ], [ 73.598798550509841, 18.136221844990875 ], [ 73.59880509589172, 18.135399909092932 ], [ 73.597945427366597, 18.135393649250368 ], [ 73.597943244273779, 18.135667627790099 ], [ 73.597656687730236, 18.135665540289679 ], [ 73.597654504152928, 18.135939518787698 ], [ 73.597941061142308, 18.135941606321786 ], [ 73.597938877972169, 18.136215584845438 ], [ 73.597365763140374, 18.136211409283625 ], [ 73.597363579039865, 18.136485387731881 ], [ 73.597077021236132, 18.136483299277842 ], [ 73.597079205782521, 18.136209320863259 ], [ 73.596792648463335, 18.136207232016595 ], [ 73.596794833416865, 18.135933253627652 ], [ 73.597367947202216, 18.135937430827315 ], [ 73.597372315209824, 18.135389473890566 ], [ 73.597085759189483, 18.135387385571246 ], [ 73.59709012793401, 18.134839428669697 ], [ 73.59737668306272, 18.134841516921657 ], [ 73.59737449915562, 18.135115495410133 ], [ 73.597947610420732, 18.135119670702597 ], [ 73.597954159351133, 18.134297735011021 ], [ 73.598240713704271, 18.134299821916859 ], [ 73.598242896157956, 18.134025843303256 ], [ 73.597669788381921, 18.134021669132654 ], [ 73.597674154956408, 18.133473712015977 ], [ 73.597960707933538, 18.133475799247073 ], [ 73.597967256167934, 18.132653863410752 ], [ 73.597107601364428, 18.132647600741812 ], [ 73.597105417321046, 18.132921579260941 ], [ 73.596818865351494, 18.132919490818516 ], [ 73.59681668082365, 18.133193469295918 ], [ 73.596243576109146, 18.133189291065008 ], [ 73.596241390651073, 18.133463269466979 ], [ 73.59595483790612, 18.133461179678473 ], [ 73.595948279962286, 18.134283114735009 ], [ 73.59623483404458, 18.134285204624632 ], [ 73.596232648431666, 18.134559182994437 ], [ 73.596519202998479, 18.134561272491503 ], [ 73.596517017792635, 18.134835250886962 ], [ 73.596803572843967, 18.134837339991467 ], [ 73.596799203207823, 18.135385296825643 ], [ 73.596226091360592, 18.135381118055584 ], [ 73.596223905592808, 18.135655096393211 ], [ 73.595937349281442, 18.135653006335058 ], [ 73.595935163029111, 18.135926984630935 ], [ 73.595648606310633, 18.135924894112772 ], [ 73.59564423279808, 18.136472850612975 ], [ 73.594211445328355, 18.136462391290376 ], [ 73.594209256284671, 18.136736369359742 ], [ 73.593349582930472, 18.136730088549189 ], [ 73.593347392510424, 18.13700406650922 ], [ 73.593060834357402, 18.137001972019299 ], [ 73.593058643452693, 18.137275949937504 ], [ 73.592772084892616, 18.137273854987477 ], [ 73.592767702074994, 18.137821810732191 ], [ 73.592481142661953, 18.137819715288256 ], [ 73.592478950749026, 18.138093693114755 ], [ 73.591905831147614, 18.138089500880259 ], [ 73.591903638304061, 18.138363478631113 ], [ 73.591617078115718, 18.138361381840532 ], [ 73.591614884787404, 18.138635359549525 ], [ 73.591328324191991, 18.138633262298775 ], [ 73.591326130378917, 18.138907239965906 ], [ 73.591039569376434, 18.138905142254963 ], [ 73.591037375078585, 18.139179119880218 ], [ 73.590464252298361, 18.139174923111575 ], [ 73.590462057069772, 18.139448900661112 ], [ 73.589888933553183, 18.139444702119274 ], [ 73.589891129673617, 18.139170724637435 ] ], [ [ 73.597074836651061, 18.136757277684389 ], [ 73.596788278440172, 18.136755188770344 ], [ 73.596790463471109, 18.136481210397488 ], [ 73.597077021236132, 18.136483299277842 ], [ 73.597074836651061, 18.136757277684389 ] ], [ [ 73.594495814146967, 18.136738462110625 ], [ 73.594493625510395, 18.137012440205687 ], [ 73.594207067202234, 18.137010347421057 ], [ 73.594209256284671, 18.136736369359742 ], [ 73.594495814146967, 18.136738462110625 ] ], [ [ 73.590748618886394, 18.139450999292464 ], [ 73.590746424064889, 18.139724976867797 ], [ 73.590459861802316, 18.139722878202608 ], [ 73.590462057069772, 18.139448900661112 ], [ 73.590748618886394, 18.139450999292464 ] ], [ [ 73.596173622247449, 18.141956595938719 ], [ 73.595887055679839, 18.141954505105264 ], [ 73.595889242784182, 18.141680526986345 ], [ 73.596175808905784, 18.141682617786099 ], [ 73.596173622247449, 18.141956595938719 ] ], [ [ 73.595602676701319, 18.141678435760156 ], [ 73.59560486421293, 18.141404457666916 ], [ 73.5958914298498, 18.141406548859393 ], [ 73.595889242784182, 18.141680526986345 ], [ 73.595602676701319, 18.141678435760156 ] ], [ [ 73.594747356345636, 18.141124203530801 ], [ 73.594745167534782, 18.141398181530896 ], [ 73.595031733055407, 18.14140027400267 ], [ 73.595029544651794, 18.141674252028455 ], [ 73.593883281017852, 18.141665879447782 ], [ 73.593885471205482, 18.141391901556986 ], [ 73.593598905839954, 18.141389807379486 ], [ 73.593596715206331, 18.14166378523651 ], [ 73.593310149433577, 18.141661690598813 ], [ 73.593314531554029, 18.141113734944248 ], [ 73.594747356345636, 18.141124203530801 ] ], [ [ 73.593027966712071, 18.141111639947667 ], [ 73.593025775225257, 18.141385617745193 ], [ 73.592739209976131, 18.1413835222884 ], [ 73.592741401908938, 18.141109544524657 ], [ 73.593027966712071, 18.141111639947667 ] ], [ [ 73.590742034305251, 18.140272931994321 ], [ 73.590739839367117, 18.140546909545513 ], [ 73.590453275766691, 18.14054481077881 ], [ 73.590455471150776, 18.14027083326145 ], [ 73.590742034305251, 18.140272931994321 ] ], [ [ 73.594180795188535, 18.140298083529384 ], [ 73.594178605602025, 18.140572061486122 ], [ 73.593892041535653, 18.140569967836324 ], [ 73.593894231568129, 18.140295989913344 ], [ 73.594180795188535, 18.140298083529384 ] ], [ [ 73.596475491527045, 18.140040838872522 ], [ 73.596477677468371, 18.139766860629891 ], [ 73.595904551430152, 18.139762679928708 ], [ 73.595908924980449, 18.139214723554122 ], [ 73.596768611420188, 18.139220993764088 ], [ 73.596770796799433, 18.138947015463629 ], [ 73.597057358577501, 18.138949104647168 ], [ 73.597046433523914, 18.14031899623749 ], [ 73.596759869516106, 18.140316906885502 ], [ 73.596762055050178, 18.14004292861722 ], [ 73.596475491527045, 18.140040838872522 ] ], [ [ 73.591319548706593, 18.139729172919012 ], [ 73.591317354738123, 18.140003150553955 ], [ 73.59103079195188, 18.140001052707714 ], [ 73.591032986366301, 18.139727075106599 ], [ 73.591319548706593, 18.139729172919012 ] ], [ [ 73.595620175709584, 18.139486610788975 ], [ 73.59561798846913, 18.139760588938532 ], [ 73.5950448626633, 18.139756405679002 ], [ 73.595047050795657, 18.139482427596903 ], [ 73.595620175709584, 18.139486610788975 ] ], [ [ 73.593043306033152, 18.13919379513969 ], [ 73.593047688347056, 18.138645839407864 ], [ 73.593334249175427, 18.138647934100447 ], [ 73.59333863044229, 18.13809997826888 ], [ 73.593052070505735, 18.138097883643855 ], [ 73.593054261526845, 18.13782390574978 ], [ 73.593627380546977, 18.137828094505938 ], [ 73.593623000249522, 18.138376050421137 ], [ 73.594482681746015, 18.138382330560354 ], [ 73.594480492876855, 18.138656308607153 ], [ 73.593907370948585, 18.138652122206526 ], [ 73.593905181148799, 18.138926100177773 ], [ 73.593618619796899, 18.138924006304151 ], [ 73.593614239189122, 18.139471962154985 ], [ 73.59332767698416, 18.139469867787454 ], [ 73.593329867753383, 18.139195889899831 ], [ 73.593043306033152, 18.13919379513969 ] ], [ [ 73.59276112755748, 18.13864374428892 ], [ 73.592758935974018, 18.138917722125072 ], [ 73.59247237477733, 18.138915626545973 ], [ 73.592474566806729, 18.138641648743615 ], [ 73.59276112755748, 18.13864374428892 ] ], [ [ 73.595342363591428, 18.138388606862364 ], [ 73.595340176059992, 18.138662585010373 ], [ 73.595053614960193, 18.138660493302329 ], [ 73.595055802937537, 18.138386515188049 ], [ 73.595342363591428, 18.138388606862364 ] ], [ [ 73.594487059368063, 18.137834374442619 ], [ 73.594489248120937, 18.137560396371683 ], [ 73.595062366637066, 18.137564580796944 ], [ 73.595060178775981, 18.137838558935353 ], [ 73.595346738538055, 18.137840650542209 ], [ 73.595344551084111, 18.138114628706305 ], [ 73.594771430706899, 18.138110444998794 ], [ 73.594773619052631, 18.137836466902158 ], [ 73.594487059368063, 18.137834374442619 ] ], [ [ 73.5956398591306, 18.137020807081004 ], [ 73.595637672238752, 18.137294785302956 ], [ 73.595351113329713, 18.137292694189888 ], [ 73.595353300667426, 18.137018716001659 ], [ 73.5956398591306, 18.137020807081004 ] ], [ [ 73.59650172026798, 18.136753099429992 ], [ 73.596497349198273, 18.137301056084173 ], [ 73.596210790173032, 18.1372989662501 ], [ 73.596215162134499, 18.13675100966331 ], [ 73.59650172026798, 18.136753099429992 ] ], [ [ 73.596508276582227, 18.135931164388378 ], [ 73.59650609118286, 18.136205142743623 ], [ 73.596219533941081, 18.136203053044351 ], [ 73.596221719786314, 18.135929074722803 ], [ 73.596508276582227, 18.135931164388378 ] ], [ [ 73.597096680760586, 18.134017493257051 ], [ 73.597383234551913, 18.13401958140798 ], [ 73.597381050760873, 18.134293559920579 ], [ 73.596807942325341, 18.134289383125118 ], [ 73.596812311651902, 18.133741426226603 ], [ 73.597098864958738, 18.133743514770085 ], [ 73.597096680760586, 18.134017493257051 ] ], [ [ 73.596525758383734, 18.133739337256877 ], [ 73.596527943434751, 18.133465358829248 ], [ 73.596814496257124, 18.133467447765284 ], [ 73.596812311651902, 18.133741426226603 ], [ 73.596525758383734, 18.133739337256877 ] ] ], [ [ [ 73.59817303846377, 18.142793154949334 ], [ 73.59817085477286, 18.143067133305557 ], [ 73.598457423434155, 18.143069220862049 ], [ 73.598461789885263, 18.142521264074261 ], [ 73.597602086693598, 18.142515000327315 ], [ 73.59759990214927, 18.142788978624242 ], [ 73.59817303846377, 18.142793154949334 ] ] ] ] } },
{ "type": "Feature", "properties": { "patch_id": 4165, "area_m2": 493713.39690821164, "area_ha_site": 49.371339690821166, "area_km2": 0.49371339690821164, "site_size_class": "Large", "centroid_x": 351321.02371958073, "centroid_y": 2006118.305831125, "area_rank": 8, "village": "Achaloli", "subdistric": "Mahad", "vlcode": "554992", "population": 964.0, "multihazard_priority_100": 71.334711709760924, "recommendation_rank": 1, "recommendation_status": "Suitable Candidate", "area_ha": 49.371339690821166, "required_area_ha": 9.64, "estimated_capacity_people": 4937.133969082116, "capacity_ratio": 5.1215082666826932, "distance_km": 21.007245058753281, "site_flood": 43.629325866699219, "site_landslide": 15.431212425231934, "site_slope_deg": 2.1298568248748779, "site_road_dist_m": 1340.3326416015625, "final_feasibility_score": 66.851524520026572, "recommendation_reason": "49.4 ha available; capacity ratio 5.1x; 21.0 km from habitation; flood score 43.6; landslide score 15.4; mean slope 2.1°" }, "geometry": { "type": "MultiPolygon", "coordinates": [ [ [ [ 73.599091652144068, 18.135401994854551 ], [ 73.599093833414912, 18.135128016172182 ], [ 73.598807277608387, 18.135125930444197 ], [ 73.59880509589172, 18.135399909092932 ], [ 73.599091652144068, 18.135401994854551 ] ] ], [ [ [ 73.589891129673617, 18.139170724637435 ], [ 73.588744884890971, 18.13916232257268 ], [ 73.588747082756214, 18.13888834521828 ], [ 73.587314279883387, 18.138877833213474 ], [ 73.587309879654683, 18.139425787575224 ], [ 73.58788300247069, 18.139429993791886 ], [ 73.587880803189762, 18.13970397102851 ], [ 73.588167365102137, 18.139706073531173 ], [ 73.588165166228208, 18.139980050793657 ], [ 73.588738291061659, 18.13998425458761 ], [ 73.588736093040708, 18.140258231909822 ], [ 73.58902265596177, 18.140260333201091 ], [ 73.589020458347861, 18.140534310549146 ], [ 73.589307021753825, 18.140536411447894 ], [ 73.589304824546957, 18.140810388821766 ], [ 73.589877952367544, 18.140814589407768 ], [ 73.589875756013726, 18.141088566841329 ], [ 73.590162320428348, 18.141090666528559 ], [ 73.590164516336188, 18.140816689061147 ], [ 73.590451080343698, 18.140818788288108 ], [ 73.590444493841517, 18.141640720767747 ], [ 73.592163886730702, 18.141653307783624 ], [ 73.592161693828245, 18.141927285463684 ], [ 73.592734825994071, 18.141931477791744 ], [ 73.592732633944806, 18.142205455531343 ], [ 73.594452034049738, 18.142218022483465 ], [ 73.594449844637808, 18.142492000417636 ], [ 73.596742383850099, 18.142508732742204 ], [ 73.596746755498842, 18.141960776326304 ], [ 73.597033322182597, 18.141962865880423 ], [ 73.597028951425898, 18.1425108223637 ], [ 73.597602086693598, 18.142515000327315 ], [ 73.597608640094478, 18.141693065388246 ], [ 73.597322073779338, 18.1416909767207 ], [ 73.597324258614947, 18.141416998425264 ], [ 73.597037692784497, 18.141414909364954 ], [ 73.597035507502895, 18.14168888762671 ], [ 73.59646237506611, 18.141684708159406 ], [ 73.596468933470788, 18.140862773552165 ], [ 73.597328628170061, 18.140869041810255 ], [ 73.597330812889581, 18.140595063490686 ], [ 73.597617377420747, 18.140597152023535 ], [ 73.59761956165562, 18.140323173662242 ], [ 73.597906125779488, 18.140325261735004 ], [ 73.59791267691412, 18.13950332650187 ], [ 73.59819923973879, 18.13950541404725 ], [ 73.598203606076652, 18.138957457117616 ], [ 73.598490168048116, 18.138959544169296 ], [ 73.598494533339462, 18.138411587140187 ], [ 73.598207972259843, 18.13840950015582 ], [ 73.598212338288363, 18.137861543161833 ], [ 73.597352657956947, 18.13785527985257 ], [ 73.597354842250894, 18.137581301444524 ], [ 73.598214521244643, 18.13758756465279 ], [ 73.598218887041199, 18.137039607610554 ], [ 73.598505445891348, 18.13704169442666 ], [ 73.598511992958635, 18.136219758702033 ], [ 73.598798550509841, 18.136221844990875 ], [ 73.59880509589172, 18.135399909092932 ], [ 73.597945427366597, 18.135393649250368 ], [ 73.597943244273779, 18.135667627790099 ], [ 73.597656687730236, 18.135665540289679 ], [ 73.597654504152928, 18.135939518787698 ], [ 73.597941061142308, 18.135941606321786 ], [ 73.597938877972169, 18.136215584845438 ], [ 73.597365763140374, 18.136211409283625 ], [ 73.597363579039865, 18.136485387731881 ], [ 73.597077021236132, 18.136483299277842 ], [ 73.597079205782521, 18.136209320863259 ], [ 73.596792648463335, 18.136207232016595 ], [ 73.596794833416865, 18.135933253627652 ], [ 73.597367947202216, 18.135937430827315 ], [ 73.597372315209824, 18.135389473890566 ], [ 73.597085759189483, 18.135387385571246 ], [ 73.59709012793401, 18.134839428669697 ], [ 73.59737668306272, 18.134841516921657 ], [ 73.59737449915562, 18.135115495410133 ], [ 73.597947610420732, 18.135119670702597 ], [ 73.597954159351133, 18.134297735011021 ], [ 73.598240713704271, 18.134299821916859 ], [ 73.598242896157956, 18.134025843303256 ], [ 73.597669788381921, 18.134021669132654 ], [ 73.597674154956408, 18.133473712015977 ], [ 73.597960707933538, 18.133475799247073 ], [ 73.597967256167934, 18.132653863410752 ], [ 73.597107601364428, 18.132647600741812 ], [ 73.597105417321046, 18.132921579260941 ], [ 73.596818865351494, 18.132919490818516 ], [ 73.59681668082365, 18.133193469295918 ], [ 73.596243576109146, 18.133189291065008 ], [ 73.596241390651073, 18.133463269466979 ], [ 73.59595483790612, 18.133461179678473 ], [ 73.595948279962286, 18.134283114735009 ], [ 73.59623483404458, 18.134285204624632 ], [ 73.596232648431666, 18.134559182994437 ], [ 73.596519202998479, 18.134561272491503 ], [ 73.596517017792635, 18.134835250886962 ], [ 73.596803572843967, 18.134837339991467 ], [ 73.596799203207823, 18.135385296825643 ], [ 73.596226091360592, 18.135381118055584 ], [ 73.596223905592808, 18.135655096393211 ], [ 73.595937349281442, 18.135653006335058 ], [ 73.595935163029111, 18.135926984630935 ], [ 73.595648606310633, 18.135924894112772 ], [ 73.59564423279808, 18.136472850612975 ], [ 73.594211445328355, 18.136462391290376 ], [ 73.594209256284671, 18.136736369359742 ], [ 73.593349582930472, 18.136730088549189 ], [ 73.593347392510424, 18.13700406650922 ], [ 73.593060834357402, 18.137001972019299 ], [ 73.593058643452693, 18.137275949937504 ], [ 73.592772084892616, 18.137273854987477 ], [ 73.592767702074994, 18.137821810732191 ], [ 73.592481142661953, 18.137819715288256 ], [ 73.592478950749026, 18.138093693114755 ], [ 73.591905831147614, 18.138089500880259 ], [ 73.591903638304061, 18.138363478631113 ], [ 73.591617078115718, 18.138361381840532 ], [ 73.591614884787404, 18.138635359549525 ], [ 73.591328324191991, 18.138633262298775 ], [ 73.591326130378917, 18.138907239965906 ], [ 73.591039569376434, 18.138905142254963 ], [ 73.591037375078585, 18.139179119880218 ], [ 73.590464252298361, 18.139174923111575 ], [ 73.590462057069772, 18.139448900661112 ], [ 73.589888933553183, 18.139444702119274 ], [ 73.589891129673617, 18.139170724637435 ] ], [ [ 73.597074836651061, 18.136757277684389 ], [ 73.596788278440172, 18.136755188770344 ], [ 73.596790463471109, 18.136481210397488 ], [ 73.597077021236132, 18.136483299277842 ], [ 73.597074836651061, 18.136757277684389 ] ], [ [ 73.594495814146967, 18.136738462110625 ], [ 73.594493625510395, 18.137012440205687 ], [ 73.594207067202234, 18.137010347421057 ], [ 73.594209256284671, 18.136736369359742 ], [ 73.594495814146967, 18.136738462110625 ] ], [ [ 73.590748618886394, 18.139450999292464 ], [ 73.590746424064889, 18.139724976867797 ], [ 73.590459861802316, 18.139722878202608 ], [ 73.590462057069772, 18.139448900661112 ], [ 73.590748618886394, 18.139450999292464 ] ], [ [ 73.596173622247449, 18.141956595938719 ], [ 73.595887055679839, 18.141954505105264 ], [ 73.595889242784182, 18.141680526986345 ], [ 73.596175808905784, 18.141682617786099 ], [ 73.596173622247449, 18.141956595938719 ] ], [ [ 73.595602676701319, 18.141678435760156 ], [ 73.59560486421293, 18.141404457666916 ], [ 73.5958914298498, 18.141406548859393 ], [ 73.595889242784182, 18.141680526986345 ], [ 73.595602676701319, 18.141678435760156 ] ], [ [ 73.594747356345636, 18.141124203530801 ], [ 73.594745167534782, 18.141398181530896 ], [ 73.595031733055407, 18.14140027400267 ], [ 73.595029544651794, 18.141674252028455 ], [ 73.593883281017852, 18.141665879447782 ], [ 73.593885471205482, 18.141391901556986 ], [ 73.593598905839954, 18.141389807379486 ], [ 73.593596715206331, 18.14166378523651 ], [ 73.593310149433577, 18.141661690598813 ], [ 73.593314531554029, 18.141113734944248 ], [ 73.594747356345636, 18.141124203530801 ] ], [ [ 73.593027966712071, 18.141111639947667 ], [ 73.593025775225257, 18.141385617745193 ], [ 73.592739209976131, 18.1413835222884 ], [ 73.592741401908938, 18.141109544524657 ], [ 73.593027966712071, 18.141111639947667 ] ], [ [ 73.590742034305251, 18.140272931994321 ], [ 73.590739839367117, 18.140546909545513 ], [ 73.590453275766691, 18.14054481077881 ], [ 73.590455471150776, 18.14027083326145 ], [ 73.590742034305251, 18.140272931994321 ] ], [ [ 73.594180795188535, 18.140298083529384 ], [ 73.594178605602025, 18.140572061486122 ], [ 73.593892041535653, 18.140569967836324 ], [ 73.593894231568129, 18.140295989913344 ], [ 73.594180795188535, 18.140298083529384 ] ], [ [ 73.596475491527045, 18.140040838872522 ], [ 73.596477677468371, 18.139766860629891 ], [ 73.595904551430152, 18.139762679928708 ], [ 73.595908924980449, 18.139214723554122 ], [ 73.596768611420188, 18.139220993764088 ], [ 73.596770796799433, 18.138947015463629 ], [ 73.597057358577501, 18.138949104647168 ], [ 73.597046433523914, 18.14031899623749 ], [ 73.596759869516106, 18.140316906885502 ], [ 73.596762055050178, 18.14004292861722 ], [ 73.596475491527045, 18.140040838872522 ] ], [ [ 73.591319548706593, 18.139729172919012 ], [ 73.591317354738123, 18.140003150553955 ], [ 73.59103079195188, 18.140001052707714 ], [ 73.591032986366301, 18.139727075106599 ], [ 73.591319548706593, 18.139729172919012 ] ], [ [ 73.595620175709584, 18.139486610788975 ], [ 73.59561798846913, 18.139760588938532 ], [ 73.5950448626633, 18.139756405679002 ], [ 73.595047050795657, 18.139482427596903 ], [ 73.595620175709584, 18.139486610788975 ] ], [ [ 73.593043306033152, 18.13919379513969 ], [ 73.593047688347056, 18.138645839407864 ], [ 73.593334249175427, 18.138647934100447 ], [ 73.59333863044229, 18.13809997826888 ], [ 73.593052070505735, 18.138097883643855 ], [ 73.593054261526845, 18.13782390574978 ], [ 73.593627380546977, 18.137828094505938 ], [ 73.593623000249522, 18.138376050421137 ], [ 73.594482681746015, 18.138382330560354 ], [ 73.594480492876855, 18.138656308607153 ], [ 73.593907370948585, 18.138652122206526 ], [ 73.593905181148799, 18.138926100177773 ], [ 73.593618619796899, 18.138924006304151 ], [ 73.593614239189122, 18.139471962154985 ], [ 73.59332767698416, 18.139469867787454 ], [ 73.593329867753383, 18.139195889899831 ], [ 73.593043306033152, 18.13919379513969 ] ], [ [ 73.59276112755748, 18.13864374428892 ], [ 73.592758935974018, 18.138917722125072 ], [ 73.59247237477733, 18.138915626545973 ], [ 73.592474566806729, 18.138641648743615 ], [ 73.59276112755748, 18.13864374428892 ] ], [ [ 73.595342363591428, 18.138388606862364 ], [ 73.595340176059992, 18.138662585010373 ], [ 73.595053614960193, 18.138660493302329 ], [ 73.595055802937537, 18.138386515188049 ], [ 73.595342363591428, 18.138388606862364 ] ], [ [ 73.594487059368063, 18.137834374442619 ], [ 73.594489248120937, 18.137560396371683 ], [ 73.595062366637066, 18.137564580796944 ], [ 73.595060178775981, 18.137838558935353 ], [ 73.595346738538055, 18.137840650542209 ], [ 73.595344551084111, 18.138114628706305 ], [ 73.594771430706899, 18.138110444998794 ], [ 73.594773619052631, 18.137836466902158 ], [ 73.594487059368063, 18.137834374442619 ] ], [ [ 73.5956398591306, 18.137020807081004 ], [ 73.595637672238752, 18.137294785302956 ], [ 73.595351113329713, 18.137292694189888 ], [ 73.595353300667426, 18.137018716001659 ], [ 73.5956398591306, 18.137020807081004 ] ], [ [ 73.59650172026798, 18.136753099429992 ], [ 73.596497349198273, 18.137301056084173 ], [ 73.596210790173032, 18.1372989662501 ], [ 73.596215162134499, 18.13675100966331 ], [ 73.59650172026798, 18.136753099429992 ] ], [ [ 73.596508276582227, 18.135931164388378 ], [ 73.59650609118286, 18.136205142743623 ], [ 73.596219533941081, 18.136203053044351 ], [ 73.596221719786314, 18.135929074722803 ], [ 73.596508276582227, 18.135931164388378 ] ], [ [ 73.597096680760586, 18.134017493257051 ], [ 73.597383234551913, 18.13401958140798 ], [ 73.597381050760873, 18.134293559920579 ], [ 73.596807942325341, 18.134289383125118 ], [ 73.596812311651902, 18.133741426226603 ], [ 73.597098864958738, 18.133743514770085 ], [ 73.597096680760586, 18.134017493257051 ] ], [ [ 73.596525758383734, 18.133739337256877 ], [ 73.596527943434751, 18.133465358829248 ], [ 73.596814496257124, 18.133467447765284 ], [ 73.596812311651902, 18.133741426226603 ], [ 73.596525758383734, 18.133739337256877 ] ] ], [ [ [ 73.59817303846377, 18.142793154949334 ], [ 73.59817085477286, 18.143067133305557 ], [ 73.598457423434155, 18.143069220862049 ], [ 73.598461789885263, 18.142521264074261 ], [ 73.597602086693598, 18.142515000327315 ], [ 73.59759990214927, 18.142788978624242 ], [ 73.59817303846377, 18.142793154949334 ] ] ] ] } },
{ "type": "Feature", "properties": { "patch_id": 4165, "area_m2": 493713.39690821164, "area_ha_site": 49.371339690821166, "area_km2": 0.49371339690821164, "site_size_class": "Large", "centroid_x": 351321.02371958073, "centroid_y": 2006118.305831125, "area_rank": 8, "village": "Kondiwate", "subdistric": "Mahad", "vlcode": "555066", "population": 1078.0, "multihazard_priority_100": 70.989619962297027, "recommendation_rank": 1, "recommendation_status": "Suitable Candidate", "area_ha": 49.371339690821166, "required_area_ha": 10.78, "estimated_capacity_people": 4937.133969082116, "capacity_ratio": 4.5799016410780293, "distance_km": 15.517845952818169, "site_flood": 43.629325866699219, "site_landslide": 15.431212425231934, "site_slope_deg": 2.1298568248748779, "site_road_dist_m": 1340.3326416015625, "final_feasibility_score": 71.791983715368175, "recommendation_reason": "49.4 ha available; capacity ratio 4.6x; 15.5 km from habitation; flood score 43.6; landslide score 15.4; mean slope 2.1°" }, "geometry": { "type": "MultiPolygon", "coordinates": [ [ [ [ 73.599091652144068, 18.135401994854551 ], [ 73.599093833414912, 18.135128016172182 ], [ 73.598807277608387, 18.135125930444197 ], [ 73.59880509589172, 18.135399909092932 ], [ 73.599091652144068, 18.135401994854551 ] ] ], [ [ [ 73.589891129673617, 18.139170724637435 ], [ 73.588744884890971, 18.13916232257268 ], [ 73.588747082756214, 18.13888834521828 ], [ 73.587314279883387, 18.138877833213474 ], [ 73.587309879654683, 18.139425787575224 ], [ 73.58788300247069, 18.139429993791886 ], [ 73.587880803189762, 18.13970397102851 ], [ 73.588167365102137, 18.139706073531173 ], [ 73.588165166228208, 18.139980050793657 ], [ 73.588738291061659, 18.13998425458761 ], [ 73.588736093040708, 18.140258231909822 ], [ 73.58902265596177, 18.140260333201091 ], [ 73.589020458347861, 18.140534310549146 ], [ 73.589307021753825, 18.140536411447894 ], [ 73.589304824546957, 18.140810388821766 ], [ 73.589877952367544, 18.140814589407768 ], [ 73.589875756013726, 18.141088566841329 ], [ 73.590162320428348, 18.141090666528559 ], [ 73.590164516336188, 18.140816689061147 ], [ 73.590451080343698, 18.140818788288108 ], [ 73.590444493841517, 18.141640720767747 ], [ 73.592163886730702, 18.141653307783624 ], [ 73.592161693828245, 18.141927285463684 ], [ 73.592734825994071, 18.141931477791744 ], [ 73.592732633944806, 18.142205455531343 ], [ 73.594452034049738, 18.142218022483465 ], [ 73.594449844637808, 18.142492000417636 ], [ 73.596742383850099, 18.142508732742204 ], [ 73.596746755498842, 18.141960776326304 ], [ 73.597033322182597, 18.141962865880423 ], [ 73.597028951425898, 18.1425108223637 ], [ 73.597602086693598, 18.142515000327315 ], [ 73.597608640094478, 18.141693065388246 ], [ 73.597322073779338, 18.1416909767207 ], [ 73.597324258614947, 18.141416998425264 ], [ 73.597037692784497, 18.141414909364954 ], [ 73.597035507502895, 18.14168888762671 ], [ 73.59646237506611, 18.141684708159406 ], [ 73.596468933470788, 18.140862773552165 ], [ 73.597328628170061, 18.140869041810255 ], [ 73.597330812889581, 18.140595063490686 ], [ 73.597617377420747, 18.140597152023535 ], [ 73.59761956165562, 18.140323173662242 ], [ 73.597906125779488, 18.140325261735004 ], [ 73.59791267691412, 18.13950332650187 ], [ 73.59819923973879, 18.13950541404725 ], [ 73.598203606076652, 18.138957457117616 ], [ 73.598490168048116, 18.138959544169296 ], [ 73.598494533339462, 18.138411587140187 ], [ 73.598207972259843, 18.13840950015582 ], [ 73.598212338288363, 18.137861543161833 ], [ 73.597352657956947, 18.13785527985257 ], [ 73.597354842250894, 18.137581301444524 ], [ 73.598214521244643, 18.13758756465279 ], [ 73.598218887041199, 18.137039607610554 ], [ 73.598505445891348, 18.13704169442666 ], [ 73.598511992958635, 18.136219758702033 ], [ 73.598798550509841, 18.136221844990875 ], [ 73.59880509589172, 18.135399909092932 ], [ 73.597945427366597, 18.135393649250368 ], [ 73.597943244273779, 18.135667627790099 ], [ 73.597656687730236, 18.135665540289679 ], [ 73.597654504152928, 18.135939518787698 ], [ 73.597941061142308, 18.135941606321786 ], [ 73.597938877972169, 18.136215584845438 ], [ 73.597365763140374, 18.136211409283625 ], [ 73.597363579039865, 18.136485387731881 ], [ 73.597077021236132, 18.136483299277842 ], [ 73.597079205782521, 18.136209320863259 ], [ 73.596792648463335, 18.136207232016595 ], [ 73.596794833416865, 18.135933253627652 ], [ 73.597367947202216, 18.135937430827315 ], [ 73.597372315209824, 18.135389473890566 ], [ 73.597085759189483, 18.135387385571246 ], [ 73.59709012793401, 18.134839428669697 ], [ 73.59737668306272, 18.134841516921657 ], [ 73.59737449915562, 18.135115495410133 ], [ 73.597947610420732, 18.135119670702597 ], [ 73.597954159351133, 18.134297735011021 ], [ 73.598240713704271, 18.134299821916859 ], [ 73.598242896157956, 18.134025843303256 ], [ 73.597669788381921, 18.134021669132654 ], [ 73.597674154956408, 18.133473712015977 ], [ 73.597960707933538, 18.133475799247073 ], [ 73.597967256167934, 18.132653863410752 ], [ 73.597107601364428, 18.132647600741812 ], [ 73.597105417321046, 18.132921579260941 ], [ 73.596818865351494, 18.132919490818516 ], [ 73.59681668082365, 18.133193469295918 ], [ 73.596243576109146, 18.133189291065008 ], [ 73.596241390651073, 18.133463269466979 ], [ 73.59595483790612, 18.133461179678473 ], [ 73.595948279962286, 18.134283114735009 ], [ 73.59623483404458, 18.134285204624632 ], [ 73.596232648431666, 18.134559182994437 ], [ 73.596519202998479, 18.134561272491503 ], [ 73.596517017792635, 18.134835250886962 ], [ 73.596803572843967, 18.134837339991467 ], [ 73.596799203207823, 18.135385296825643 ], [ 73.596226091360592, 18.135381118055584 ], [ 73.596223905592808, 18.135655096393211 ], [ 73.595937349281442, 18.135653006335058 ], [ 73.595935163029111, 18.135926984630935 ], [ 73.595648606310633, 18.135924894112772 ], [ 73.59564423279808, 18.136472850612975 ], [ 73.594211445328355, 18.136462391290376 ], [ 73.594209256284671, 18.136736369359742 ], [ 73.593349582930472, 18.136730088549189 ], [ 73.593347392510424, 18.13700406650922 ], [ 73.593060834357402, 18.137001972019299 ], [ 73.593058643452693, 18.137275949937504 ], [ 73.592772084892616, 18.137273854987477 ], [ 73.592767702074994, 18.137821810732191 ], [ 73.592481142661953, 18.137819715288256 ], [ 73.592478950749026, 18.138093693114755 ], [ 73.591905831147614, 18.138089500880259 ], [ 73.591903638304061, 18.138363478631113 ], [ 73.591617078115718, 18.138361381840532 ], [ 73.591614884787404, 18.138635359549525 ], [ 73.591328324191991, 18.138633262298775 ], [ 73.591326130378917, 18.138907239965906 ], [ 73.591039569376434, 18.138905142254963 ], [ 73.591037375078585, 18.139179119880218 ], [ 73.590464252298361, 18.139174923111575 ], [ 73.590462057069772, 18.139448900661112 ], [ 73.589888933553183, 18.139444702119274 ], [ 73.589891129673617, 18.139170724637435 ] ], [ [ 73.597074836651061, 18.136757277684389 ], [ 73.596788278440172, 18.136755188770344 ], [ 73.596790463471109, 18.136481210397488 ], [ 73.597077021236132, 18.136483299277842 ], [ 73.597074836651061, 18.136757277684389 ] ], [ [ 73.594495814146967, 18.136738462110625 ], [ 73.594493625510395, 18.137012440205687 ], [ 73.594207067202234, 18.137010347421057 ], [ 73.594209256284671, 18.136736369359742 ], [ 73.594495814146967, 18.136738462110625 ] ], [ [ 73.590748618886394, 18.139450999292464 ], [ 73.590746424064889, 18.139724976867797 ], [ 73.590459861802316, 18.139722878202608 ], [ 73.590462057069772, 18.139448900661112 ], [ 73.590748618886394, 18.139450999292464 ] ], [ [ 73.596173622247449, 18.141956595938719 ], [ 73.595887055679839, 18.141954505105264 ], [ 73.595889242784182, 18.141680526986345 ], [ 73.596175808905784, 18.141682617786099 ], [ 73.596173622247449, 18.141956595938719 ] ], [ [ 73.595602676701319, 18.141678435760156 ], [ 73.59560486421293, 18.141404457666916 ], [ 73.5958914298498, 18.141406548859393 ], [ 73.595889242784182, 18.141680526986345 ], [ 73.595602676701319, 18.141678435760156 ] ], [ [ 73.594747356345636, 18.141124203530801 ], [ 73.594745167534782, 18.141398181530896 ], [ 73.595031733055407, 18.14140027400267 ], [ 73.595029544651794, 18.141674252028455 ], [ 73.593883281017852, 18.141665879447782 ], [ 73.593885471205482, 18.141391901556986 ], [ 73.593598905839954, 18.141389807379486 ], [ 73.593596715206331, 18.14166378523651 ], [ 73.593310149433577, 18.141661690598813 ], [ 73.593314531554029, 18.141113734944248 ], [ 73.594747356345636, 18.141124203530801 ] ], [ [ 73.593027966712071, 18.141111639947667 ], [ 73.593025775225257, 18.141385617745193 ], [ 73.592739209976131, 18.1413835222884 ], [ 73.592741401908938, 18.141109544524657 ], [ 73.593027966712071, 18.141111639947667 ] ], [ [ 73.590742034305251, 18.140272931994321 ], [ 73.590739839367117, 18.140546909545513 ], [ 73.590453275766691, 18.14054481077881 ], [ 73.590455471150776, 18.14027083326145 ], [ 73.590742034305251, 18.140272931994321 ] ], [ [ 73.594180795188535, 18.140298083529384 ], [ 73.594178605602025, 18.140572061486122 ], [ 73.593892041535653, 18.140569967836324 ], [ 73.593894231568129, 18.140295989913344 ], [ 73.594180795188535, 18.140298083529384 ] ], [ [ 73.596475491527045, 18.140040838872522 ], [ 73.596477677468371, 18.139766860629891 ], [ 73.595904551430152, 18.139762679928708 ], [ 73.595908924980449, 18.139214723554122 ], [ 73.596768611420188, 18.139220993764088 ], [ 73.596770796799433, 18.138947015463629 ], [ 73.597057358577501, 18.138949104647168 ], [ 73.597046433523914, 18.14031899623749 ], [ 73.596759869516106, 18.140316906885502 ], [ 73.596762055050178, 18.14004292861722 ], [ 73.596475491527045, 18.140040838872522 ] ], [ [ 73.591319548706593, 18.139729172919012 ], [ 73.591317354738123, 18.140003150553955 ], [ 73.59103079195188, 18.140001052707714 ], [ 73.591032986366301, 18.139727075106599 ], [ 73.591319548706593, 18.139729172919012 ] ], [ [ 73.595620175709584, 18.139486610788975 ], [ 73.59561798846913, 18.139760588938532 ], [ 73.5950448626633, 18.139756405679002 ], [ 73.595047050795657, 18.139482427596903 ], [ 73.595620175709584, 18.139486610788975 ] ], [ [ 73.593043306033152, 18.13919379513969 ], [ 73.593047688347056, 18.138645839407864 ], [ 73.593334249175427, 18.138647934100447 ], [ 73.59333863044229, 18.13809997826888 ], [ 73.593052070505735, 18.138097883643855 ], [ 73.593054261526845, 18.13782390574978 ], [ 73.593627380546977, 18.137828094505938 ], [ 73.593623000249522, 18.138376050421137 ], [ 73.594482681746015, 18.138382330560354 ], [ 73.594480492876855, 18.138656308607153 ], [ 73.593907370948585, 18.138652122206526 ], [ 73.593905181148799, 18.138926100177773 ], [ 73.593618619796899, 18.138924006304151 ], [ 73.593614239189122, 18.139471962154985 ], [ 73.59332767698416, 18.139469867787454 ], [ 73.593329867753383, 18.139195889899831 ], [ 73.593043306033152, 18.13919379513969 ] ], [ [ 73.59276112755748, 18.13864374428892 ], [ 73.592758935974018, 18.138917722125072 ], [ 73.59247237477733, 18.138915626545973 ], [ 73.592474566806729, 18.138641648743615 ], [ 73.59276112755748, 18.13864374428892 ] ], [ [ 73.595342363591428, 18.138388606862364 ], [ 73.595340176059992, 18.138662585010373 ], [ 73.595053614960193, 18.138660493302329 ], [ 73.595055802937537, 18.138386515188049 ], [ 73.595342363591428, 18.138388606862364 ] ], [ [ 73.594487059368063, 18.137834374442619 ], [ 73.594489248120937, 18.137560396371683 ], [ 73.595062366637066, 18.137564580796944 ], [ 73.595060178775981, 18.137838558935353 ], [ 73.595346738538055, 18.137840650542209 ], [ 73.595344551084111, 18.138114628706305 ], [ 73.594771430706899, 18.138110444998794 ], [ 73.594773619052631, 18.137836466902158 ], [ 73.594487059368063, 18.137834374442619 ] ], [ [ 73.5956398591306, 18.137020807081004 ], [ 73.595637672238752, 18.137294785302956 ], [ 73.595351113329713, 18.137292694189888 ], [ 73.595353300667426, 18.137018716001659 ], [ 73.5956398591306, 18.137020807081004 ] ], [ [ 73.59650172026798, 18.136753099429992 ], [ 73.596497349198273, 18.137301056084173 ], [ 73.596210790173032, 18.1372989662501 ], [ 73.596215162134499, 18.13675100966331 ], [ 73.59650172026798, 18.136753099429992 ] ], [ [ 73.596508276582227, 18.135931164388378 ], [ 73.59650609118286, 18.136205142743623 ], [ 73.596219533941081, 18.136203053044351 ], [ 73.596221719786314, 18.135929074722803 ], [ 73.596508276582227, 18.135931164388378 ] ], [ [ 73.597096680760586, 18.134017493257051 ], [ 73.597383234551913, 18.13401958140798 ], [ 73.597381050760873, 18.134293559920579 ], [ 73.596807942325341, 18.134289383125118 ], [ 73.596812311651902, 18.133741426226603 ], [ 73.597098864958738, 18.133743514770085 ], [ 73.597096680760586, 18.134017493257051 ] ], [ [ 73.596525758383734, 18.133739337256877 ], [ 73.596527943434751, 18.133465358829248 ], [ 73.596814496257124, 18.133467447765284 ], [ 73.596812311651902, 18.133741426226603 ], [ 73.596525758383734, 18.133739337256877 ] ] ], [ [ [ 73.59817303846377, 18.142793154949334 ], [ 73.59817085477286, 18.143067133305557 ], [ 73.598457423434155, 18.143069220862049 ], [ 73.598461789885263, 18.142521264074261 ], [ 73.597602086693598, 18.142515000327315 ], [ 73.59759990214927, 18.142788978624242 ], [ 73.59817303846377, 18.142793154949334 ] ] ] ] } },
{ "type": "Feature", "properties": { "patch_id": 3588, "area_m2": 477164.34449771553, "area_ha_site": 47.716434449771555, "area_km2": 0.47716434449771555, "site_size_class": "Large", "centroid_x": 329876.61252943869, "centroid_y": 2036483.4510180852, "area_rank": 9, "village": "Varchiwadi", "subdistric": "Mangaon", "vlcode": "554554", "population": 898.0, "multihazard_priority_100": 77.071898203611681, "recommendation_rank": 1, "recommendation_status": "Strong Candidate", "area_ha": 47.716434449771562, "required_area_ha": 8.98, "estimated_capacity_people": 4771.6434449771568, "capacity_ratio": 5.3136341258097524, "distance_km": 3.2049082300611733, "site_flood": 39.505401611328125, "site_landslide": 11.250994682312012, "site_slope_deg": 2.4479162693023682, "site_road_dist_m": 1125.5762939453125, "final_feasibility_score": 83.857847670632552, "recommendation_reason": "47.7 ha available; capacity ratio 5.3x; 3.2 km from habitation; flood score 39.5; landslide score 11.3; mean slope 2.4°" }, "geometry": { "type": "MultiPolygon", "coordinates": [ [ [ [ 73.389307081341087, 18.417319278303449 ], [ 73.38988106486849, 18.417324144839746 ], [ 73.389878516138253, 18.417598089014938 ], [ 73.390165508422768, 18.417600521671979 ], [ 73.390173153118099, 18.416778689005586 ], [ 73.39046014408585, 18.41678112111331 ], [ 73.39046778701794, 18.415959288256744 ], [ 73.390754776668999, 18.415961719815176 ], [ 73.390757323769975, 18.415687775474503 ], [ 73.391044313011875, 18.41569020656107 ], [ 73.391049406172414, 18.415142317777658 ], [ 73.391336394551459, 18.415144748353693 ], [ 73.391346578522061, 18.414048970533397 ], [ 73.391633565130789, 18.414051400521576 ], [ 73.391636110558181, 18.413777456007264 ], [ 73.391923096757807, 18.413779885523653 ], [ 73.391925641686882, 18.413505940962441 ], [ 73.392212627477406, 18.413508370007044 ], [ 73.392215171908191, 18.413234425398944 ], [ 73.392502157289599, 18.413236853971778 ], [ 73.392507245109996, 18.412688964653597 ], [ 73.39279422962862, 18.412691392716031 ], [ 73.392799316363366, 18.412143503287641 ], [ 73.39308630001922, 18.412145930839699 ], [ 73.393091385668328, 18.411598041301133 ], [ 73.392804402919793, 18.411595613826343 ], [ 73.392809489297903, 18.411047724332143 ], [ 73.391948544041554, 18.41104043954126 ], [ 73.391953632963109, 18.410492550246044 ], [ 73.391666652207419, 18.410490121193629 ], [ 73.39166919705491, 18.410216176572348 ], [ 73.391382216797425, 18.41021374712556 ], [ 73.391384762053917, 18.409939802534716 ], [ 73.39023684328464, 18.409930080571975 ], [ 73.390234296213762, 18.410204025008071 ], [ 73.38994731617943, 18.41020159339611 ], [ 73.389952411183756, 18.409653704593111 ], [ 73.391387307265788, 18.40966585793565 ], [ 73.391392397555677, 18.409117968712831 ], [ 73.391679375998805, 18.409120398004937 ], [ 73.39168192062327, 18.408846453342516 ], [ 73.39196889865741, 18.408848882162953 ], [ 73.391971442783714, 18.40857493745364 ], [ 73.392258420408893, 18.408577365802419 ], [ 73.39226096403705, 18.408303421046227 ], [ 73.392547941253255, 18.408305848923359 ], [ 73.392545398078667, 18.4085797937182 ], [ 73.39283237579302, 18.408582221200984 ], [ 73.392822204463144, 18.409678000452658 ], [ 73.393970123023408, 18.409687706671846 ], [ 73.393972664108389, 18.409413761716763 ], [ 73.393685684855086, 18.409411335850116 ], [ 73.393688226349099, 18.40913739092543 ], [ 73.39397520514882, 18.409139816753463 ], [ 73.393977746144728, 18.408865871781927 ], [ 73.394264724535418, 18.408868297138344 ], [ 73.394274886259396, 18.40777251701553 ], [ 73.393987909682906, 18.407770091813546 ], [ 73.393990450456101, 18.407496146800884 ], [ 73.393703474377688, 18.407493721204542 ], [ 73.393706015559857, 18.40721977622227 ], [ 73.392845088952484, 18.407212496951303 ], [ 73.392842546409739, 18.407486441817696 ], [ 73.392555570509558, 18.40748401448948 ], [ 73.392553027468708, 18.407757959308999 ], [ 73.392266051159567, 18.407755531509167 ], [ 73.392263507620598, 18.408029476281808 ], [ 73.391402577600147, 18.40802219016847 ], [ 73.391400032655937, 18.408296134816901 ], [ 73.391113055618121, 18.408293705207821 ], [ 73.391115601015869, 18.408019760598066 ], [ 73.389106766175715, 18.408002741481813 ], [ 73.389104217603162, 18.408276685820638 ], [ 73.387956311148741, 18.408266950930862 ], [ 73.387953760717309, 18.408540895106487 ], [ 73.387666783761901, 18.408538460262829 ], [ 73.387664232832222, 18.408812404391469 ], [ 73.387090278148435, 18.408807533327629 ], [ 73.387087726266898, 18.409081477370506 ], [ 73.386800748538533, 18.409079041150314 ], [ 73.386798196158708, 18.409352985146171 ], [ 73.386511218021511, 18.409350548454192 ], [ 73.386508665143353, 18.40962449240304 ], [ 73.385934708096073, 18.409619617642445 ], [ 73.385932154266001, 18.409893561505474 ], [ 73.38564517535589, 18.409891123436843 ], [ 73.385650283878448, 18.409343235780185 ], [ 73.385076328006932, 18.409338358499138 ], [ 73.385078883108193, 18.409064414736108 ], [ 73.384217950997524, 18.40905709568348 ], [ 73.384220507414682, 18.408783152028718 ], [ 73.383646553805406, 18.408778270573006 ], [ 73.383643996481126, 18.409052214150066 ], [ 73.383930973716929, 18.409054655133271 ], [ 73.383928416801382, 18.409328598740949 ], [ 73.384215394535559, 18.409331039330002 ], [ 73.384212838028787, 18.409604982968307 ], [ 73.383925859841028, 18.409602542340394 ], [ 73.383920745785858, 18.410150429514609 ], [ 73.38449470402054, 18.410155310492794 ], [ 73.384492147832916, 18.410429254145246 ], [ 73.385066107154003, 18.410434133468986 ], [ 73.385063551828807, 18.410708077190865 ], [ 73.386211472822836, 18.410717830797164 ], [ 73.386208919267318, 18.410991774666069 ], [ 73.385921938498029, 18.410989336875261 ], [ 73.385916830345465, 18.411537224510774 ], [ 73.385342867126681, 18.411532347474751 ], [ 73.385340312075954, 18.411806291202542 ], [ 73.38591427620203, 18.411811168316184 ], [ 73.385906613503124, 18.412632999683044 ], [ 73.386480580530204, 18.412637875297197 ], [ 73.386478027115047, 18.412911819147283 ], [ 73.387051995228475, 18.412916693106634 ], [ 73.387046890078665, 18.413464580937262 ], [ 73.38733387510986, 18.413467017344843 ], [ 73.387338979352307, 18.412919129436666 ], [ 73.387625963520875, 18.412921565333598 ], [ 73.387628515121321, 18.4126476213284 ], [ 73.388776450427969, 18.412657360430106 ], [ 73.388773900642221, 18.412931304590305 ], [ 73.388486916294838, 18.412928870425784 ], [ 73.388479265308376, 18.413750702740796 ], [ 73.388192279644613, 18.413748268026936 ], [ 73.388189728772687, 18.414022212076731 ], [ 73.387615756671849, 18.414017341272103 ], [ 73.387613204847781, 18.414291285236153 ], [ 73.38732621841072, 18.414288849145382 ], [ 73.387323666088221, 18.414562793062434 ], [ 73.386749692440858, 18.414557919503928 ], [ 73.386744585846728, 18.41510580715822 ], [ 73.387031573555504, 18.415108244231611 ], [ 73.387026467689878, 18.415656131930543 ], [ 73.387600445056648, 18.415661004932947 ], [ 73.387602997104324, 18.415387061010048 ], [ 73.38846396212864, 18.415394367148618 ], [ 73.388461411442222, 18.415668311187783 ], [ 73.388748400326833, 18.415670745739718 ], [ 73.388745850049489, 18.415944689809393 ], [ 73.389032839432559, 18.415947123966898 ], [ 73.38902773965134, 18.416495012159025 ], [ 73.389314729986651, 18.416497445960811 ], [ 73.389307081341087, 18.417319278303449 ] ], [ [ 73.389944768610292, 18.410475537785267 ], [ 73.388796847105198, 18.410465806852201 ], [ 73.388799396488764, 18.410191862617935 ], [ 73.388225436911497, 18.410186994630653 ], [ 73.388227987157578, 18.40991305046564 ], [ 73.3890889252297, 18.409920351680796 ], [ 73.389096571617486, 18.409098518787747 ], [ 73.389383549703481, 18.409100951543905 ], [ 73.389381001405795, 18.40937489588854 ], [ 73.389667979990037, 18.409377328250407 ], [ 73.389660336189763, 18.41019916135112 ], [ 73.38994731617943, 18.41020159339611 ], [ 73.389944768610292, 18.410475537785267 ] ], [ [ 73.388240737717439, 18.408543329517162 ], [ 73.388235637627588, 18.409091217921237 ], [ 73.388522615579518, 18.409093651976416 ], [ 73.388520065921128, 18.409367596204849 ], [ 73.387946109154797, 18.409362727584 ], [ 73.387953760717309, 18.408540895106487 ], [ 73.388240737717439, 18.408543329517162 ] ], [ [ 73.388807044371333, 18.409370029865762 ], [ 73.388804495121832, 18.409643974124716 ], [ 73.38851751621803, 18.409641540425067 ], [ 73.388520065921128, 18.409367596204849 ], [ 73.388807044371333, 18.409370029865762 ] ], [ [ 73.388784099517082, 18.411835527900109 ], [ 73.389071082094503, 18.4118379614766 ], [ 73.389068532896474, 18.412111905700222 ], [ 73.389355515972227, 18.412114338882368 ], [ 73.389350418349451, 18.412662227382391 ], [ 73.388776450427969, 18.412657360430106 ], [ 73.388784099517082, 18.411835527900109 ] ], [ [ 73.389053236770025, 18.413755570869174 ], [ 73.389050687259214, 18.4140295150352 ], [ 73.38847671489016, 18.414024646829343 ], [ 73.388479265308376, 18.413750702740796 ], [ 73.389053236770025, 18.413755570869174 ] ], [ [ 73.389317279445805, 18.416223501830132 ], [ 73.389604269372001, 18.41622593516 ], [ 73.389601720366613, 18.4164998793294 ], [ 73.389314729986651, 18.416497445960811 ], [ 73.389317279445805, 18.416223501830132 ] ], [ [ 73.387900191329564, 18.414293720893788 ], [ 73.388187177856054, 18.414296156118294 ], [ 73.388184626894727, 18.414570100151632 ], [ 73.387897639914499, 18.41456766488837 ], [ 73.387900191329564, 18.414293720893788 ] ], [ [ 73.390777698970908, 18.413496220452839 ], [ 73.391351670239658, 18.413501081573877 ], [ 73.391349124403177, 18.413775026057749 ], [ 73.391062138292781, 18.413772595675113 ], [ 73.391059591957955, 18.414046540112079 ], [ 73.390772605438485, 18.414044109257631 ], [ 73.390777698970908, 18.413496220452839 ] ], [ [ 73.389632305483133, 18.413212548753432 ], [ 73.389919290462913, 18.413214981224261 ], [ 73.38991419429756, 18.413762869813315 ], [ 73.389627208410374, 18.413760437265058 ], [ 73.389632305483133, 18.413212548753432 ] ], [ [ 73.391072323185796, 18.412676817844957 ], [ 73.391069777029486, 18.412950762314836 ], [ 73.391356761778781, 18.412953192581437 ], [ 73.39135421603153, 18.413227137081769 ], [ 73.390780245670172, 18.413222276038098 ], [ 73.390785338934805, 18.412674387183934 ], [ 73.391072323185796, 18.412676817844957 ] ], [ [ 73.389924386449636, 18.412667092602298 ], [ 73.389932030094798, 18.411845259607627 ], [ 73.390219012850878, 18.411847691451822 ], [ 73.390216465467475, 18.412121635830307 ], [ 73.390503448721873, 18.412124067280118 ], [ 73.390505995651623, 18.411850122862933 ], [ 73.391653927300879, 18.411859844176636 ], [ 73.391651382185742, 18.412133788748548 ], [ 73.391938365663265, 18.412136218032948 ], [ 73.391935820957187, 18.412410162635304 ], [ 73.391648837026011, 18.412407733312243 ], [ 73.391646291821658, 18.412681677867706 ], [ 73.391359307481423, 18.412679248072877 ], [ 73.391361853139443, 18.412405303556088 ], [ 73.39078788550016, 18.412400442744509 ], [ 73.390785338934805, 18.412674387183934 ], [ 73.389924386449636, 18.412667092602298 ] ], [ [ 73.391943454941611, 18.41158832880356 ], [ 73.392230437556407, 18.411590757577564 ], [ 73.392225349185367, 18.412138646884266 ], [ 73.391938365663265, 18.412136218032948 ], [ 73.391943454941611, 18.41158832880356 ] ], [ [ 73.386775222726854, 18.411818480738624 ], [ 73.387062204991295, 18.411820917346624 ], [ 73.387059652617694, 18.412094861298971 ], [ 73.386772669899614, 18.412092424652187 ], [ 73.386775222726854, 18.411818480738624 ] ], [ [ 73.389650143830821, 18.411294938703524 ], [ 73.39022410748376, 18.411299802670147 ], [ 73.390221560189644, 18.411573747065098 ], [ 73.389647595629427, 18.411568883021051 ], [ 73.389650143830821, 18.411294938703524 ] ], [ [ 73.390798071315302, 18.41130466490452 ], [ 73.390795524928464, 18.411578609376864 ], [ 73.390508542536736, 18.41157617843751 ], [ 73.390513636173054, 18.41102828956199 ], [ 73.390800617657504, 18.411030720423955 ], [ 73.390803163955084, 18.410756775935159 ], [ 73.391377126150616, 18.410761636282555 ], [ 73.391374580760299, 18.411035580848718 ], [ 73.391087599186591, 18.411033150852866 ], [ 73.391085053298028, 18.411307095372116 ], [ 73.390798071315302, 18.41130466490452 ] ], [ [ 73.391372035325361, 18.411309525406647 ], [ 73.3913694898458, 18.411583469956344 ], [ 73.391082507364828, 18.411581039883135 ], [ 73.391085053298028, 18.411307095372116 ], [ 73.391372035325361, 18.411309525406647 ] ], [ [ 73.387935906445534, 18.410458504105492 ], [ 73.388222886620724, 18.410460938787434 ], [ 73.388215235480189, 18.411282771208406 ], [ 73.387928253944139, 18.411280336410201 ], [ 73.387935906445534, 18.410458504105492 ] ], [ [ 73.386219133220848, 18.409895999141071 ], [ 73.386506112220459, 18.409898436343653 ], [ 73.386503559252816, 18.410172380276045 ], [ 73.386216579799594, 18.410169943034671 ], [ 73.386219133220848, 18.409895999141071 ] ], [ [ 73.38708517434064, 18.409355421405145 ], [ 73.387372152567309, 18.409357857231107 ], [ 73.38736704948775, 18.409905745353257 ], [ 73.387080070353917, 18.409903309449742 ], [ 73.38708517434064, 18.409355421405145 ] ], [ [ 73.392837461190524, 18.408034331525791 ], [ 73.393124438042349, 18.408036758498312 ], [ 73.393121895819419, 18.408310703378664 ], [ 73.392834918514055, 18.408308276367503 ], [ 73.392837461190524, 18.408034331525791 ] ] ], [ [ [ 73.38675224567082, 18.414283975664436 ], [ 73.386465259367966, 18.41428153827426 ], [ 73.386462705684309, 18.414555482074963 ], [ 73.386749692440858, 18.414557919503928 ], [ 73.38675224567082, 18.414283975664436 ] ] ] ] } },
{ "type": "Feature", "properties": { "patch_id": 3588, "area_m2": 477164.34449771553, "area_ha_site": 47.716434449771555, "area_km2": 0.47716434449771555, "site_size_class": "Large", "centroid_x": 329876.61252943869, "centroid_y": 2036483.4510180852, "area_rank": 9, "village": "Palasgaon Bk", "subdistric": "Mangaon", "vlcode": "554606", "population": 893.0, "multihazard_priority_100": 74.673443203129111, "recommendation_rank": 1, "recommendation_status": "Suitable Candidate", "area_ha": 47.716434449771562, "required_area_ha": 8.93, "estimated_capacity_people": 4771.6434449771568, "capacity_ratio": 5.3433857166597498, "distance_km": 19.086770703540392, "site_flood": 39.505401611328125, "site_landslide": 11.250994682312012, "site_slope_deg": 2.4479162693023682, "site_road_dist_m": 1125.5762939453125, "final_feasibility_score": 69.56417144450127, "recommendation_reason": "47.7 ha available; capacity ratio 5.3x; 19.1 km from habitation; flood score 39.5; landslide score 11.3; mean slope 2.4°" }, "geometry": { "type": "MultiPolygon", "coordinates": [ [ [ [ 73.389307081341087, 18.417319278303449 ], [ 73.38988106486849, 18.417324144839746 ], [ 73.389878516138253, 18.417598089014938 ], [ 73.390165508422768, 18.417600521671979 ], [ 73.390173153118099, 18.416778689005586 ], [ 73.39046014408585, 18.41678112111331 ], [ 73.39046778701794, 18.415959288256744 ], [ 73.390754776668999, 18.415961719815176 ], [ 73.390757323769975, 18.415687775474503 ], [ 73.391044313011875, 18.41569020656107 ], [ 73.391049406172414, 18.415142317777658 ], [ 73.391336394551459, 18.415144748353693 ], [ 73.391346578522061, 18.414048970533397 ], [ 73.391633565130789, 18.414051400521576 ], [ 73.391636110558181, 18.413777456007264 ], [ 73.391923096757807, 18.413779885523653 ], [ 73.391925641686882, 18.413505940962441 ], [ 73.392212627477406, 18.413508370007044 ], [ 73.392215171908191, 18.413234425398944 ], [ 73.392502157289599, 18.413236853971778 ], [ 73.392507245109996, 18.412688964653597 ], [ 73.39279422962862, 18.412691392716031 ], [ 73.392799316363366, 18.412143503287641 ], [ 73.39308630001922, 18.412145930839699 ], [ 73.393091385668328, 18.411598041301133 ], [ 73.392804402919793, 18.411595613826343 ], [ 73.392809489297903, 18.411047724332143 ], [ 73.391948544041554, 18.41104043954126 ], [ 73.391953632963109, 18.410492550246044 ], [ 73.391666652207419, 18.410490121193629 ], [ 73.39166919705491, 18.410216176572348 ], [ 73.391382216797425, 18.41021374712556 ], [ 73.391384762053917, 18.409939802534716 ], [ 73.39023684328464, 18.409930080571975 ], [ 73.390234296213762, 18.410204025008071 ], [ 73.38994731617943, 18.41020159339611 ], [ 73.389952411183756, 18.409653704593111 ], [ 73.391387307265788, 18.40966585793565 ], [ 73.391392397555677, 18.409117968712831 ], [ 73.391679375998805, 18.409120398004937 ], [ 73.39168192062327, 18.408846453342516 ], [ 73.39196889865741, 18.408848882162953 ], [ 73.391971442783714, 18.40857493745364 ], [ 73.392258420408893, 18.408577365802419 ], [ 73.39226096403705, 18.408303421046227 ], [ 73.392547941253255, 18.408305848923359 ], [ 73.392545398078667, 18.4085797937182 ], [ 73.39283237579302, 18.408582221200984 ], [ 73.392822204463144, 18.409678000452658 ], [ 73.393970123023408, 18.409687706671846 ], [ 73.393972664108389, 18.409413761716763 ], [ 73.393685684855086, 18.409411335850116 ], [ 73.393688226349099, 18.40913739092543 ], [ 73.39397520514882, 18.409139816753463 ], [ 73.393977746144728, 18.408865871781927 ], [ 73.394264724535418, 18.408868297138344 ], [ 73.394274886259396, 18.40777251701553 ], [ 73.393987909682906, 18.407770091813546 ], [ 73.393990450456101, 18.407496146800884 ], [ 73.393703474377688, 18.407493721204542 ], [ 73.393706015559857, 18.40721977622227 ], [ 73.392845088952484, 18.407212496951303 ], [ 73.392842546409739, 18.407486441817696 ], [ 73.392555570509558, 18.40748401448948 ], [ 73.392553027468708, 18.407757959308999 ], [ 73.392266051159567, 18.407755531509167 ], [ 73.392263507620598, 18.408029476281808 ], [ 73.391402577600147, 18.40802219016847 ], [ 73.391400032655937, 18.408296134816901 ], [ 73.391113055618121, 18.408293705207821 ], [ 73.391115601015869, 18.408019760598066 ], [ 73.389106766175715, 18.408002741481813 ], [ 73.389104217603162, 18.408276685820638 ], [ 73.387956311148741, 18.408266950930862 ], [ 73.387953760717309, 18.408540895106487 ], [ 73.387666783761901, 18.408538460262829 ], [ 73.387664232832222, 18.408812404391469 ], [ 73.387090278148435, 18.408807533327629 ], [ 73.387087726266898, 18.409081477370506 ], [ 73.386800748538533, 18.409079041150314 ], [ 73.386798196158708, 18.409352985146171 ], [ 73.386511218021511, 18.409350548454192 ], [ 73.386508665143353, 18.40962449240304 ], [ 73.385934708096073, 18.409619617642445 ], [ 73.385932154266001, 18.409893561505474 ], [ 73.38564517535589, 18.409891123436843 ], [ 73.385650283878448, 18.409343235780185 ], [ 73.385076328006932, 18.409338358499138 ], [ 73.385078883108193, 18.409064414736108 ], [ 73.384217950997524, 18.40905709568348 ], [ 73.384220507414682, 18.408783152028718 ], [ 73.383646553805406, 18.408778270573006 ], [ 73.383643996481126, 18.409052214150066 ], [ 73.383930973716929, 18.409054655133271 ], [ 73.383928416801382, 18.409328598740949 ], [ 73.384215394535559, 18.409331039330002 ], [ 73.384212838028787, 18.409604982968307 ], [ 73.383925859841028, 18.409602542340394 ], [ 73.383920745785858, 18.410150429514609 ], [ 73.38449470402054, 18.410155310492794 ], [ 73.384492147832916, 18.410429254145246 ], [ 73.385066107154003, 18.410434133468986 ], [ 73.385063551828807, 18.410708077190865 ], [ 73.386211472822836, 18.410717830797164 ], [ 73.386208919267318, 18.410991774666069 ], [ 73.385921938498029, 18.410989336875261 ], [ 73.385916830345465, 18.411537224510774 ], [ 73.385342867126681, 18.411532347474751 ], [ 73.385340312075954, 18.411806291202542 ], [ 73.38591427620203, 18.411811168316184 ], [ 73.385906613503124, 18.412632999683044 ], [ 73.386480580530204, 18.412637875297197 ], [ 73.386478027115047, 18.412911819147283 ], [ 73.387051995228475, 18.412916693106634 ], [ 73.387046890078665, 18.413464580937262 ], [ 73.38733387510986, 18.413467017344843 ], [ 73.387338979352307, 18.412919129436666 ], [ 73.387625963520875, 18.412921565333598 ], [ 73.387628515121321, 18.4126476213284 ], [ 73.388776450427969, 18.412657360430106 ], [ 73.388773900642221, 18.412931304590305 ], [ 73.388486916294838, 18.412928870425784 ], [ 73.388479265308376, 18.413750702740796 ], [ 73.388192279644613, 18.413748268026936 ], [ 73.388189728772687, 18.414022212076731 ], [ 73.387615756671849, 18.414017341272103 ], [ 73.387613204847781, 18.414291285236153 ], [ 73.38732621841072, 18.414288849145382 ], [ 73.387323666088221, 18.414562793062434 ], [ 73.386749692440858, 18.414557919503928 ], [ 73.386744585846728, 18.41510580715822 ], [ 73.387031573555504, 18.415108244231611 ], [ 73.387026467689878, 18.415656131930543 ], [ 73.387600445056648, 18.415661004932947 ], [ 73.387602997104324, 18.415387061010048 ], [ 73.38846396212864, 18.415394367148618 ], [ 73.388461411442222, 18.415668311187783 ], [ 73.388748400326833, 18.415670745739718 ], [ 73.388745850049489, 18.415944689809393 ], [ 73.389032839432559, 18.415947123966898 ], [ 73.38902773965134, 18.416495012159025 ], [ 73.389314729986651, 18.416497445960811 ], [ 73.389307081341087, 18.417319278303449 ] ], [ [ 73.389944768610292, 18.410475537785267 ], [ 73.388796847105198, 18.410465806852201 ], [ 73.388799396488764, 18.410191862617935 ], [ 73.388225436911497, 18.410186994630653 ], [ 73.388227987157578, 18.40991305046564 ], [ 73.3890889252297, 18.409920351680796 ], [ 73.389096571617486, 18.409098518787747 ], [ 73.389383549703481, 18.409100951543905 ], [ 73.389381001405795, 18.40937489588854 ], [ 73.389667979990037, 18.409377328250407 ], [ 73.389660336189763, 18.41019916135112 ], [ 73.38994731617943, 18.41020159339611 ], [ 73.389944768610292, 18.410475537785267 ] ], [ [ 73.388240737717439, 18.408543329517162 ], [ 73.388235637627588, 18.409091217921237 ], [ 73.388522615579518, 18.409093651976416 ], [ 73.388520065921128, 18.409367596204849 ], [ 73.387946109154797, 18.409362727584 ], [ 73.387953760717309, 18.408540895106487 ], [ 73.388240737717439, 18.408543329517162 ] ], [ [ 73.388807044371333, 18.409370029865762 ], [ 73.388804495121832, 18.409643974124716 ], [ 73.38851751621803, 18.409641540425067 ], [ 73.388520065921128, 18.409367596204849 ], [ 73.388807044371333, 18.409370029865762 ] ], [ [ 73.388784099517082, 18.411835527900109 ], [ 73.389071082094503, 18.4118379614766 ], [ 73.389068532896474, 18.412111905700222 ], [ 73.389355515972227, 18.412114338882368 ], [ 73.389350418349451, 18.412662227382391 ], [ 73.388776450427969, 18.412657360430106 ], [ 73.388784099517082, 18.411835527900109 ] ], [ [ 73.389053236770025, 18.413755570869174 ], [ 73.389050687259214, 18.4140295150352 ], [ 73.38847671489016, 18.414024646829343 ], [ 73.388479265308376, 18.413750702740796 ], [ 73.389053236770025, 18.413755570869174 ] ], [ [ 73.389317279445805, 18.416223501830132 ], [ 73.389604269372001, 18.41622593516 ], [ 73.389601720366613, 18.4164998793294 ], [ 73.389314729986651, 18.416497445960811 ], [ 73.389317279445805, 18.416223501830132 ] ], [ [ 73.387900191329564, 18.414293720893788 ], [ 73.388187177856054, 18.414296156118294 ], [ 73.388184626894727, 18.414570100151632 ], [ 73.387897639914499, 18.41456766488837 ], [ 73.387900191329564, 18.414293720893788 ] ], [ [ 73.390777698970908, 18.413496220452839 ], [ 73.391351670239658, 18.413501081573877 ], [ 73.391349124403177, 18.413775026057749 ], [ 73.391062138292781, 18.413772595675113 ], [ 73.391059591957955, 18.414046540112079 ], [ 73.390772605438485, 18.414044109257631 ], [ 73.390777698970908, 18.413496220452839 ] ], [ [ 73.389632305483133, 18.413212548753432 ], [ 73.389919290462913, 18.413214981224261 ], [ 73.38991419429756, 18.413762869813315 ], [ 73.389627208410374, 18.413760437265058 ], [ 73.389632305483133, 18.413212548753432 ] ], [ [ 73.391072323185796, 18.412676817844957 ], [ 73.391069777029486, 18.412950762314836 ], [ 73.391356761778781, 18.412953192581437 ], [ 73.39135421603153, 18.413227137081769 ], [ 73.390780245670172, 18.413222276038098 ], [ 73.390785338934805, 18.412674387183934 ], [ 73.391072323185796, 18.412676817844957 ] ], [ [ 73.389924386449636, 18.412667092602298 ], [ 73.389932030094798, 18.411845259607627 ], [ 73.390219012850878, 18.411847691451822 ], [ 73.390216465467475, 18.412121635830307 ], [ 73.390503448721873, 18.412124067280118 ], [ 73.390505995651623, 18.411850122862933 ], [ 73.391653927300879, 18.411859844176636 ], [ 73.391651382185742, 18.412133788748548 ], [ 73.391938365663265, 18.412136218032948 ], [ 73.391935820957187, 18.412410162635304 ], [ 73.391648837026011, 18.412407733312243 ], [ 73.391646291821658, 18.412681677867706 ], [ 73.391359307481423, 18.412679248072877 ], [ 73.391361853139443, 18.412405303556088 ], [ 73.39078788550016, 18.412400442744509 ], [ 73.390785338934805, 18.412674387183934 ], [ 73.389924386449636, 18.412667092602298 ] ], [ [ 73.391943454941611, 18.41158832880356 ], [ 73.392230437556407, 18.411590757577564 ], [ 73.392225349185367, 18.412138646884266 ], [ 73.391938365663265, 18.412136218032948 ], [ 73.391943454941611, 18.41158832880356 ] ], [ [ 73.386775222726854, 18.411818480738624 ], [ 73.387062204991295, 18.411820917346624 ], [ 73.387059652617694, 18.412094861298971 ], [ 73.386772669899614, 18.412092424652187 ], [ 73.386775222726854, 18.411818480738624 ] ], [ [ 73.389650143830821, 18.411294938703524 ], [ 73.39022410748376, 18.411299802670147 ], [ 73.390221560189644, 18.411573747065098 ], [ 73.389647595629427, 18.411568883021051 ], [ 73.389650143830821, 18.411294938703524 ] ], [ [ 73.390798071315302, 18.41130466490452 ], [ 73.390795524928464, 18.411578609376864 ], [ 73.390508542536736, 18.41157617843751 ], [ 73.390513636173054, 18.41102828956199 ], [ 73.390800617657504, 18.411030720423955 ], [ 73.390803163955084, 18.410756775935159 ], [ 73.391377126150616, 18.410761636282555 ], [ 73.391374580760299, 18.411035580848718 ], [ 73.391087599186591, 18.411033150852866 ], [ 73.391085053298028, 18.411307095372116 ], [ 73.390798071315302, 18.41130466490452 ] ], [ [ 73.391372035325361, 18.411309525406647 ], [ 73.3913694898458, 18.411583469956344 ], [ 73.391082507364828, 18.411581039883135 ], [ 73.391085053298028, 18.411307095372116 ], [ 73.391372035325361, 18.411309525406647 ] ], [ [ 73.387935906445534, 18.410458504105492 ], [ 73.388222886620724, 18.410460938787434 ], [ 73.388215235480189, 18.411282771208406 ], [ 73.387928253944139, 18.411280336410201 ], [ 73.387935906445534, 18.410458504105492 ] ], [ [ 73.386219133220848, 18.409895999141071 ], [ 73.386506112220459, 18.409898436343653 ], [ 73.386503559252816, 18.410172380276045 ], [ 73.386216579799594, 18.410169943034671 ], [ 73.386219133220848, 18.409895999141071 ] ], [ [ 73.38708517434064, 18.409355421405145 ], [ 73.387372152567309, 18.409357857231107 ], [ 73.38736704948775, 18.409905745353257 ], [ 73.387080070353917, 18.409903309449742 ], [ 73.38708517434064, 18.409355421405145 ] ], [ [ 73.392837461190524, 18.408034331525791 ], [ 73.393124438042349, 18.408036758498312 ], [ 73.393121895819419, 18.408310703378664 ], [ 73.392834918514055, 18.408308276367503 ], [ 73.392837461190524, 18.408034331525791 ] ] ], [ [ [ 73.38675224567082, 18.414283975664436 ], [ 73.386465259367966, 18.41428153827426 ], [ 73.386462705684309, 18.414555482074963 ], [ 73.386749692440858, 18.414557919503928 ], [ 73.38675224567082, 18.414283975664436 ] ] ] ] } },
{ "type": "Feature", "properties": { "patch_id": 3588, "area_m2": 477164.34449771553, "area_ha_site": 47.716434449771555, "area_km2": 0.47716434449771555, "site_size_class": "Large", "centroid_x": 329876.61252943869, "centroid_y": 2036483.4510180852, "area_rank": 9, "village": "Adulse", "subdistric": "Sudhagad", "vlcode": "554526", "population": 1371.0, "multihazard_priority_100": 72.785696781031874, "recommendation_rank": 1, "recommendation_status": "Suitable Candidate", "area_ha": 47.716434449771562, "required_area_ha": 13.71, "estimated_capacity_people": 4771.6434449771568, "capacity_ratio": 3.4804109737251325, "distance_km": 17.063687016837669, "site_flood": 39.505401611328125, "site_landslide": 11.250994682312012, "site_slope_deg": 2.4479162693023682, "site_road_dist_m": 1125.5762939453125, "final_feasibility_score": 71.384946762533716, "recommendation_reason": "47.7 ha available; capacity ratio 3.5x; 17.1 km from habitation; flood score 39.5; landslide score 11.3; mean slope 2.4°" }, "geometry": { "type": "MultiPolygon", "coordinates": [ [ [ [ 73.389307081341087, 18.417319278303449 ], [ 73.38988106486849, 18.417324144839746 ], [ 73.389878516138253, 18.417598089014938 ], [ 73.390165508422768, 18.417600521671979 ], [ 73.390173153118099, 18.416778689005586 ], [ 73.39046014408585, 18.41678112111331 ], [ 73.39046778701794, 18.415959288256744 ], [ 73.390754776668999, 18.415961719815176 ], [ 73.390757323769975, 18.415687775474503 ], [ 73.391044313011875, 18.41569020656107 ], [ 73.391049406172414, 18.415142317777658 ], [ 73.391336394551459, 18.415144748353693 ], [ 73.391346578522061, 18.414048970533397 ], [ 73.391633565130789, 18.414051400521576 ], [ 73.391636110558181, 18.413777456007264 ], [ 73.391923096757807, 18.413779885523653 ], [ 73.391925641686882, 18.413505940962441 ], [ 73.392212627477406, 18.413508370007044 ], [ 73.392215171908191, 18.413234425398944 ], [ 73.392502157289599, 18.413236853971778 ], [ 73.392507245109996, 18.412688964653597 ], [ 73.39279422962862, 18.412691392716031 ], [ 73.392799316363366, 18.412143503287641 ], [ 73.39308630001922, 18.412145930839699 ], [ 73.393091385668328, 18.411598041301133 ], [ 73.392804402919793, 18.411595613826343 ], [ 73.392809489297903, 18.411047724332143 ], [ 73.391948544041554, 18.41104043954126 ], [ 73.391953632963109, 18.410492550246044 ], [ 73.391666652207419, 18.410490121193629 ], [ 73.39166919705491, 18.410216176572348 ], [ 73.391382216797425, 18.41021374712556 ], [ 73.391384762053917, 18.409939802534716 ], [ 73.39023684328464, 18.409930080571975 ], [ 73.390234296213762, 18.410204025008071 ], [ 73.38994731617943, 18.41020159339611 ], [ 73.389952411183756, 18.409653704593111 ], [ 73.391387307265788, 18.40966585793565 ], [ 73.391392397555677, 18.409117968712831 ], [ 73.391679375998805, 18.409120398004937 ], [ 73.39168192062327, 18.408846453342516 ], [ 73.39196889865741, 18.408848882162953 ], [ 73.391971442783714, 18.40857493745364 ], [ 73.392258420408893, 18.408577365802419 ], [ 73.39226096403705, 18.408303421046227 ], [ 73.392547941253255, 18.408305848923359 ], [ 73.392545398078667, 18.4085797937182 ], [ 73.39283237579302, 18.408582221200984 ], [ 73.392822204463144, 18.409678000452658 ], [ 73.393970123023408, 18.409687706671846 ], [ 73.393972664108389, 18.409413761716763 ], [ 73.393685684855086, 18.409411335850116 ], [ 73.393688226349099, 18.40913739092543 ], [ 73.39397520514882, 18.409139816753463 ], [ 73.393977746144728, 18.408865871781927 ], [ 73.394264724535418, 18.408868297138344 ], [ 73.394274886259396, 18.40777251701553 ], [ 73.393987909682906, 18.407770091813546 ], [ 73.393990450456101, 18.407496146800884 ], [ 73.393703474377688, 18.407493721204542 ], [ 73.393706015559857, 18.40721977622227 ], [ 73.392845088952484, 18.407212496951303 ], [ 73.392842546409739, 18.407486441817696 ], [ 73.392555570509558, 18.40748401448948 ], [ 73.392553027468708, 18.407757959308999 ], [ 73.392266051159567, 18.407755531509167 ], [ 73.392263507620598, 18.408029476281808 ], [ 73.391402577600147, 18.40802219016847 ], [ 73.391400032655937, 18.408296134816901 ], [ 73.391113055618121, 18.408293705207821 ], [ 73.391115601015869, 18.408019760598066 ], [ 73.389106766175715, 18.408002741481813 ], [ 73.389104217603162, 18.408276685820638 ], [ 73.387956311148741, 18.408266950930862 ], [ 73.387953760717309, 18.408540895106487 ], [ 73.387666783761901, 18.408538460262829 ], [ 73.387664232832222, 18.408812404391469 ], [ 73.387090278148435, 18.408807533327629 ], [ 73.387087726266898, 18.409081477370506 ], [ 73.386800748538533, 18.409079041150314 ], [ 73.386798196158708, 18.409352985146171 ], [ 73.386511218021511, 18.409350548454192 ], [ 73.386508665143353, 18.40962449240304 ], [ 73.385934708096073, 18.409619617642445 ], [ 73.385932154266001, 18.409893561505474 ], [ 73.38564517535589, 18.409891123436843 ], [ 73.385650283878448, 18.409343235780185 ], [ 73.385076328006932, 18.409338358499138 ], [ 73.385078883108193, 18.409064414736108 ], [ 73.384217950997524, 18.40905709568348 ], [ 73.384220507414682, 18.408783152028718 ], [ 73.383646553805406, 18.408778270573006 ], [ 73.383643996481126, 18.409052214150066 ], [ 73.383930973716929, 18.409054655133271 ], [ 73.383928416801382, 18.409328598740949 ], [ 73.384215394535559, 18.409331039330002 ], [ 73.384212838028787, 18.409604982968307 ], [ 73.383925859841028, 18.409602542340394 ], [ 73.383920745785858, 18.410150429514609 ], [ 73.38449470402054, 18.410155310492794 ], [ 73.384492147832916, 18.410429254145246 ], [ 73.385066107154003, 18.410434133468986 ], [ 73.385063551828807, 18.410708077190865 ], [ 73.386211472822836, 18.410717830797164 ], [ 73.386208919267318, 18.410991774666069 ], [ 73.385921938498029, 18.410989336875261 ], [ 73.385916830345465, 18.411537224510774 ], [ 73.385342867126681, 18.411532347474751 ], [ 73.385340312075954, 18.411806291202542 ], [ 73.38591427620203, 18.411811168316184 ], [ 73.385906613503124, 18.412632999683044 ], [ 73.386480580530204, 18.412637875297197 ], [ 73.386478027115047, 18.412911819147283 ], [ 73.387051995228475, 18.412916693106634 ], [ 73.387046890078665, 18.413464580937262 ], [ 73.38733387510986, 18.413467017344843 ], [ 73.387338979352307, 18.412919129436666 ], [ 73.387625963520875, 18.412921565333598 ], [ 73.387628515121321, 18.4126476213284 ], [ 73.388776450427969, 18.412657360430106 ], [ 73.388773900642221, 18.412931304590305 ], [ 73.388486916294838, 18.412928870425784 ], [ 73.388479265308376, 18.413750702740796 ], [ 73.388192279644613, 18.413748268026936 ], [ 73.388189728772687, 18.414022212076731 ], [ 73.387615756671849, 18.414017341272103 ], [ 73.387613204847781, 18.414291285236153 ], [ 73.38732621841072, 18.414288849145382 ], [ 73.387323666088221, 18.414562793062434 ], [ 73.386749692440858, 18.414557919503928 ], [ 73.386744585846728, 18.41510580715822 ], [ 73.387031573555504, 18.415108244231611 ], [ 73.387026467689878, 18.415656131930543 ], [ 73.387600445056648, 18.415661004932947 ], [ 73.387602997104324, 18.415387061010048 ], [ 73.38846396212864, 18.415394367148618 ], [ 73.388461411442222, 18.415668311187783 ], [ 73.388748400326833, 18.415670745739718 ], [ 73.388745850049489, 18.415944689809393 ], [ 73.389032839432559, 18.415947123966898 ], [ 73.38902773965134, 18.416495012159025 ], [ 73.389314729986651, 18.416497445960811 ], [ 73.389307081341087, 18.417319278303449 ] ], [ [ 73.389944768610292, 18.410475537785267 ], [ 73.388796847105198, 18.410465806852201 ], [ 73.388799396488764, 18.410191862617935 ], [ 73.388225436911497, 18.410186994630653 ], [ 73.388227987157578, 18.40991305046564 ], [ 73.3890889252297, 18.409920351680796 ], [ 73.389096571617486, 18.409098518787747 ], [ 73.389383549703481, 18.409100951543905 ], [ 73.389381001405795, 18.40937489588854 ], [ 73.389667979990037, 18.409377328250407 ], [ 73.389660336189763, 18.41019916135112 ], [ 73.38994731617943, 18.41020159339611 ], [ 73.389944768610292, 18.410475537785267 ] ], [ [ 73.388240737717439, 18.408543329517162 ], [ 73.388235637627588, 18.409091217921237 ], [ 73.388522615579518, 18.409093651976416 ], [ 73.388520065921128, 18.409367596204849 ], [ 73.387946109154797, 18.409362727584 ], [ 73.387953760717309, 18.408540895106487 ], [ 73.388240737717439, 18.408543329517162 ] ], [ [ 73.388807044371333, 18.409370029865762 ], [ 73.388804495121832, 18.409643974124716 ], [ 73.38851751621803, 18.409641540425067 ], [ 73.388520065921128, 18.409367596204849 ], [ 73.388807044371333, 18.409370029865762 ] ], [ [ 73.388784099517082, 18.411835527900109 ], [ 73.389071082094503, 18.4118379614766 ], [ 73.389068532896474, 18.412111905700222 ], [ 73.389355515972227, 18.412114338882368 ], [ 73.389350418349451, 18.412662227382391 ], [ 73.388776450427969, 18.412657360430106 ], [ 73.388784099517082, 18.411835527900109 ] ], [ [ 73.389053236770025, 18.413755570869174 ], [ 73.389050687259214, 18.4140295150352 ], [ 73.38847671489016, 18.414024646829343 ], [ 73.388479265308376, 18.413750702740796 ], [ 73.389053236770025, 18.413755570869174 ] ], [ [ 73.389317279445805, 18.416223501830132 ], [ 73.389604269372001, 18.41622593516 ], [ 73.389601720366613, 18.4164998793294 ], [ 73.389314729986651, 18.416497445960811 ], [ 73.389317279445805, 18.416223501830132 ] ], [ [ 73.387900191329564, 18.414293720893788 ], [ 73.388187177856054, 18.414296156118294 ], [ 73.388184626894727, 18.414570100151632 ], [ 73.387897639914499, 18.41456766488837 ], [ 73.387900191329564, 18.414293720893788 ] ], [ [ 73.390777698970908, 18.413496220452839 ], [ 73.391351670239658, 18.413501081573877 ], [ 73.391349124403177, 18.413775026057749 ], [ 73.391062138292781, 18.413772595675113 ], [ 73.391059591957955, 18.414046540112079 ], [ 73.390772605438485, 18.414044109257631 ], [ 73.390777698970908, 18.413496220452839 ] ], [ [ 73.389632305483133, 18.413212548753432 ], [ 73.389919290462913, 18.413214981224261 ], [ 73.38991419429756, 18.413762869813315 ], [ 73.389627208410374, 18.413760437265058 ], [ 73.389632305483133, 18.413212548753432 ] ], [ [ 73.391072323185796, 18.412676817844957 ], [ 73.391069777029486, 18.412950762314836 ], [ 73.391356761778781, 18.412953192581437 ], [ 73.39135421603153, 18.413227137081769 ], [ 73.390780245670172, 18.413222276038098 ], [ 73.390785338934805, 18.412674387183934 ], [ 73.391072323185796, 18.412676817844957 ] ], [ [ 73.389924386449636, 18.412667092602298 ], [ 73.389932030094798, 18.411845259607627 ], [ 73.390219012850878, 18.411847691451822 ], [ 73.390216465467475, 18.412121635830307 ], [ 73.390503448721873, 18.412124067280118 ], [ 73.390505995651623, 18.411850122862933 ], [ 73.391653927300879, 18.411859844176636 ], [ 73.391651382185742, 18.412133788748548 ], [ 73.391938365663265, 18.412136218032948 ], [ 73.391935820957187, 18.412410162635304 ], [ 73.391648837026011, 18.412407733312243 ], [ 73.391646291821658, 18.412681677867706 ], [ 73.391359307481423, 18.412679248072877 ], [ 73.391361853139443, 18.412405303556088 ], [ 73.39078788550016, 18.412400442744509 ], [ 73.390785338934805, 18.412674387183934 ], [ 73.389924386449636, 18.412667092602298 ] ], [ [ 73.391943454941611, 18.41158832880356 ], [ 73.392230437556407, 18.411590757577564 ], [ 73.392225349185367, 18.412138646884266 ], [ 73.391938365663265, 18.412136218032948 ], [ 73.391943454941611, 18.41158832880356 ] ], [ [ 73.386775222726854, 18.411818480738624 ], [ 73.387062204991295, 18.411820917346624 ], [ 73.387059652617694, 18.412094861298971 ], [ 73.386772669899614, 18.412092424652187 ], [ 73.386775222726854, 18.411818480738624 ] ], [ [ 73.389650143830821, 18.411294938703524 ], [ 73.39022410748376, 18.411299802670147 ], [ 73.390221560189644, 18.411573747065098 ], [ 73.389647595629427, 18.411568883021051 ], [ 73.389650143830821, 18.411294938703524 ] ], [ [ 73.390798071315302, 18.41130466490452 ], [ 73.390795524928464, 18.411578609376864 ], [ 73.390508542536736, 18.41157617843751 ], [ 73.390513636173054, 18.41102828956199 ], [ 73.390800617657504, 18.411030720423955 ], [ 73.390803163955084, 18.410756775935159 ], [ 73.391377126150616, 18.410761636282555 ], [ 73.391374580760299, 18.411035580848718 ], [ 73.391087599186591, 18.411033150852866 ], [ 73.391085053298028, 18.411307095372116 ], [ 73.390798071315302, 18.41130466490452 ] ], [ [ 73.391372035325361, 18.411309525406647 ], [ 73.3913694898458, 18.411583469956344 ], [ 73.391082507364828, 18.411581039883135 ], [ 73.391085053298028, 18.411307095372116 ], [ 73.391372035325361, 18.411309525406647 ] ], [ [ 73.387935906445534, 18.410458504105492 ], [ 73.388222886620724, 18.410460938787434 ], [ 73.388215235480189, 18.411282771208406 ], [ 73.387928253944139, 18.411280336410201 ], [ 73.387935906445534, 18.410458504105492 ] ], [ [ 73.386219133220848, 18.409895999141071 ], [ 73.386506112220459, 18.409898436343653 ], [ 73.386503559252816, 18.410172380276045 ], [ 73.386216579799594, 18.410169943034671 ], [ 73.386219133220848, 18.409895999141071 ] ], [ [ 73.38708517434064, 18.409355421405145 ], [ 73.387372152567309, 18.409357857231107 ], [ 73.38736704948775, 18.409905745353257 ], [ 73.387080070353917, 18.409903309449742 ], [ 73.38708517434064, 18.409355421405145 ] ], [ [ 73.392837461190524, 18.408034331525791 ], [ 73.393124438042349, 18.408036758498312 ], [ 73.393121895819419, 18.408310703378664 ], [ 73.392834918514055, 18.408308276367503 ], [ 73.392837461190524, 18.408034331525791 ] ] ], [ [ [ 73.38675224567082, 18.414283975664436 ], [ 73.386465259367966, 18.41428153827426 ], [ 73.386462705684309, 18.414555482074963 ], [ 73.386749692440858, 18.414557919503928 ], [ 73.38675224567082, 18.414283975664436 ] ] ] ] } },
{ "type": "Feature", "properties": { "patch_id": 3639, "area_m2": 315351.3875967972, "area_ha_site": 31.535138759679718, "area_km2": 0.31535138759679721, "site_size_class": "Large", "centroid_x": 329143.7072200054, "centroid_y": 2033975.2760827346, "area_rank": 18, "village": "Unegaon", "subdistric": "Mangaon", "vlcode": "554672", "population": 1338.0, "multihazard_priority_100": 73.043777658651763, "recommendation_rank": 1, "recommendation_status": "Suitable Candidate", "area_ha": 31.535138759679722, "required_area_ha": 13.38, "estimated_capacity_people": 3153.5138759679721, "capacity_ratio": 2.3568863049087985, "distance_km": 23.153786078041342, "site_flood": 38.779018402099609, "site_landslide": 17.533565521240234, "site_slope_deg": 4.6813359260559082, "site_road_dist_m": 575.30950927734375, "final_feasibility_score": 59.529783969893238, "recommendation_reason": "31.5 ha available; capacity ratio 2.4x; 23.2 km from habitation; flood score 38.8; landslide score 17.5; mean slope 4.7°" }, "geometry": { "type": "MultiPolygon", "coordinates": [ [ [ [ 73.382969731197477, 18.389046994366932 ], [ 73.382682787229982, 18.389044554489924 ], [ 73.382685343094678, 18.388770610467809 ], [ 73.38211145620015, 18.388765729494068 ], [ 73.382108899429497, 18.389039673438415 ], [ 73.381821955596521, 18.389037232263917 ], [ 73.381819398328034, 18.389311176161144 ], [ 73.381532454086951, 18.389308734515247 ], [ 73.381529896320586, 18.389582678365347 ], [ 73.380956007067027, 18.389577793698226 ], [ 73.380958565739363, 18.389303849925952 ], [ 73.380097733554635, 18.389296519798261 ], [ 73.38009517352333, 18.38957046345374 ], [ 73.380382117992994, 18.389572907301076 ], [ 73.380374438988653, 18.390394738334983 ], [ 73.38066138486225, 18.390397181866604 ], [ 73.380653706812893, 18.391219012943285 ], [ 73.38007981239241, 18.391214125213914 ], [ 73.380077252046746, 18.391488068811825 ], [ 73.379790304450808, 18.391485624259371 ], [ 73.379787743607181, 18.391759567810105 ], [ 73.379500795603121, 18.391757122786146 ], [ 73.379498234261504, 18.392031066289711 ], [ 73.379785182718635, 18.392033511352626 ], [ 73.379782621785168, 18.392307454886911 ], [ 73.379495672874967, 18.392305009785048 ], [ 73.379487988445803, 18.393126840221701 ], [ 73.379774938715258, 18.393129285440427 ], [ 73.379777499783486, 18.392855341930815 ], [ 73.380064449644763, 18.392857786677993 ], [ 73.380067010214987, 18.392583843121209 ], [ 73.381214808296804, 18.392593617628325 ], [ 73.381209690736185, 18.39314150504509 ], [ 73.380922740242212, 18.393139061989348 ], [ 73.380920180941487, 18.39341300564648 ], [ 73.380633230039294, 18.393410562119218 ], [ 73.380625550508412, 18.394232392924472 ], [ 73.380912502769974, 18.394234836568511 ], [ 73.380915062205361, 18.393960892936061 ], [ 73.381488965956876, 18.393965778848433 ], [ 73.381491524441131, 18.393691835129925 ], [ 73.382352379045557, 18.393699160637151 ], [ 73.382354936125623, 18.393425216793727 ], [ 73.382641887297027, 18.393427657725354 ], [ 73.382644443879116, 18.393153713834824 ], [ 73.382931394642256, 18.393156154294974 ], [ 73.382933950726411, 18.392882210357339 ], [ 73.382360050151178, 18.392877329082197 ], [ 73.382365163997335, 18.392329441337768 ], [ 73.382652113356372, 18.392331882113872 ], [ 73.38265466975912, 18.39205793819044 ], [ 73.38322856770553, 18.392062818367155 ], [ 73.383226012208937, 18.39233676236833 ], [ 73.383512961702465, 18.392339201846696 ], [ 73.383515516745973, 18.392065257806657 ], [ 73.383802465831238, 18.39206769681358 ], [ 73.38381012933371, 18.391245864527548 ], [ 73.384097077104599, 18.39124830298536 ], [ 73.384099631062782, 18.390974358834725 ], [ 73.384386578425406, 18.390976796821139 ], [ 73.384404451707212, 18.389059187264547 ], [ 73.384691395943548, 18.389061624546574 ], [ 73.384696501286442, 18.388513735950163 ], [ 73.3849834446616, 18.388516172722042 ], [ 73.384985996812929, 18.388242228372675 ], [ 73.384699053890728, 18.388239791639624 ], [ 73.38471436857607, 18.386596125603749 ], [ 73.385001308780645, 18.386598562103842 ], [ 73.385008964160122, 18.385776728858438 ], [ 73.384722025314261, 18.385774292474817 ], [ 73.384724577470763, 18.385500348082065 ], [ 73.384437639122552, 18.385497911304856 ], [ 73.384440191687176, 18.385223966942721 ], [ 73.383866316030861, 18.385219092168775 ], [ 73.38386886945645, 18.384945147876103 ], [ 73.384442744206993, 18.384950022572362 ], [ 73.38444784911232, 18.384402133806983 ], [ 73.384160912620345, 18.384399696752723 ], [ 73.384171123704931, 18.383303919278671 ], [ 73.383884189069093, 18.383301481947417 ], [ 73.383899507069074, 18.381657815722804 ], [ 73.384186438988166, 18.381660252820996 ], [ 73.38419154372427, 18.381112363936005 ], [ 73.383904612710722, 18.381109926915506 ], [ 73.383902059912302, 18.381383871323269 ], [ 73.383615128490774, 18.381381433831621 ], [ 73.383594700868443, 18.383572988486961 ], [ 73.383020830915157, 18.383568111584967 ], [ 73.383010612405954, 18.384663888404447 ], [ 73.382436739009208, 18.384659009462013 ], [ 73.382431627674237, 18.385206897666919 ], [ 73.38214469013738, 18.385204457469349 ], [ 73.382134465117815, 18.386300233624954 ], [ 73.381847525814266, 18.386297792839411 ], [ 73.381842412129586, 18.386845680790092 ], [ 73.381555471965072, 18.386843239494315 ], [ 73.381552914602509, 18.387117183418425 ], [ 73.381265974029958, 18.387114741651303 ], [ 73.381263416169602, 18.387388685528276 ], [ 73.380976475188973, 18.387386243289793 ], [ 73.380973916830825, 18.387660187119629 ], [ 73.381260858264383, 18.387662629397028 ], [ 73.381258300314286, 18.387936573257559 ], [ 73.381545242245664, 18.387939015141402 ], [ 73.38154268470366, 18.388212959032618 ], [ 73.382690454689566, 18.388222722398908 ], [ 73.382693010419771, 18.387948778352129 ], [ 73.382979952575397, 18.387951218073646 ], [ 73.382969731197477, 18.389046994366932 ] ], [ [ 73.38298250780781, 18.387677273979754 ], [ 73.383269449555314, 18.387679713229936 ], [ 73.383266894775844, 18.387953657362686 ], [ 73.382979952575397, 18.387951218073646 ], [ 73.38298250780781, 18.387677273979754 ] ], [ [ 73.380074691656176, 18.391762012401507 ], [ 73.380361639750063, 18.391764456560345 ], [ 73.380359079767629, 18.392038400180745 ], [ 73.380072131220686, 18.392035955982966 ], [ 73.380074691656176, 18.391762012401507 ] ], [ [ 73.382946730474742, 18.391512490545789 ], [ 73.383233678564238, 18.391514930340126 ], [ 73.383231123157287, 18.391788874357751 ], [ 73.382944174614749, 18.391786434524548 ], [ 73.382946730474742, 18.391512490545789 ] ], [ [ 73.381235276744107, 18.390402067632262 ], [ 73.381809168805475, 18.390406951667799 ], [ 73.381811726253403, 18.390133007803467 ], [ 73.382385617588184, 18.390137890031109 ], [ 73.382383061046284, 18.390411833973229 ], [ 73.382096114903447, 18.39040939303678 ], [ 73.38209100077907, 18.390957280818558 ], [ 73.381517106815849, 18.390952397492477 ], [ 73.381514548780288, 18.391226341293233 ], [ 73.381227601412945, 18.391223898942467 ], [ 73.381235276744107, 18.390402067632262 ] ], [ [ 73.382954397785781, 18.390690658560182 ], [ 73.383815238111339, 18.390697976295748 ], [ 73.383812683744935, 18.390971920415762 ], [ 73.383525736471881, 18.390969481564255 ], [ 73.383523181607643, 18.391243425637189 ], [ 73.382949286289914, 18.391238546558817 ], [ 73.382954397785781, 18.390690658560182 ] ], [ [ 73.384135381773575, 18.387139139862413 ], [ 73.384132828442532, 18.387413084128159 ], [ 73.383558945629346, 18.387408207867821 ], [ 73.383561499866246, 18.387134263679773 ], [ 73.384135381773575, 18.387139139862413 ] ], [ [ 73.382987618138159, 18.387129385767341 ], [ 73.382990173236109, 18.386855441648795 ], [ 73.382703232892212, 18.386853002082773 ], [ 73.382708343859449, 18.386305113898768 ], [ 73.382995283297504, 18.386307553387031 ], [ 73.38299272828921, 18.38658149752203 ], [ 73.383279668225015, 18.386583936616734 ], [ 73.383277113624814, 18.386857880782362 ], [ 73.38356405405834, 18.386860319483493 ], [ 73.383561499866246, 18.387134263679773 ], [ 73.382987618138159, 18.387129385767341 ] ], [ [ 73.38414559464978, 18.386043362717185 ], [ 73.384432533858984, 18.386045800004474 ], [ 73.384427428416274, 18.386593688671219 ], [ 73.384140488301256, 18.386591251306246 ], [ 73.38414559464978, 18.386043362717185 ] ], [ [ 73.383571716365765, 18.386038486845344 ], [ 73.383284777290967, 18.386036048260792 ], [ 73.383287331756705, 18.385762104070498 ], [ 73.383574270378617, 18.385764542616187 ], [ 73.383576824346662, 18.385490598378805 ], [ 73.383863762560495, 18.38549303645323 ], [ 73.38385610188061, 18.386314869257269 ], [ 73.383569162308106, 18.386312431066283 ], [ 73.383571716365765, 18.386038486845344 ] ] ], [ [ [ 73.380625550508412, 18.394232392924472 ], [ 73.380338598291772, 18.394229948847812 ], [ 73.380336037905209, 18.394503892394177 ], [ 73.380622990574992, 18.394506336509775 ], [ 73.380625550508412, 18.394232392924472 ] ] ], [ [ [ 73.380046524395709, 18.394775391345156 ], [ 73.380333477473741, 18.39477783593232 ], [ 73.380336037905209, 18.394503892394177 ], [ 73.380049085280319, 18.394501447845958 ], [ 73.380046524395709, 18.394775391345156 ] ] ] ] } },
{ "type": "Feature", "properties": { "patch_id": 3991, "area_m2": 211460.11413198517, "area_ha_site": 21.146011413198519, "area_km2": 0.21146011413198518, "site_size_class": "Large", "centroid_x": 288345.351484983, "centroid_y": 2015884.0297766798, "area_rank": 26, "village": "Charai Kh", "subdistric": "Tala", "vlcode": "554784", "population": 975.0, "multihazard_priority_100": 73.734801764866319, "recommendation_rank": 1, "recommendation_status": "Suitable Candidate", "area_ha": 21.146011413198519, "required_area_ha": 9.75, "estimated_capacity_people": 2114.6011413198521, "capacity_ratio": 2.1688216834049761, "distance_km": 15.968942281163844, "site_flood": 41.879283905029297, "site_landslide": 19.043685913085938, "site_slope_deg": 3.1822178363800049, "site_road_dist_m": 1093.25634765625, "final_feasibility_score": 60.705960318641637, "recommendation_reason": "21.1 ha available; capacity ratio 2.2x; 16.0 km from habitation; flood score 41.9; landslide score 19.0; mean slope 3.2°" }, "geometry": { "type": "MultiPolygon", "coordinates": [ [ [ [ 73.001756621098892, 18.227371136574661 ], [ 73.001759749010091, 18.227097245716575 ], [ 73.001473132186661, 18.227094256499146 ], [ 73.001476260490591, 18.226820365680702 ], [ 73.000616411695262, 18.226811395603917 ], [ 73.000628929733708, 18.225715832822775 ], [ 73.000342315370602, 18.225712842133074 ], [ 73.000351704663188, 18.224891170103724 ], [ 72.999778478789892, 18.224885187728301 ], [ 72.999784739833515, 18.224337406525812 ], [ 72.999498127875427, 18.224334414792125 ], [ 72.999504389593724, 18.223786633652342 ], [ 72.998931167634609, 18.223780649093094 ], [ 72.99894056248452, 18.222958977609153 ], [ 72.998653952931292, 18.222955984831689 ], [ 72.998657084885195, 18.222682094368423 ], [ 72.998370475835031, 18.222679101211035 ], [ 72.998367343433344, 18.222952991626251 ], [ 72.998080733990662, 18.222949997992828 ], [ 72.998086999634339, 18.222402217250202 ], [ 72.997800391142519, 18.222399223284945 ], [ 72.997806657460586, 18.221851442605114 ], [ 72.997520049919615, 18.221848448308059 ], [ 72.997523183443462, 18.221574558003724 ], [ 72.997236576405555, 18.221571563326801 ], [ 72.997239710321836, 18.221297673062207 ], [ 72.996953103786993, 18.221294678005439 ], [ 72.99695623809572, 18.221020787780599 ], [ 72.996383026087472, 18.221014796479462 ], [ 72.99638616123633, 18.220740906342492 ], [ 72.995812950344899, 18.22073491342589 ], [ 72.995806678200864, 18.221282693499038 ], [ 72.995520071942693, 18.221279696302606 ], [ 72.995529481418899, 18.220458026324753 ], [ 72.994956271755029, 18.220452030936915 ], [ 72.994968820529962, 18.219356471234818 ], [ 72.995255423543398, 18.219359468950138 ], [ 72.995258560151015, 18.219085578955635 ], [ 72.995545162772132, 18.219088576194945 ], [ 72.995548298876699, 18.218814686143979 ], [ 72.996121503389645, 18.218820679242725 ], [ 72.996134043673138, 18.217725118570527 ], [ 72.995847443179628, 18.217722122427556 ], [ 72.995850578559796, 18.217448232286788 ], [ 72.99642377870687, 18.217454224048666 ], [ 72.996420644221985, 18.217728114285659 ], [ 72.996707244826155, 18.217731109572945 ], [ 72.996704110733589, 18.218004999849715 ], [ 72.996417509681763, 18.218002004514322 ], [ 72.996411240435336, 18.218549784946635 ], [ 72.997271046442719, 18.218558769957834 ], [ 72.997267913079511, 18.218832660305779 ], [ 72.997841118256332, 18.218838648270083 ], [ 72.997837985733184, 18.219112538705851 ], [ 72.99869779525612, 18.21912151758745 ], [ 72.998694664020746, 18.21939540815907 ], [ 72.998981267753294, 18.219398400311892 ], [ 72.998975006012159, 18.219946181526229 ], [ 72.99926161069537, 18.219949173347249 ], [ 72.999249088340832, 18.22104473586808 ], [ 72.999535694870204, 18.221047727453342 ], [ 72.999532564591178, 18.22132161811075 ], [ 72.998959350692189, 18.221315634416221 ], [ 72.998956219462414, 18.221589524969215 ], [ 72.99981604173702, 18.221598500013211 ], [ 72.99981291179526, 18.221872390701972 ], [ 73.000099519778388, 18.22187538157544 ], [ 73.000090130964992, 18.222697053735804 ], [ 73.000376740346681, 18.222700044325371 ], [ 73.000367352379584, 18.223521716554764 ], [ 73.000653963159905, 18.223524706860385 ], [ 73.00064457603925, 18.224346379158803 ], [ 73.000357963915434, 18.224343388709144 ], [ 73.000354834316923, 18.224617279410605 ], [ 73.001214672197534, 18.224626249619529 ], [ 73.001211543887337, 18.224900140456651 ], [ 73.001498157072476, 18.224903129718246 ], [ 73.00149190118222, 18.225450911463483 ], [ 73.001778515318293, 18.22545390039301 ], [ 73.001775387738235, 18.225727791301111 ], [ 73.002062002377357, 18.225730779850579 ], [ 73.002055747947452, 18.226278561737711 ], [ 73.002342363537551, 18.226281549955068 ], [ 73.002336109782718, 18.226829331904813 ], [ 73.002049493296823, 18.226826343591519 ], [ 73.002043238425443, 18.227374125411981 ], [ 73.001756621098892, 18.227371136574661 ] ], [ [ 72.99979100065616, 18.223789625289971 ], [ 73.000364222946757, 18.223795607281225 ], [ 73.000367352379584, 18.223521716554764 ], [ 72.999794130984625, 18.223515734659543 ], [ 72.99979100065616, 18.223789625289971 ] ], [ [ 72.999507520370003, 18.22351274306995 ], [ 72.999794130984625, 18.223515734659543 ], [ 72.999797261257839, 18.223241844020794 ], [ 72.999510651091015, 18.223238852479227 ], [ 72.999507520370003, 18.22351274306995 ] ], [ [ 72.999516912367312, 18.222691071272759 ], [ 72.999803521638526, 18.222694062718269 ], [ 72.999806651746013, 18.222420172054509 ], [ 72.999520042922583, 18.222417180657033 ], [ 72.999516912367312, 18.222691071272759 ] ], [ [ 72.998108927645617, 18.220484984388431 ], [ 72.998395533058456, 18.220487977589283 ], [ 72.998398664962622, 18.220214087099055 ], [ 72.99811205999751, 18.220211093946268 ], [ 72.998108927645617, 18.220484984388431 ] ] ] ] } },
{ "type": "Feature", "properties": { "patch_id": 3298, "area_m2": 125956.67667858588, "area_ha_site": 12.595667667858589, "area_km2": 0.12595667667858587, "site_size_class": "Medium", "centroid_x": 323646.50672586384, "centroid_y": 2072511.5249723722, "area_rank": 40, "village": "Warap", "subdistric": "Pen", "vlcode": "553971", "population": 999.0, "multihazard_priority_100": 76.037626633076798, "recommendation_rank": 1, "recommendation_status": "Weak Candidate", "area_ha": 12.595667667858589, "required_area_ha": 9.99, "estimated_capacity_people": 1259.5667667858588, "capacity_ratio": 1.2608275943802389, "distance_km": 24.240337982896619, "site_flood": 48.816169738769531, "site_landslide": 21.952732086181641, "site_slope_deg": 1.7800312042236328, "site_road_dist_m": 1722.1956787109375, "final_feasibility_score": 38.278046194140373, "recommendation_reason": "12.6 ha available; capacity ratio 1.3x; 24.2 km from habitation; flood score 48.8; landslide score 22.0; mean slope 1.8°" }, "geometry": { "type": "MultiPolygon", "coordinates": [ [ [ [ 73.32767092928907, 18.734026182089213 ], [ 73.327668233236281, 18.734300108511643 ], [ 73.327955746938997, 18.734302676956613 ], [ 73.327953051302501, 18.734576603410936 ], [ 73.327665537136781, 18.734574034925693 ], [ 73.32766014479769, 18.735121887728649 ], [ 73.328235175027885, 18.735127024419047 ], [ 73.328245955815248, 18.734031318457465 ], [ 73.32767092928907, 18.734026182089213 ] ] ], [ [ [ 73.328525385016846, 18.734855665584401 ], [ 73.328522690213006, 18.735129592102485 ], [ 73.328235175027885, 18.735127024419047 ], [ 73.32823247971433, 18.735400950888497 ], [ 73.328519995362484, 18.735403518612195 ], [ 73.328517300465279, 18.735677445113513 ], [ 73.328804816623119, 18.73568001243628 ], [ 73.328812899785632, 18.734858232786411 ], [ 73.328525385016846, 18.734855665584401 ] ] ], [ [ [ 73.329086944745384, 18.73623043245636 ], [ 73.329084250634281, 18.73650435901304 ], [ 73.329371768274584, 18.73650692557414 ], [ 73.32937446192264, 18.736232998977222 ], [ 73.329086944745384, 18.73623043245636 ] ] ], [ [ [ 73.329371768274584, 18.73650692557414 ], [ 73.329369074579873, 18.736780852162685 ], [ 73.329656592729904, 18.736783418322805 ], [ 73.329659285961554, 18.736509491694033 ], [ 73.329371768274584, 18.73650692557414 ] ] ], [ [ [ 73.325625943308481, 18.737295304035154 ], [ 73.326488498855937, 18.737303018641146 ], [ 73.326485800390415, 18.737576944801852 ], [ 73.3270608385819, 18.737582085746972 ], [ 73.327058140995831, 18.737856011979886 ], [ 73.327345660624744, 18.737858581830881 ], [ 73.327342963455052, 18.738132508095703 ], [ 73.327630483593779, 18.738135077545735 ], [ 73.327627786840495, 18.738409003842463 ], [ 73.327915307489022, 18.738411572891515 ], [ 73.327909914768583, 18.738959425540369 ], [ 73.32819743639007, 18.738961994228699 ], [ 73.32820552401131, 18.738140215122055 ], [ 73.328493044290113, 18.738142783248335 ], [ 73.328495739607405, 18.737868856822434 ], [ 73.328783259469787, 18.737871424467215 ], [ 73.328785954277279, 18.737597497992677 ], [ 73.328498434878, 18.737594930388152 ], [ 73.328503825279171, 18.737047077494442 ], [ 73.328216306852724, 18.737044509529198 ], [ 73.328221697993328, 18.73649665668248 ], [ 73.328796733040619, 18.736501792010724 ], [ 73.328799427614797, 18.736227865494296 ], [ 73.329086944745384, 18.73623043245636 ], [ 73.329089638809847, 18.735956505891302 ], [ 73.32793957241968, 18.735946235556842 ], [ 73.327942268289618, 18.735672309144423 ], [ 73.328229784354107, 18.735674877349563 ], [ 73.32823247971433, 18.735400950888497 ], [ 73.327657448558114, 18.73539581411756 ], [ 73.32766014479769, 18.735121887728649 ], [ 73.327085114754311, 18.735116749273562 ], [ 73.327079720376332, 18.735664601881872 ], [ 73.326504688667697, 18.735659461500909 ], [ 73.326507386806099, 18.735385535281537 ], [ 73.32593235621043, 18.735380393216445 ], [ 73.325935055228143, 18.735106467069308 ], [ 73.325360025745496, 18.735101323320155 ], [ 73.325357325801747, 18.735375249386646 ], [ 73.325644840982719, 18.735377821522132 ], [ 73.325639441881009, 18.735925673710614 ], [ 73.324776893700232, 18.7359179557386 ], [ 73.324774192690114, 18.73619188169927 ], [ 73.323911643541237, 18.736184159635478 ], [ 73.323906238602333, 18.736732011289533 ], [ 73.324193755864599, 18.736734585832718 ], [ 73.324191053788027, 18.737008511687538 ], [ 73.325053607244783, 18.737016232790879 ], [ 73.325056307932186, 18.736742306815014 ], [ 73.32534382538158, 18.736744879593353 ], [ 73.325341125157266, 18.737018805609555 ], [ 73.325628643116502, 18.737021377987013 ], [ 73.325625943308481, 18.737295304035154 ] ], [ [ 73.325346525559141, 18.736470953568769 ], [ 73.32563404259227, 18.736473525865577 ], [ 73.325631342877756, 18.736747451930484 ], [ 73.32534382538158, 18.736744879593353 ], [ 73.325346525559141, 18.736470953568769 ] ] ], [ [ [ 73.329656592729904, 18.736783418322805 ], [ 73.329648512755114, 18.737605198158843 ], [ 73.329936032341024, 18.737607763998419 ], [ 73.329944110926576, 18.736785984041713 ], [ 73.329656592729904, 18.736783418322805 ] ] ], [ [ [ 73.32907616802099, 18.73732613863281 ], [ 73.32908155647651, 18.736778285561346 ], [ 73.328794038419787, 18.736775718518789 ], [ 73.328785954277279, 18.737597497992677 ], [ 73.329073473723227, 18.737600065155966 ], [ 73.329065390550014, 18.73842184467517 ], [ 73.328777869714756, 18.738419277391142 ], [ 73.328775174767244, 18.738693203840537 ], [ 73.329637738802347, 18.738700904489558 ], [ 73.32964043236052, 18.738426977919449 ], [ 73.32935291143194, 18.73842441151794 ], [ 73.329355605406562, 18.73815048497968 ], [ 73.329643125872025, 18.738153051340955 ], [ 73.329648512755114, 18.737605198158843 ], [ 73.329360993215843, 18.737602631878023 ], [ 73.329363687050517, 18.737328705314624 ], [ 73.32907616802099, 18.73732613863281 ] ] ] ] } }
]
}
